Customer ID,churn,purchased_in_prediction,observation_start,observation_end,prediction_start,prediction_end,obs_first_purchase,obs_last_purchase,obs_n_invoices,obs_n_lines,obs_n_unique_products,obs_quantity_sum,obs_monetary,country
12346,0,True,2010-01-01,2010-12-31,2011-01-01,2011-06-30,2010-01-04 09:24:00,2010-06-28 13:53:00,6,28,25,44,259.36,United Kingdom
12347,0,True,2010-01-01,2010-12-31,2011-01-01,2011-06-30,2010-10-31 14:20:00,2010-12-07 14:57:00,2,71,70,828,1323.32,Iceland
12348,0,True,2010-01-01,2010-12-31,2011-01-01,2011-06-30,2010-09-27 14:59:00,2010-12-16 19:09:00,2,37,21,1627,1114.96,Finland
12349,1,False,2010-01-01,2010-12-31,2011-01-01,2011-06-30,2010-04-29 13:20:00,2010-10-28 08:23:00,3,102,90,993,2671.14,Italy
12351,1,False,2010-01-01,2010-12-31,2011-01-01,2011-06-30,2010-11-29 15:23:00,2010-11-29 15:23:00,1,21,21,261,300.93,Unspecified
12352,0,True,2010-01-01,2010-12-31,2011-01-01,2011-06-30,2010-11-12 10:20:00,2010-11-29 10:07:00,2,18,18,188,343.8,Norway
12353,0,True,2010-01-01,2010-12-31,2011-01-01,2011-06-30,2010-10-27 12:44:00,2010-10-27 12:44:00,1,20,20,192,317.76,Bahrain
12355,0,True,2010-01-01,2010-12-31,2011-01-01,2011-06-30,2010-05-21 11:59:00,2010-05-21 11:59:00,1,22,22,303,488.21000000000004,Bahrain
12356,0,True,2010-01-01,2010-12-31,2011-01-01,2011-06-30,2010-10-11 09:42:00,2010-11-24 12:24:00,3,83,68,1825,3560.3,Portugal
12357,1,False,2010-01-01,2010-12-31,2011-01-01,2011-06-30,2010-11-16 10:05:00,2010-11-16 14:29:00,2,165,165,3879,12079.99,Switzerland
12358,1,False,2010-01-01,2010-12-31,2011-01-01,2011-06-30,2010-06-07 12:28:00,2010-11-29 10:56:00,2,41,40,522,1289.18,Austria
12359,0,True,2010-01-01,2010-12-31,2011-01-01,2011-06-30,2010-03-08 10:15:00,2010-10-10 11:16:00,4,83,78,521,1724.47,Cyprus
12360,0,True,2010-01-01,2010-12-31,2011-01-01,2011-06-30,2010-02-22 09:32:00,2010-11-25 11:04:00,5,88,74,1294,1590.83,Austria
12361,0,True,2010-01-01,2010-12-31,2011-01-01,2011-06-30,2010-01-26 14:37:00,2010-09-03 15:19:00,3,19,14,144,321.35,Belgium
12366,1,False,2010-01-01,2010-12-31,2011-01-01,2011-06-30,2010-03-16 10:28:00,2010-03-16 10:28:00,1,3,3,296,500.24,Cyprus
12368,1,False,2010-01-01,2010-12-31,2011-01-01,2011-06-30,2010-03-21 15:56:00,2010-03-21 15:56:00,1,18,18,330,917.6999999999999,Cyprus
12369,1,False,2010-01-01,2010-12-31,2011-01-01,2011-06-30,2010-03-08 08:09:00,2010-10-22 13:13:00,3,93,90,1241,1791.15,Austria
12370,0,True,2010-01-01,2010-12-31,2011-01-01,2011-06-30,2010-02-09 09:41:00,2010-12-17 09:38:00,5,125,115,1219,2638.89,Cyprus
12371,1,False,2010-01-01,2010-12-31,2011-01-01,2011-06-30,2010-03-04 18:23:00,2010-10-26 13:37:00,3,104,91,845,2179.42,Switzerland
12373,0,True,2010-01-01,2010-12-31,2011-01-01,2011-06-30,2010-02-04 12:08:00,2010-03-25 13:49:00,2,37,31,319,763.0500000000001,Austria
12374,1,False,2010-01-01,2010-12-31,2011-01-01,2011-06-30,2010-04-30 14:01:00,2010-10-14 13:31:00,3,50,47,1020,2246.29,Austria
12376,1,False,2010-01-01,2010-12-31,2011-01-01,2011-06-30,2010-10-18 08:42:00,2010-11-15 12:15:00,2,13,11,240,503.15,Switzerland
12377,0,True,2010-01-01,2010-12-31,2011-01-01,2011-06-30,2010-04-29 15:34:00,2010-12-20 09:37:00,3,118,107,1765,2799.72,Switzerland
12378,1,False,2010-01-01,2010-12-31,2011-01-01,2011-06-30,2010-05-26 14:07:00,2010-05-26 14:07:00,1,82,82,787,1407.7,Switzerland
12379,0,True,2010-01-01,2010-12-31,2011-01-01,2011-06-30,2010-06-23 12:49:00,2010-10-13 14:46:00,2,41,37,408,767.98,Belgium
12380,0,True,2010-01-01,2010-12-31,2011-01-01,2011-06-30,2010-02-15 12:05:00,2010-08-31 14:54:00,7,173,119,2228,6951.49,Belgium
12383,0,True,2010-01-01,2010-12-31,2011-01-01,2011-06-30,2010-12-22 14:28:00,2010-12-22 14:28:00,1,37,37,754,600.72,Belgium
12385,1,False,2010-01-01,2010-12-31,2011-01-01,2011-06-30,2010-11-25 15:14:00,2010-11-25 15:14:00,1,65,65,612,1938.4,Belgium
12386,0,True,2010-01-01,2010-12-31,2011-01-01,2011-06-30,2010-12-08 09:53:00,2010-12-08 09:53:00,1,8,8,214,258.9,Australia
12387,1,False,2010-01-01,2010-12-31,2011-01-01,2011-06-30,2010-10-20 16:27:00,2010-10-20 16:27:00,1,9,9,134,143.94,Australia
12388,0,True,2010-01-01,2010-12-31,2011-01-01,2011-06-30,2010-05-06 12:54:00,2010-09-20 12:41:00,2,46,36,539,1120.45,Australia
12389,1,False,2010-01-01,2010-12-31,2011-01-01,2011-06-30,2010-02-22 10:15:00,2010-11-02 11:52:00,3,49,41,614,1433.33,Australia
12391,1,False,2010-01-01,2010-12-31,2011-01-01,2011-06-30,2010-02-15 10:12:00,2010-09-01 12:38:00,5,174,159,911,2285.18,Cyprus
12392,1,False,2010-01-01,2010-12-31,2011-01-01,2011-06-30,2010-04-27 14:04:00,2010-04-27 14:04:00,1,7,7,73,234.75000000000003,Australia
12393,0,True,2010-01-01,2010-12-31,2011-01-01,2011-06-30,2010-10-07 13:49:00,2010-11-22 16:10:00,2,43,38,495,816.85,Australia
12395,0,True,2010-01-01,2010-12-31,2011-01-01,2011-06-30,2010-04-16 10:16:00,2010-12-17 16:00:00,5,117,94,1840,2382.46,Belgium
12396,1,False,2010-01-01,2010-12-31,2011-01-01,2011-06-30,2010-02-03 13:22:00,2010-02-03 13:22:00,1,65,65,591,931.43,RSA
12399,0,True,2010-01-01,2010-12-31,2011-01-01,2011-06-30,2010-03-05 08:45:00,2010-11-19 08:53:00,3,51,40,1020,853.65,Belgium
12400,1,False,2010-01-01,2010-12-31,2011-01-01,2011-06-30,2010-10-21 13:45:00,2010-10-21 13:45:00,1,11,11,91,205.25,Australia
12402,0,True,2010-01-01,2010-12-31,2011-01-01,2011-06-30,2010-02-07 12:41:00,2010-11-12 09:50:00,5,59,40,490,1031.3,Belgium
12403,1,False,2010-01-01,2010-12-31,2011-01-01,2011-06-30,2010-07-06 11:39:00,2010-07-06 11:39:00,1,4,4,164,591.6600000000001,Denmark
12404,1,False,2010-01-01,2010-12-31,2011-01-01,2011-06-30,2010-01-26 16:25:00,2010-01-26 16:25:00,1,1,1,1,63.24,Finland
12406,0,True,2010-01-01,2010-12-31,2011-01-01,2011-06-30,2010-01-11 14:04:00,2010-11-05 11:42:00,3,61,44,1598,2975.06,Denmark
12408,0,True,2010-01-01,2010-12-31,2011-01-01,2011-06-30,2010-07-29 13:27:00,2010-11-19 13:21:00,3,54,41,820,1452.22,Belgium
12409,0,True,2010-01-01,2010-12-31,2011-01-01,2011-06-30,2010-05-23 15:21:00,2010-10-15 10:24:00,4,155,125,7592,12346.619999999999,Switzerland
12410,0,True,2010-01-01,2010-12-31,2011-01-01,2011-06-30,2010-07-25 13:26:00,2010-07-25 13:26:00,1,14,14,130,320.38,Switzerland
12411,1,False,2010-01-01,2010-12-31,2011-01-01,2011-06-30,2010-10-26 09:25:00,2010-10-26 09:25:00,1,22,22,138,346.9,Australia
12412,0,True,2010-01-01,2010-12-31,2011-01-01,2011-06-30,2010-06-18 13:22:00,2010-11-02 17:02:00,3,66,50,1168,1370.05,Denmark
12413,0,True,2010-01-01,2010-12-31,2011-01-01,2011-06-30,2010-11-02 13:26:00,2010-11-02 13:26:00,1,13,13,33,241.35,Spain
12414,0,True,2010-01-01,2010-12-31,2011-01-01,2011-06-30,2010-09-02 12:22:00,2010-09-02 13:47:00,3,10,9,195,390.0,Austria
12415,0,True,2010-01-01,2010-12-31,2011-01-01,2011-06-30,2010-06-30 08:30:00,2010-11-29 15:07:00,7,212,169,14073,19543.84,Australia
12416,1,False,2010-01-01,2010-12-31,2011-01-01,2011-06-30,2010-02-21 10:19:00,2010-02-21 10:19:00,1,11,11,132,202.56,Australia
12417,0,True,2010-01-01,2010-12-31,2011-01-01,2011-06-30,2010-01-08 10:43:00,2010-12-17 11:51:00,10,169,136,1240,3122.05,Belgium
12418,1,False,2010-01-01,2010-12-31,2011-01-01,2011-06-30,2010-03-19 14:47:00,2010-10-22 10:29:00,3,68,61,681,1352.62,Switzerland
12419,1,False,2010-01-01,2010-12-31,2011-01-01,2011-06-30,2010-10-22 10:40:00,2010-11-19 10:04:00,2,25,23,231,503.01,Spain
12421,0,True,2010-01-01,2010-12-31,2011-01-01,2011-06-30,2010-07-22 13:57:00,2010-10-20 14:28:00,2,20,18,168,291.56,Spain
12422,0,True,2010-01-01,2010-12-31,2011-01-01,2011-06-30,2010-02-14 11:15:00,2010-11-10 13:19:00,13,128,106,2166,4353.24,Switzerland
12423,0,True,2010-01-01,2010-12-31,2011-01-01,2011-06-30,2010-08-31 09:31:00,2010-12-21 10:54:00,3,56,51,642,1001.01,Belgium
12424,0,True,2010-01-01,2010-12-31,2011-01-01,2011-06-30,2010-06-09 15:15:00,2010-10-13 10:29:00,2,62,59,1285,1579.07,Australia
12425,1,False,2010-01-01,2010-12-31,2011-01-01,2011-06-30,2010-09-17 14:10:00,2010-09-17 14:10:00,1,55,55,651,964.21,Portugal
12426,0,True,2010-01-01,2010-12-31,2011-01-01,2011-06-30,2010-02-15 08:41:00,2010-02-15 08:41:00,1,47,47,326,762.48,Germany
12427,1,False,2010-01-01,2010-12-31,2011-01-01,2011-06-30,2010-12-03 10:44:00,2010-12-03 10:44:00,1,10,10,79,303.5,Germany
12429,0,True,2010-01-01,2010-12-31,2011-01-01,2011-06-30,2010-06-11 13:28:00,2010-12-09 12:05:00,5,76,70,1787,3735.51,Denmark
12431,0,True,2010-01-01,2010-12-31,2011-01-01,2011-06-30,2010-01-15 09:04:00,2010-12-17 14:10:00,14,179,133,1947,4718.72,Australia
12433,1,False,2010-01-01,2010-12-31,2011-01-01,2011-06-30,2010-08-20 09:23:00,2010-12-08 16:49:00,5,286,163,6045,7205.39,Norway
12434,0,True,2010-01-01,2010-12-31,2011-01-01,2011-06-30,2010-11-23 13:38:00,2010-11-23 13:38:00,1,20,20,138,297.29,Australia
12435,0,True,2010-01-01,2010-12-31,2011-01-01,2011-06-30,2010-03-12 14:50:00,2010-11-08 10:07:00,3,75,67,2423,5088.04,Denmark
12437,0,True,2010-01-01,2010-12-31,2011-01-01,2011-06-30,2010-01-19 14:16:00,2010-11-09 14:46:00,20,337,207,4815,7153.71,France
12439,1,False,2010-01-01,2010-12-31,2011-01-01,2011-06-30,2010-01-26 12:11:00,2010-01-26 12:11:00,1,4,4,32,76.52000000000001,Cyprus
12440,1,False,2010-01-01,2010-12-31,2011-01-01,2011-06-30,2010-09-03 13:11:00,2010-09-03 13:11:00,1,11,11,76,290.69,Austria
12441,1,False,2010-01-01,2010-12-31,2011-01-01,2011-06-30,2010-12-08 10:45:00,2010-12-08 10:45:00,1,11,11,121,173.55,France
12445,1,False,2010-01-01,2010-12-31,2011-01-01,2011-06-30,2010-10-15 12:28:00,2010-10-15 12:28:00,1,20,20,144,301.58000000000004,Spain
12449,0,True,2010-01-01,2010-12-31,2011-01-01,2011-06-30,2010-09-27 09:37:00,2010-10-25 12:21:00,2,10,10,729,768.6,Denmark
12450,0,True,2010-01-01,2010-12-31,2011-01-01,2011-06-30,2010-08-22 13:11:00,2010-11-05 16:27:00,3,29,25,314,490.32,Spain
12451,0,True,2010-01-01,2010-12-31,2011-01-01,2011-06-30,2010-06-28 12:58:00,2010-09-02 15:38:00,3,157,147,2784,3634.36,Switzerland
12454,1,False,2010-01-01,2010-12-31,2011-01-01,2011-06-30,2010-10-14 17:33:00,2010-11-09 10:09:00,4,25,9,6697,13151.44,Spain
12455,0,True,2010-01-01,2010-12-31,2011-01-01,2011-06-30,2010-03-23 10:30:00,2010-09-20 14:39:00,3,48,43,696,1776.6599999999999,Cyprus
12457,0,True,2010-01-01,2010-12-31,2011-01-01,2011-06-30,2010-09-30 17:59:00,2010-09-30 17:59:00,1,22,22,251,632.68,Switzerland
12458,0,True,2010-01-01,2010-12-31,2011-01-01,2011-06-30,2010-08-09 10:33:00,2010-10-08 11:36:00,2,46,44,480,830.09,Switzerland
12459,1,False,2010-01-01,2010-12-31,2011-01-01,2011-06-30,2010-04-13 14:53:00,2010-04-13 14:53:00,1,23,23,258,454.36,Spain
12460,1,False,2010-01-01,2010-12-31,2011-01-01,2011-06-30,2010-09-09 13:51:00,2010-09-09 13:51:00,1,18,18,170,326.65,Belgium
12466,1,False,2010-01-01,2010-12-31,2011-01-01,2011-06-30,2010-01-26 16:26:00,2010-01-26 16:26:00,1,1,1,1,56.73,France
12467,1,False,2010-01-01,2010-12-31,2011-01-01,2011-06-30,2010-10-12 15:41:00,2010-10-12 15:41:00,1,9,9,129,132.8,USA
12468,0,True,2010-01-01,2010-12-31,2011-01-01,2011-06-30,2010-01-26 10:09:00,2010-07-01 10:28:00,3,112,102,1835,2941.2,Germany
12469,1,False,2010-01-01,2010-12-31,2011-01-01,2011-06-30,2010-06-21 10:30:00,2010-07-05 12:40:00,2,76,76,2552,3070.54,Thailand
12470,1,False,2010-01-01,2010-12-31,2011-01-01,2011-06-30,2010-01-19 11:01:00,2010-01-19 11:01:00,1,23,23,95,211.95,Unspecified
12471,0,True,2010-01-01,2010-12-31,2011-01-01,2011-06-30,2010-01-11 08:51:00,2010-12-17 11:53:00,46,631,154,8756,20687.28,Germany
12472,0,True,2010-01-01,2010-12-31,2011-01-01,2011-06-30,2010-02-08 10:34:00,2010-12-05 14:19:00,12,507,285,6299,10022.05,Germany
12474,0,True,2010-01-01,2010-12-31,2011-01-01,2011-06-30,2010-02-11 09:41:00,2010-11-26 12:19:00,13,286,197,3107,5048.66,Germany
12475,1,False,2010-01-01,2010-12-31,2011-01-01,2011-06-30,2010-10-26 08:49:00,2010-10-26 08:49:00,1,25,25,236,426.26,Germany
12476,0,True,2010-01-01,2010-12-31,2011-01-01,2011-06-30,2010-07-26 09:04:00,2010-12-13 14:39:00,13,283,225,3225,7279.9400000000005,Germany
12477,0,True,2010-01-01,2010-12-31,2011-01-01,2011-06-30,2010-03-26 14:01:00,2010-11-05 09:35:00,3,264,209,2466,7056.63,Germany
12480,0,True,2010-01-01,2010-12-31,2011-01-01,2011-06-30,2010-07-20 13:21:00,2010-11-05 15:08:00,3,88,79,1245,2183.2200000000003,Germany
12481,0,True,2010-01-01,2010-12-31,2011-01-01,2011-06-30,2010-04-11 13:10:00,2010-12-20 15:15:00,7,186,144,4183,7397.03,Germany
12482,1,False,2010-01-01,2010-12-31,2011-01-01,2011-06-30,2010-02-24 10:24:00,2010-05-12 16:51:00,29,204,42,27042,23691.4,Sweden
12483,0,True,2010-01-01,2010-12-31,2011-01-01,2011-06-30,2010-01-31 13:28:00,2010-11-26 12:35:00,11,63,35,1050,2612.2000000000003,Sweden
12484,0,True,2010-01-01,2010-12-31,2011-01-01,2011-06-30,2010-01-27 16:41:00,2010-08-13 13:45:00,6,128,110,1079,1826.78,Spain
12485,1,False,2010-01-01,2010-12-31,2011-01-01,2011-06-30,2010-06-28 15:22:00,2010-06-28 15:22:00,1,34,34,414,708.1,Sweden
12486,1,False,2010-01-01,2010-12-31,2011-01-01,2011-06-30,2010-10-04 12:14:00,2010-10-04 12:14:00,1,49,49,523,1037.28,Sweden
12490,0,True,2010-01-01,2010-12-31,2011-01-01,2011-06-30,2010-01-31 13:05:00,2010-11-26 14:16:00,10,196,110,2400,3801.77,France
12492,1,False,2010-01-01,2010-12-31,2011-01-01,2011-06-30,2010-11-01 14:58:00,2010-11-01 14:58:00,1,22,22,252,452.0,Germany
12494,0,True,2010-01-01,2010-12-31,2011-01-01,2011-06-30,2010-05-12 13:52:00,2010-12-16 11:24:00,4,35,29,284,631.72,France
12495,1,False,2010-01-01,2010-12-31,2011-01-01,2011-06-30,2010-03-09 10:53:00,2010-03-09 10:53:00,1,17,17,130,357.4,Sweden
12496,1,False,2010-01-01,2010-12-31,2011-01-01,2011-06-30,2010-03-29 13:57:00,2010-03-29 14:06:00,2,10,10,30,45.34,Spain
12497,1,False,2010-01-01,2010-12-31,2011-01-01,2011-06-30,2010-03-05 09:39:00,2010-11-04 12:31:00,2,43,30,4449,5205.400000000001,Germany
12499,1,False,2010-01-01,2010-12-31,2011-01-01,2011-06-30,2010-05-28 15:12:00,2010-05-28 15:12:00,1,27,27,302,393.72,Germany
12500,0,True,2010-01-01,2010-12-31,2011-01-01,2011-06-30,2010-02-04 15:05:00,2010-09-30 18:45:00,8,85,61,699,1697.39,Germany
12503,1,False,2010-01-01,2010-12-31,2011-01-01,2011-06-30,2010-05-04 13:59:00,2010-05-04 13:59:00,1,2,2,561,1126.0,Spain
12504,1,False,2010-01-01,2010-12-31,2011-01-01,2011-06-30,2010-04-22 10:24:00,2010-10-18 15:09:00,2,11,8,368,297.0,Germany
12505,1,False,2010-01-01,2010-12-31,2011-01-01,2011-06-30,2010-10-27 09:18:00,2010-10-27 09:18:00,1,42,42,324,955.2,Italy
12507,0,True,2010-01-01,2010-12-31,2011-01-01,2011-06-30,2010-05-04 09:23:00,2010-05-04 09:23:00,1,28,28,362,539.25,Spain
12510,0,True,2010-01-01,2010-12-31,2011-01-01,2011-06-30,2010-01-11 11:57:00,2010-09-06 14:27:00,6,95,77,1192,3759.57,Spain
12511,1,False,2010-01-01,2010-12-31,2011-01-01,2011-06-30,2010-10-07 10:39:00,2010-10-07 10:39:00,1,190,190,1753,3084.02,Greece
12514,0,True,2010-01-01,2010-12-31,2011-01-01,2011-06-30,2010-03-08 12:18:00,2010-03-08 12:18:00,1,33,33,400,580.08,Italy
12515,1,False,2010-01-01,2010-12-31,2011-01-01,2011-06-30,2010-12-21 15:43:00,2010-12-21 15:43:00,1,16,16,131,383.7,Italy
12516,0,True,2010-01-01,2010-12-31,2011-01-01,2011-06-30,2010-04-19 14:14:00,2010-10-05 09:43:00,2,48,38,1077,1336.56,Germany
12519,1,False,2010-01-01,2010-12-31,2011-01-01,2011-06-30,2010-08-20 08:21:00,2010-08-20 08:21:00,1,22,22,212,385.7,Germany
12523,0,True,2010-01-01,2010-12-31,2011-01-01,2011-06-30,2010-02-09 12:38:00,2010-11-30 12:31:00,11,139,103,1336,2488.02,France
12524,0,True,2010-01-01,2010-12-31,2011-01-01,2011-06-30,2010-02-08 14:41:00,2010-11-16 09:08:00,9,96,65,3479,6640.39,Germany
12525,1,False,2010-01-01,2010-12-31,2011-01-01,2011-06-30,2010-03-02 14:01:00,2010-07-29 16:08:00,3,60,56,509,973.73,France
12527,0,True,2010-01-01,2010-12-31,2011-01-01,2011-06-30,2010-06-28 15:37:00,2010-08-02 12:23:00,2,14,13,292,386.8,Germany
12529,1,False,2010-01-01,2010-12-31,2011-01-01,2011-06-30,2010-06-29 13:10:00,2010-06-29 13:10:00,1,21,21,192,316.48,France
12530,0,True,2010-01-01,2010-12-31,2011-01-01,2011-06-30,2010-03-07 14:37:00,2010-10-20 15:15:00,5,92,66,1800,2096.98,Germany
12531,1,False,2010-01-01,2010-12-31,2011-01-01,2011-06-30,2010-01-22 14:17:00,2010-01-22 14:17:00,1,110,110,1074,1807.98,Germany
12533,1,False,2010-01-01,2010-12-31,2011-01-01,2011-06-30,2010-03-22 10:56:00,2010-03-22 10:56:00,1,28,28,220,437.96999999999997,Germany
12537,1,False,2010-01-01,2010-12-31,2011-01-01,2011-06-30,2010-10-27 08:36:00,2010-10-27 08:36:00,1,43,43,449,732.94,Sweden
12538,1,False,2010-01-01,2010-12-31,2011-01-01,2011-06-30,2010-11-26 13:02:00,2010-11-26 13:02:00,1,13,13,145,276.5,Spain
12539,0,True,2010-01-01,2010-12-31,2011-01-01,2011-06-30,2010-09-15 09:50:00,2010-09-15 09:50:00,1,24,24,340,497.34000000000003,Spain
12540,0,True,2010-01-01,2010-12-31,2011-01-01,2011-06-30,2010-01-10 11:27:00,2010-12-13 09:39:00,16,306,169,4563,9322.66,Spain
12542,1,False,2010-01-01,2010-12-31,2011-01-01,2011-06-30,2010-03-09 16:26:00,2010-08-12 19:12:00,2,39,39,522,481.88,Spain
12543,1,False,2010-01-01,2010-12-31,2011-01-01,2011-06-30,2010-09-17 15:51:00,2010-09-17 15:51:00,1,43,43,688,980.25,Spain
12547,0,True,2010-01-01,2010-12-31,2011-01-01,2011-06-30,2010-07-27 13:55:00,2010-07-27 13:55:00,1,13,13,175,175.78,Spain
12549,1,False,2010-01-01,2010-12-31,2011-01-01,2011-06-30,2010-01-11 12:29:00,2010-05-13 12:05:00,6,49,38,1366,1575.68,USA
12551,1,False,2010-01-01,2010-12-31,2011-01-01,2011-06-30,2010-12-17 11:23:00,2010-12-17 11:23:00,1,10,10,100,168.0,Spain
12553,0,True,2010-01-01,2010-12-31,2011-01-01,2011-06-30,2010-10-12 13:35:00,2010-11-19 12:18:00,2,47,39,360,916.47,France
12554,1,False,2010-01-01,2010-12-31,2011-01-01,2011-06-30,2010-09-17 12:29:00,2010-09-17 12:29:00,1,26,26,240,468.5,Spain
12555,1,False,2010-01-01,2010-12-31,2011-01-01,2011-06-30,2010-01-26 16:26:00,2010-01-26 16:26:00,1,1,1,1,129.23,Spain
12557,0,True,2010-01-01,2010-12-31,2011-01-01,2011-06-30,2010-06-11 15:07:00,2010-12-03 12:20:00,3,22,15,1822,4772.54,Spain
12562,0,True,2010-01-01,2010-12-31,2011-01-01,2011-06-30,2010-09-30 13:13:00,2010-11-19 09:35:00,2,39,33,548,1185.18,France
12563,1,False,2010-01-01,2010-12-31,2011-01-01,2011-06-30,2010-10-27 09:52:00,2010-10-27 09:52:00,1,13,13,113,249.24,Italy
12567,0,True,2010-01-01,2010-12-31,2011-01-01,2011-06-30,2010-02-11 10:30:00,2010-12-07 10:36:00,7,193,146,1781,4308.58,France
12568,1,False,2010-01-01,2010-12-31,2011-01-01,2011-06-30,2010-03-05 09:15:00,2010-03-05 09:15:00,1,5,5,48,70.0,Germany
12570,1,False,2010-01-01,2010-12-31,2011-01-01,2011-06-30,2010-01-26 17:28:00,2010-01-26 17:28:00,1,1,1,1,77.52,Spain
12573,0,True,2010-01-01,2010-12-31,2011-01-01,2011-06-30,2010-08-31 17:25:00,2010-11-23 13:01:00,4,91,83,395,556.87,France
12575,1,False,2010-01-01,2010-12-31,2011-01-01,2011-06-30,2010-07-01 09:15:00,2010-09-08 13:09:00,2,38,34,315,622.8199999999999,France
12576,0,True,2010-01-01,2010-12-31,2011-01-01,2011-06-30,2010-07-01 13:46:00,2010-11-12 12:44:00,3,54,51,527,826.89,Poland
12577,1,False,2010-01-01,2010-12-31,2011-01-01,2011-06-30,2010-10-26 12:22:00,2010-12-15 16:21:00,5,206,182,777,975.84,France
12578,0,True,2010-01-01,2010-12-31,2011-01-01,2011-06-30,2010-09-22 11:19:00,2010-11-19 17:21:00,2,58,53,1184,1847.94,Italy
12580,0,True,2010-01-01,2010-12-31,2011-01-01,2011-06-30,2010-05-12 11:45:00,2010-05-12 11:45:00,1,34,34,331,637.2,Germany
12582,0,True,2010-01-01,2010-12-31,2011-01-01,2011-06-30,2010-05-11 09:55:00,2010-10-13 10:52:00,2,81,79,685,1469.04,Finland
12583,0,True,2010-01-01,2010-12-31,2011-01-01,2011-06-30,2010-02-25 11:45:00,2010-12-01 08:45:00,12,196,81,3536,6348.62,France
12585,0,True,2010-01-01,2010-12-31,2011-01-01,2011-06-30,2010-12-23 12:58:00,2010-12-23 12:58:00,1,65,65,872,1262.85,Germany
12586,1,False,2010-01-01,2010-12-31,2011-01-01,2011-06-30,2010-10-21 09:48:00,2010-11-30 10:47:00,2,64,60,451,1443.38,Italy
12588,1,False,2010-01-01,2010-12-31,2011-01-01,2011-06-30,2010-04-21 12:22:00,2010-11-05 12:53:00,3,36,27,385,743.88,Finland
12589,1,False,2010-01-01,2010-12-31,2011-01-01,2011-06-30,2010-01-19 12:26:00,2010-10-14 11:54:00,6,145,100,1458,4048.98,France
12591,0,True,2010-01-01,2010-12-31,2011-01-01,2011-06-30,2010-10-27 10:42:00,2010-11-14 14:32:00,2,42,38,425,886.1,Italy
12592,0,True,2010-01-01,2010-12-31,2011-01-01,2011-06-30,2010-07-08 14:06:00,2010-07-08 14:26:00,3,63,32,1585,2145.06,Germany
12594,0,True,2010-01-01,2010-12-31,2011-01-01,2011-06-30,2010-03-03 13:51:00,2010-11-26 12:17:00,5,81,60,991,1751.89,Italy
12595,1,False,2010-01-01,2010-12-31,2011-01-01,2011-06-30,2010-07-23 09:10:00,2010-07-23 09:10:00,1,19,19,271,299.02,Germany
12598,0,True,2010-01-01,2010-12-31,2011-01-01,2011-06-30,2010-03-01 09:58:00,2010-09-02 14:22:00,3,74,69,942,1511.01,France
12599,0,True,2010-01-01,2010-12-31,2011-01-01,2011-06-30,2010-05-11 10:42:00,2010-11-23 15:49:00,6,71,37,1233,1264.14,France
12600,0,True,2010-01-01,2010-12-31,2011-01-01,2011-06-30,2010-01-12 10:36:00,2010-12-17 09:24:00,11,64,31,581,2209.29,Germany
12601,0,True,2010-01-01,2010-12-31,2011-01-01,2011-06-30,2010-10-31 10:57:00,2010-10-31 10:57:00,1,6,6,45,104.19999999999999,Germany
12605,1,False,2010-01-01,2010-12-31,2011-01-01,2011-06-30,2010-09-07 14:21:00,2010-11-28 14:18:00,4,76,63,929,1232.95,Germany
12606,1,False,2010-01-01,2010-12-31,2011-01-01,2011-06-30,2010-01-26 16:23:00,2010-01-26 16:23:00,1,1,1,1,21.0,Spain
12608,1,False,2010-01-01,2010-12-31,2011-01-01,2011-06-30,2010-10-31 10:49:00,2010-10-31 10:49:00,1,16,16,323,415.79,United Kingdom
12609,0,True,2010-01-01,2010-12-31,2011-01-01,2011-06-30,2010-04-01 08:43:00,2010-11-30 14:48:00,5,98,77,771,1978.41,Germany
12613,0,True,2010-01-01,2010-12-31,2011-01-01,2011-06-30,2010-04-09 14:01:00,2010-11-16 17:17:00,4,111,87,1616,2139.88,Germany
12615,0,True,2010-01-01,2010-12-31,2011-01-01,2011-06-30,2010-03-18 14:09:00,2010-10-22 09:45:00,4,165,147,1941,3449.79,France
12616,0,True,2010-01-01,2010-12-31,2011-01-01,2011-06-30,2010-11-16 11:38:00,2010-11-16 11:38:00,1,22,22,214,417.8,France
12619,0,True,2010-01-01,2010-12-31,2011-01-01,2011-06-30,2010-05-28 12:52:00,2010-05-28 12:52:00,1,10,10,140,140.14,Germany
12621,0,True,2010-01-01,2010-12-31,2011-01-01,2011-06-30,2010-02-09 12:01:00,2010-12-17 12:38:00,17,321,170,6821,12005.18,Germany
12623,0,True,2010-01-01,2010-12-31,2011-01-01,2011-06-30,2010-01-12 11:45:00,2010-10-19 09:35:00,6,155,109,1780,3442.7400000000002,Germany
12625,0,True,2010-01-01,2010-12-31,2011-01-01,2011-06-30,2010-04-22 11:33:00,2010-07-18 15:56:00,2,97,85,1697,2481.06,Germany
12629,1,False,2010-01-01,2010-12-31,2011-01-01,2011-06-30,2010-10-12 16:40:00,2010-11-19 09:18:00,2,45,40,722,1558.22,Sweden
12631,1,False,2010-01-01,2010-12-31,2011-01-01,2011-06-30,2010-01-15 14:50:00,2010-09-09 14:50:00,5,152,105,1371,2841.07,Finland
12632,1,False,2010-01-01,2010-12-31,2011-01-01,2011-06-30,2010-05-24 09:07:00,2010-07-07 09:39:00,2,35,32,694,804.88,Germany
12633,0,True,2010-01-01,2010-12-31,2011-01-01,2011-06-30,2010-07-02 11:44:00,2010-11-22 13:09:00,3,205,182,2076,3514.18,Germany
12634,1,False,2010-01-01,2010-12-31,2011-01-01,2011-06-30,2010-06-09 15:41:00,2010-06-22 10:05:00,2,20,20,337,490.0,USA
12635,1,False,2010-01-01,2010-12-31,2011-01-01,2011-06-30,2010-09-09 10:50:00,2010-11-12 15:46:00,2,78,77,777,1241.23,Germany
12637,0,True,2010-01-01,2010-12-31,2011-01-01,2011-06-30,2010-06-14 13:36:00,2010-11-26 13:50:00,4,232,162,1263,2280.91,France
12638,1,False,2010-01-01,2010-12-31,2011-01-01,2011-06-30,2010-03-10 10:30:00,2010-03-10 10:30:00,1,9,9,86,249.8,Sweden
12639,0,True,2010-01-01,2010-12-31,2011-01-01,2011-06-30,2010-03-22 09:05:00,2010-10-01 12:17:00,2,42,39,430,826.27,Sweden
12643,0,True,2010-01-01,2010-12-31,2011-01-01,2011-06-30,2010-04-07 14:16:00,2010-11-19 12:42:00,6,27,14,2857,4960.18,France
12644,1,False,2010-01-01,2010-12-31,2011-01-01,2011-06-30,2010-01-14 13:02:00,2010-10-05 10:23:00,3,80,76,707,1440.58,Germany
12645,0,True,2010-01-01,2010-12-31,2011-01-01,2011-06-30,2010-02-09 10:49:00,2010-10-26 18:44:00,4,87,72,1041,1764.12,Germany
12647,0,True,2010-01-01,2010-12-31,2011-01-01,2011-06-30,2010-01-13 15:06:00,2010-12-17 12:21:00,28,440,219,5530,14426.33,Germany
12648,1,False,2010-01-01,2010-12-31,2011-01-01,2011-06-30,2010-01-07 18:38:00,2010-09-28 10:35:00,3,44,32,358,793.95,Germany
12649,0,True,2010-01-01,2010-12-31,2011-01-01,2011-06-30,2010-01-12 17:24:00,2010-11-22 12:57:00,5,87,75,1373,1671.1399999999999,Germany
12651,0,True,2010-01-01,2010-12-31,2011-01-01,2011-06-30,2010-08-31 15:21:00,2010-11-26 11:58:00,3,21,21,187,263.75,France
12652,0,True,2010-01-01,2010-12-31,2011-01-01,2011-06-30,2010-10-01 15:16:00,2010-10-01 15:16:00,1,3,3,31,97.05000000000001,Germany
12653,0,True,2010-01-01,2010-12-31,2011-01-01,2011-06-30,2010-07-01 09:56:00,2010-07-01 09:56:00,1,43,43,762,1950.98,Israel
12655,1,False,2010-01-01,2010-12-31,2011-01-01,2011-06-30,2010-10-12 09:17:00,2010-10-12 09:17:00,1,16,16,80,261.35,France
12656,0,True,2010-01-01,2010-12-31,2011-01-01,2011-06-30,2010-05-26 09:00:00,2010-10-10 10:43:00,3,121,108,1137,2356.66,France
12661,1,False,2010-01-01,2010-12-31,2011-01-01,2011-06-30,2010-09-29 16:46:00,2010-09-29 16:46:00,1,11,11,216,162.0,Sweden
12662,0,True,2010-01-01,2010-12-31,2011-01-01,2011-06-30,2010-04-01 09:50:00,2010-12-01 13:04:00,10,176,94,1523,3138.2400000000002,Germany
12663,1,False,2010-01-01,2010-12-31,2011-01-01,2011-06-30,2010-02-09 14:28:00,2010-03-25 09:40:00,2,10,9,181,239.4,Germany
12664,0,True,2010-01-01,2010-12-31,2011-01-01,2011-06-30,2010-07-13 13:28:00,2010-07-13 13:28:00,1,4,4,158,639.08,Finland
12665,0,True,2010-01-01,2010-12-31,2011-01-01,2011-06-30,2010-02-08 15:11:00,2010-10-18 11:34:00,2,14,13,128,250.6,Germany
12666,1,False,2010-01-01,2010-12-31,2011-01-01,2011-06-30,2010-11-10 16:40:00,2010-11-10 16:40:00,1,31,31,370,1248.42,Israel
12668,0,True,2010-01-01,2010-12-31,2011-01-01,2011-06-30,2010-01-31 15:45:00,2010-12-19 12:46:00,7,399,234,3752,8045.75,Germany
12670,0,True,2010-01-01,2010-12-31,2011-01-01,2011-06-30,2010-02-11 10:13:00,2010-11-19 10:05:00,2,23,21,230,764.24,France
12671,1,False,2010-01-01,2010-12-31,2011-01-01,2011-06-30,2010-04-12 16:30:00,2010-04-12 16:30:00,1,45,45,1460,2622.481,Germany
12672,0,True,2010-01-01,2010-12-31,2011-01-01,2011-06-30,2010-04-23 09:57:00,2010-04-23 09:57:00,1,12,12,60,211.15,France
12673,0,True,2010-01-01,2010-12-31,2011-01-01,2011-06-30,2010-11-03 10:46:00,2010-11-03 10:46:00,1,32,32,349,619.5,Germany
12675,1,False,2010-01-01,2010-12-31,2011-01-01,2011-06-30,2010-05-10 16:44:00,2010-06-04 09:49:00,2,112,111,336,957.25,Italy
12676,0,True,2010-01-01,2010-12-31,2011-01-01,2011-06-30,2010-08-13 13:29:00,2010-10-27 09:36:00,5,62,47,1197,1511.7,Sweden
12677,1,False,2010-01-01,2010-12-31,2011-01-01,2011-06-30,2010-02-11 13:55:00,2010-06-02 14:30:00,2,21,13,176,395.1,France
12678,0,True,2010-01-01,2010-12-31,2011-01-01,2011-06-30,2010-01-07 16:46:00,2010-12-21 14:26:00,11,216,142,11475,16874.0,France
12681,0,True,2010-01-01,2010-12-31,2011-01-01,2011-06-30,2010-01-08 13:19:00,2010-12-20 14:10:00,24,828,342,10014,17150.79,France
12682,0,True,2010-01-01,2010-12-31,2011-01-01,2011-06-30,2010-01-13 10:43:00,2010-12-09 14:49:00,20,470,196,5028,10672.74,France
12683,0,True,2010-01-01,2010-12-31,2011-01-01,2011-06-30,2010-02-09 11:11:00,2010-12-09 12:17:00,6,136,106,1776,2986.85,France
12686,1,False,2010-01-01,2010-12-31,2011-01-01,2011-06-30,2010-12-03 09:51:00,2010-12-03 09:51:00,1,7,7,107,89.14,France
12687,1,False,2010-01-01,2010-12-31,2011-01-01,2011-06-30,2010-08-16 12:10:00,2010-08-16 12:12:00,2,126,126,1403,2138.91,Sweden
12691,0,True,2010-01-01,2010-12-31,2011-01-01,2011-06-30,2010-10-15 12:00:00,2010-12-17 14:46:00,2,12,9,116,314.6,France
12692,1,False,2010-01-01,2010-12-31,2011-01-01,2011-06-30,2010-03-12 14:02:00,2010-03-12 14:02:00,1,13,13,36,110.95,France
12693,0,True,2010-01-01,2010-12-31,2011-01-01,2011-06-30,2010-07-05 13:56:00,2010-11-08 14:57:00,3,40,35,281,847.11,Germany
12694,0,True,2010-01-01,2010-12-31,2011-01-01,2011-06-30,2010-10-14 19:39:00,2010-10-14 19:39:00,1,46,46,846,973.68,France
12695,0,True,2010-01-01,2010-12-31,2011-01-01,2011-06-30,2010-02-12 13:22:00,2010-06-29 16:12:00,3,32,28,234,825.02,France
12696,1,False,2010-01-01,2010-12-31,2011-01-01,2011-06-30,2010-07-19 10:02:00,2010-10-01 10:43:00,2,49,43,564,851.91,Finland
12698,1,False,2010-01-01,2010-12-31,2011-01-01,2011-06-30,2010-04-28 15:51:00,2010-04-28 15:51:00,1,16,16,111,339.75,Germany
12699,1,False,2010-01-01,2010-12-31,2011-01-01,2011-06-30,2010-10-18 12:07:00,2010-10-18 12:07:00,1,41,41,373,638.11,Germany
12701,0,True,2010-01-01,2010-12-31,2011-01-01,2011-06-30,2010-03-16 13:23:00,2010-06-28 13:44:00,4,94,80,1049,1648.7,Germany
12703,1,False,2010-01-01,2010-12-31,2011-01-01,2011-06-30,2010-01-24 12:05:00,2010-03-16 13:22:00,3,53,44,431,722.98,Germany
12705,0,True,2010-01-01,2010-12-31,2011-01-01,2011-06-30,2010-06-24 09:51:00,2010-12-17 15:58:00,6,295,212,3588,5751.81,Germany
12708,0,True,2010-01-01,2010-12-31,2011-01-01,2011-06-30,2010-01-22 12:24:00,2010-12-06 10:43:00,8,139,74,1122,2395.7200000000003,Germany
12709,0,True,2010-01-01,2010-12-31,2011-01-01,2011-06-30,2010-01-26 12:38:00,2010-12-17 12:02:00,19,279,152,9769,20488.25,Germany
12711,1,False,2010-01-01,2010-12-31,2011-01-01,2011-06-30,2010-02-01 11:30:00,2010-04-07 11:59:00,2,60,56,770,1339.05,Germany
12712,0,True,2010-01-01,2010-12-31,2011-01-01,2011-06-30,2010-02-05 09:14:00,2010-12-09 11:39:00,9,122,87,1091,2463.73,Germany
12714,0,True,2010-01-01,2010-12-31,2011-01-01,2011-06-30,2010-01-08 16:29:00,2010-11-16 18:10:00,6,408,307,5467,8702.2,France
12717,0,True,2010-01-01,2010-12-31,2011-01-01,2011-06-30,2010-04-28 14:34:00,2010-04-28 14:34:00,1,16,16,94,277.93,Greece
12720,0,True,2010-01-01,2010-12-31,2011-01-01,2011-06-30,2010-07-21 09:46:00,2010-12-17 12:56:00,7,170,135,1869,2662.68,Germany
12721,0,True,2010-01-01,2010-12-31,2011-01-01,2011-06-30,2010-08-25 11:07:00,2010-12-20 11:38:00,3,93,83,825,1643.55,France
12724,0,True,2010-01-01,2010-12-31,2011-01-01,2011-06-30,2010-06-22 14:00:00,2010-11-21 13:26:00,3,76,66,934,1286.11,France
12725,1,False,2010-01-01,2010-12-31,2011-01-01,2011-06-30,2010-05-04 13:59:00,2010-12-03 15:45:00,4,106,92,1142,2266.76,Italy
12726,0,True,2010-01-01,2010-12-31,2011-01-01,2011-06-30,2010-03-25 16:25:00,2010-12-17 12:56:00,5,61,32,1808,1575.78,France
12727,0,True,2010-01-01,2010-12-31,2011-01-01,2011-06-30,2010-02-23 09:54:00,2010-09-23 10:45:00,3,64,44,734,1698.8300000000002,France
12728,0,True,2010-01-01,2010-12-31,2011-01-01,2011-06-30,2010-11-21 11:34:00,2010-11-21 11:34:00,1,15,15,124,233.84,France
12730,1,False,2010-01-01,2010-12-31,2011-01-01,2011-06-30,2010-07-06 12:19:00,2010-07-06 12:19:00,1,47,47,234,829.25,Germany
12731,0,True,2010-01-01,2010-12-31,2011-01-01,2011-06-30,2010-03-02 09:23:00,2010-12-10 10:56:00,6,135,73,3622,7951.7,France
12733,0,True,2010-01-01,2010-12-31,2011-01-01,2011-06-30,2010-01-19 13:23:00,2010-11-15 13:56:00,3,135,106,759,2040.92,USA
12734,1,False,2010-01-01,2010-12-31,2011-01-01,2011-06-30,2010-11-12 13:26:00,2010-12-22 12:47:00,3,19,17,265,639.65,France
12737,1,False,2010-01-01,2010-12-31,2011-01-01,2011-06-30,2010-07-29 12:27:00,2010-07-29 12:29:00,2,2,2,2,3710.5,France
12738,1,False,2010-01-01,2010-12-31,2011-01-01,2011-06-30,2010-12-02 18:27:00,2010-12-02 18:27:00,1,11,11,148,155.35,Germany
12739,1,False,2010-01-01,2010-12-31,2011-01-01,2011-06-30,2010-11-10 14:27:00,2010-11-19 09:42:00,2,51,51,465,1713.69,United Arab Emirates
12741,1,False,2010-01-01,2010-12-31,2011-01-01,2011-06-30,2010-06-24 16:24:00,2010-06-28 14:36:00,2,16,16,214,406.07,USA
12742,1,False,2010-01-01,2010-12-31,2011-01-01,2011-06-30,2010-03-24 12:43:00,2010-03-24 12:43:00,1,67,67,1359,1201.52,United Arab Emirates
12744,0,True,2010-01-01,2010-12-31,2011-01-01,2011-06-30,2010-04-27 16:19:00,2010-09-06 10:24:00,4,117,110,1753,4037.77,Singapore
12745,1,False,2010-01-01,2010-12-31,2011-01-01,2011-06-30,2010-01-26 16:22:00,2010-08-10 10:14:00,3,23,21,468,925.41,United Kingdom
12746,1,False,2010-01-01,2010-12-31,2011-01-01,2011-06-30,2010-06-17 10:41:00,2010-06-17 10:41:00,1,17,17,97,254.55,United Kingdom
12747,0,True,2010-01-01,2010-12-31,2011-01-01,2011-06-30,2010-02-10 14:28:00,2010-12-13 10:41:00,14,136,59,1374,4376.74,United Kingdom
12748,0,True,2010-01-01,2010-12-31,2011-01-01,2011-06-30,2010-01-14 14:41:00,2010-12-23 15:32:00,155,2746,1388,13802,22840.24,United Kingdom
12749,0,True,2010-01-01,2010-12-31,2011-01-01,2011-06-30,2010-07-06 15:05:00,2010-11-05 13:56:00,4,139,121,889,2806.48,United Kingdom
12751,1,False,2010-01-01,2010-12-31,2011-01-01,2011-06-30,2010-09-21 12:49:00,2010-09-21 12:49:00,1,62,61,189,268.27,Brazil
12753,0,True,2010-01-01,2010-12-31,2011-01-01,2011-06-30,2010-12-12 11:44:00,2010-12-12 11:44:00,1,48,48,2409,3590.59,Japan
12755,0,True,2010-01-01,2010-12-31,2011-01-01,2011-06-30,2010-01-15 11:57:00,2010-12-09 10:44:00,10,60,31,2290,5218.709999999999,Japan
12758,0,True,2010-01-01,2010-12-31,2011-01-01,2011-06-30,2010-03-24 10:28:00,2010-09-06 13:02:00,4,137,101,2617,4656.97,Portugal
12759,0,True,2010-01-01,2010-12-31,2011-01-01,2011-06-30,2010-05-24 10:44:00,2010-11-18 19:14:00,4,185,135,2019,2981.04,Netherlands
12760,1,False,2010-01-01,2010-12-31,2011-01-01,2011-06-30,2010-09-10 08:50:00,2010-09-10 08:50:00,1,21,21,198,347.8,Netherlands
12761,1,False,2010-01-01,2010-12-31,2011-01-01,2011-06-30,2010-09-01 10:47:00,2010-09-08 12:17:00,2,27,27,281,782.95,Netherlands
12763,1,False,2010-01-01,2010-12-31,2011-01-01,2011-06-30,2010-12-05 15:46:00,2010-12-05 15:46:00,1,16,16,196,320.08,Japan
12765,1,False,2010-01-01,2010-12-31,2011-01-01,2011-06-30,2010-03-08 09:43:00,2010-08-24 13:51:00,6,68,49,1009,1404.58,Netherlands
12766,0,True,2010-01-01,2010-12-31,2011-01-01,2011-06-30,2010-10-28 09:29:00,2010-12-08 13:53:00,3,145,132,1800,3078.65,Portugal
12767,1,False,2010-01-01,2010-12-31,2011-01-01,2011-06-30,2010-11-29 09:38:00,2010-11-29 09:38:00,1,43,43,598,949.82,Korea
12768,1,False,2010-01-01,2010-12-31,2011-01-01,2011-06-30,2010-09-15 12:08:00,2010-09-15 12:08:00,1,10,10,102,168.69000000000003,Korea
12770,0,True,2010-01-01,2010-12-31,2011-01-01,2011-06-30,2010-09-09 11:43:00,2010-09-09 11:43:00,1,16,16,1100,1895.0,Japan
12771,1,False,2010-01-01,2010-12-31,2011-01-01,2011-06-30,2010-08-11 11:51:00,2010-08-11 11:51:00,1,15,15,104,282.3,Portugal
12773,1,False,2010-01-01,2010-12-31,2011-01-01,2011-06-30,2010-05-24 17:30:00,2010-05-24 17:30:00,1,6,6,109,124.25,Portugal
12774,1,False,2010-01-01,2010-12-31,2011-01-01,2011-06-30,2010-06-22 10:38:00,2010-06-22 10:38:00,1,6,6,53,98.7,Netherlands
12775,0,True,2010-01-01,2010-12-31,2011-01-01,2011-06-30,2010-10-26 14:24:00,2010-11-16 15:14:00,2,15,13,206,300.08,Netherlands
12776,1,False,2010-01-01,2010-12-31,2011-01-01,2011-06-30,2010-02-10 12:11:00,2010-02-10 12:11:00,1,4,4,46,55.5,Portugal
12777,1,False,2010-01-01,2010-12-31,2011-01-01,2011-06-30,2010-09-08 11:35:00,2010-09-08 11:35:00,1,26,26,458,519.45,United Kingdom
12778,0,True,2010-01-01,2010-12-31,2011-01-01,2011-06-30,2010-04-16 09:57:00,2010-11-08 10:51:00,3,64,55,910,953.45,Netherlands
12779,0,True,2010-01-01,2010-12-31,2011-01-01,2011-06-30,2010-03-01 09:56:00,2010-12-03 13:40:00,6,106,69,1351,2369.09,Poland
12780,1,False,2010-01-01,2010-12-31,2011-01-01,2011-06-30,2010-04-20 09:40:00,2010-04-20 09:40:00,1,20,20,285,337.4,Netherlands
12782,0,True,2010-01-01,2010-12-31,2011-01-01,2011-06-30,2010-07-08 13:31:00,2010-12-17 11:30:00,7,146,103,1124,2750.82,Portugal
12784,1,False,2010-01-01,2010-12-31,2011-01-01,2011-06-30,2010-06-28 13:06:00,2010-06-28 13:06:00,1,72,72,582,1230.33,Portugal
12785,1,False,2010-01-01,2010-12-31,2011-01-01,2011-06-30,2010-06-22 12:16:00,2010-12-10 13:48:00,2,37,32,281,733.5,Portugal
12786,1,False,2010-01-01,2010-12-31,2011-01-01,2011-06-30,2010-04-09 12:12:00,2010-04-09 12:12:00,1,18,18,324,728.5,Netherlands
12787,0,True,2010-01-01,2010-12-31,2011-01-01,2011-06-30,2010-10-22 14:57:00,2010-10-22 14:57:00,1,24,24,249,398.52,Netherlands
12788,1,False,2010-01-01,2010-12-31,2011-01-01,2011-06-30,2010-06-29 13:05:00,2010-09-02 14:21:00,4,26,20,194,444.9,Netherlands
12789,1,False,2010-01-01,2010-12-31,2011-01-01,2011-06-30,2010-01-15 12:06:00,2010-07-15 12:43:00,2,4,2,32,181.5,Netherlands
12790,0,True,2010-01-01,2010-12-31,2011-01-01,2011-06-30,2010-10-25 13:04:00,2010-10-25 13:04:00,1,16,16,140,266.93,Netherlands
12791,1,False,2010-01-01,2010-12-31,2011-01-01,2011-06-30,2010-03-25 17:29:00,2010-12-01 11:27:00,6,28,17,353,863.51,Netherlands
12792,0,True,2010-01-01,2010-12-31,2011-01-01,2011-06-30,2010-06-23 10:49:00,2010-06-23 10:49:00,1,22,22,177,426.47,Portugal
12793,0,True,2010-01-01,2010-12-31,2011-01-01,2011-06-30,2010-11-03 13:05:00,2010-12-03 15:14:00,2,27,23,231,471.85,Portugal
12796,1,False,2010-01-01,2010-12-31,2011-01-01,2011-06-30,2010-03-21 15:49:00,2010-03-21 15:49:00,1,7,7,182,381.0,Netherlands
12797,1,False,2010-01-01,2010-12-31,2011-01-01,2011-06-30,2010-10-11 12:53:00,2010-12-09 10:55:00,2,30,27,215,552.08,Portugal
12798,0,True,2010-01-01,2010-12-31,2011-01-01,2011-06-30,2010-10-14 12:27:00,2010-10-14 12:27:00,1,25,25,3199,1533.8899999999999,Japan
12799,1,False,2010-01-01,2010-12-31,2011-01-01,2011-06-30,2010-06-28 15:57:00,2010-06-28 15:57:00,1,15,15,137,219.35,Japan
12800,1,False,2010-01-01,2010-12-31,2011-01-01,2011-06-30,2010-02-01 11:02:00,2010-08-26 14:11:00,3,34,31,284,584.25,Portugal
12801,1,False,2010-01-01,2010-12-31,2011-01-01,2011-06-30,2010-07-27 09:38:00,2010-07-27 09:38:00,1,50,50,505,1071.82,Sweden
12802,0,True,2010-01-01,2010-12-31,2011-01-01,2011-06-30,2010-05-25 09:34:00,2010-09-23 10:23:00,6,113,89,1658,1988.84,Netherlands
12803,1,False,2010-01-01,2010-12-31,2011-01-01,2011-06-30,2010-11-11 14:57:00,2010-11-11 14:57:00,1,55,55,872,1092.81,Netherlands
12804,1,False,2010-01-01,2010-12-31,2011-01-01,2011-06-30,2010-07-27 13:52:00,2010-08-31 11:58:00,2,66,60,270,325.37,Netherlands
12805,1,False,2010-01-01,2010-12-31,2011-01-01,2011-06-30,2010-02-03 09:06:00,2010-11-23 12:27:00,4,58,44,593,1434.95,Netherlands
12806,1,False,2010-01-01,2010-12-31,2011-01-01,2011-06-30,2010-04-30 10:44:00,2010-09-30 13:34:00,4,67,58,2087,2878.96,Netherlands
12807,1,False,2010-01-01,2010-12-31,2011-01-01,2011-06-30,2010-11-21 14:21:00,2010-11-21 14:21:00,1,16,16,145,330.35,Sweden
12808,0,True,2010-01-01,2010-12-31,2011-01-01,2011-06-30,2010-09-03 10:24:00,2010-12-06 10:27:00,3,26,26,187,422.45,Portugal
12809,0,True,2010-01-01,2010-12-31,2011-01-01,2011-06-30,2010-03-02 14:19:00,2010-05-23 11:08:00,2,56,52,298,1266.63,Portugal
12810,1,False,2010-01-01,2010-12-31,2011-01-01,2011-06-30,2010-02-01 09:52:00,2010-06-23 10:53:00,2,32,32,389,534.99,Japan
12811,0,True,2010-01-01,2010-12-31,2011-01-01,2011-06-30,2010-10-08 12:20:00,2010-11-26 09:49:00,2,25,23,205,519.05,Portugal
12813,1,False,2010-01-01,2010-12-31,2011-01-01,2011-06-30,2010-01-15 16:52:00,2010-07-26 09:50:00,3,45,37,1141,1687.8,Netherlands
12817,0,True,2010-01-01,2010-12-31,2011-01-01,2011-06-30,2010-10-01 08:57:00,2010-11-05 08:28:00,2,21,16,166,524.94,Austria
12819,1,False,2010-01-01,2010-12-31,2011-01-01,2011-06-30,2010-09-07 15:20:00,2010-09-07 15:20:00,1,19,19,344,540.52,United Kingdom
12820,0,True,2010-01-01,2010-12-31,2011-01-01,2011-06-30,2010-01-13 08:58:00,2010-11-07 14:26:00,6,96,85,1192,1598.8799999999999,United Kingdom
12821,0,True,2010-01-01,2010-12-31,2011-01-01,2011-06-30,2010-04-07 15:14:00,2010-04-07 15:14:00,1,7,7,92,128.07999999999998,United Kingdom
12823,0,True,2010-01-01,2010-12-31,2011-01-01,2011-06-30,2010-01-29 12:52:00,2010-11-10 12:22:00,13,13,1,700,4742.0,United Kingdom
12825,1,False,2010-01-01,2010-12-31,2011-01-01,2011-06-30,2010-03-08 10:17:00,2010-07-06 13:56:00,2,24,20,139,518.63,United Kingdom
12826,0,True,2010-01-01,2010-12-31,2011-01-01,2011-06-30,2010-07-19 14:31:00,2010-12-09 15:21:00,5,67,47,669,1022.83,United Kingdom
12829,0,True,2010-01-01,2010-12-31,2011-01-01,2011-06-30,2010-06-07 15:04:00,2010-12-14 14:54:00,2,13,13,299,178.05,United Kingdom
12831,0,True,2010-01-01,2010-12-31,2011-01-01,2011-06-30,2010-09-02 15:58:00,2010-09-02 16:00:00,2,13,13,168,236.06,United Kingdom
12835,1,False,2010-01-01,2010-12-31,2011-01-01,2011-06-30,2010-01-05 17:19:00,2010-10-08 10:59:00,36,513,117,1939,4956.52,United Kingdom
12836,0,True,2010-01-01,2010-12-31,2011-01-01,2011-06-30,2010-01-21 13:34:00,2010-11-15 16:22:00,10,208,151,1076,3541.4,United Kingdom
12837,0,True,2010-01-01,2010-12-31,2011-01-01,2011-06-30,2010-05-19 15:10:00,2010-05-19 15:10:00,1,76,73,170,528.5600000000001,United Kingdom
12838,1,False,2010-01-01,2010-12-31,2011-01-01,2011-06-30,2010-04-26 09:59:00,2010-12-01 11:57:00,9,295,177,1479,2694.75,United Kingdom
12839,0,True,2010-01-01,2010-12-31,2011-01-01,2011-06-30,2010-01-26 12:53:00,2010-12-17 17:33:00,11,227,97,2557,3845.37,United Kingdom
12840,0,True,2010-01-01,2010-12-31,2011-01-01,2011-06-30,2010-02-03 14:51:00,2010-09-28 17:58:00,3,63,57,747,1315.2,United Kingdom
12841,0,True,2010-01-01,2010-12-31,2011-01-01,2011-06-30,2010-07-08 15:38:00,2010-12-05 12:15:00,17,277,154,2609,3472.61,United Kingdom
12842,0,True,2010-01-01,2010-12-31,2011-01-01,2011-06-30,2010-10-31 10:45:00,2010-10-31 10:45:00,1,11,11,172,401.8,United Kingdom
12843,0,True,2010-01-01,2010-12-31,2011-01-01,2011-06-30,2010-01-27 17:11:00,2010-11-22 13:31:00,21,93,55,2199,4809.31,United Kingdom
12844,1,False,2010-01-01,2010-12-31,2011-01-01,2011-06-30,2010-04-25 11:51:00,2010-09-23 16:23:00,2,51,43,98,322.64,United Kingdom
12846,1,False,2010-01-01,2010-12-31,2011-01-01,2011-06-30,2010-01-26 16:29:00,2010-01-26 16:29:00,1,1,1,1,15.58,United Kingdom
12847,1,False,2010-01-01,2010-12-31,2011-01-01,2011-06-30,2010-11-17 12:44:00,2010-11-17 12:44:00,1,35,34,624,765.36,United Kingdom
12848,1,False,2010-01-01,2010-12-31,2011-01-01,2011-06-30,2010-02-02 12:45:00,2010-02-02 12:45:00,1,16,16,58,208.0,United Kingdom
12849,0,True,2010-01-01,2010-12-31,2011-01-01,2011-06-30,2010-04-27 13:44:00,2010-11-23 11:41:00,4,96,80,1258,2032.18,United Kingdom
12850,1,False,2010-01-01,2010-12-31,2011-01-01,2011-06-30,2010-09-20 12:26:00,2010-09-20 12:26:00,1,2,2,200,330.0,United Kingdom
12851,1,False,2010-01-01,2010-12-31,2011-01-01,2011-06-30,2010-08-19 15:13:00,2010-08-19 15:13:00,1,30,30,51,148.95,United Kingdom
12853,0,True,2010-01-01,2010-12-31,2011-01-01,2011-06-30,2010-02-05 11:57:00,2010-10-08 14:51:00,5,70,58,868,1950.4,United Kingdom
12854,0,True,2010-01-01,2010-12-31,2011-01-01,2011-06-30,2010-02-23 14:40:00,2010-05-27 16:54:00,3,108,91,698,1132.28,United Kingdom
12855,1,False,2010-01-01,2010-12-31,2011-01-01,2011-06-30,2010-11-02 18:16:00,2010-12-02 09:37:00,4,67,65,240,612.84,United Kingdom
12857,0,True,2010-01-01,2010-12-31,2011-01-01,2011-06-30,2010-01-25 15:37:00,2010-09-29 16:49:00,4,75,46,1077,2581.6,United Kingdom
12858,1,False,2010-01-01,2010-12-31,2011-01-01,2011-06-30,2010-11-21 12:55:00,2010-11-21 12:55:00,1,37,36,51,147.27,United Kingdom
12859,1,False,2010-01-01,2010-12-31,2011-01-01,2011-06-30,2010-09-07 12:20:00,2010-09-07 12:20:00,1,21,21,292,575.1,United Kingdom
12860,1,False,2010-01-01,2010-12-31,2011-01-01,2011-06-30,2010-01-15 15:22:00,2010-01-15 15:22:00,1,16,16,26,54.22,United Kingdom
12861,1,False,2010-01-01,2010-12-31,2011-01-01,2011-06-30,2010-03-30 11:39:00,2010-03-30 11:39:00,1,4,4,27,68.25,United Kingdom
12862,1,False,2010-01-01,2010-12-31,2011-01-01,2011-06-30,2010-08-01 15:20:00,2010-10-10 11:47:00,2,131,119,611,984.62,United Kingdom
12863,1,False,2010-01-01,2010-12-31,2011-01-01,2011-06-30,2010-04-29 13:54:00,2010-11-25 17:47:00,5,43,23,707,2271.35,United Kingdom
12864,1,False,2010-01-01,2010-12-31,2011-01-01,2011-06-30,2010-07-19 17:22:00,2010-07-19 17:22:00,1,4,4,231,152.45,United Kingdom
12865,1,False,2010-01-01,2010-12-31,2011-01-01,2011-06-30,2010-08-20 12:20:00,2010-11-26 15:37:00,2,100,93,1048,1755.24,Austria
12866,0,True,2010-01-01,2010-12-31,2011-01-01,2011-06-30,2010-07-25 11:37:00,2010-08-22 15:48:00,2,37,34,382,668.23,Belgium
12867,0,True,2010-01-01,2010-12-31,2011-01-01,2011-06-30,2010-02-14 14:35:00,2010-12-14 16:39:00,6,534,260,3737,3896.22,United Kingdom
12868,0,True,2010-01-01,2010-12-31,2011-01-01,2011-06-30,2010-11-12 10:05:00,2010-12-01 12:50:00,3,39,30,354,640.0,United Kingdom
12869,1,False,2010-01-01,2010-12-31,2011-01-01,2011-06-30,2010-01-27 12:10:00,2010-01-27 12:10:00,1,37,35,144,337.66999999999996,United Kingdom
12870,1,False,2010-01-01,2010-12-31,2011-01-01,2011-06-30,2010-03-25 14:32:00,2010-11-29 13:42:00,3,93,85,906,1676.95,United Kingdom
12871,0,True,2010-01-01,2010-12-31,2011-01-01,2011-06-30,2010-09-26 10:34:00,2010-09-26 10:34:00,1,7,7,284,363.38,United Kingdom
12872,0,True,2010-01-01,2010-12-31,2011-01-01,2011-06-30,2010-01-28 14:19:00,2010-12-09 14:44:00,10,323,186,1299,2655.3,United Kingdom
12873,0,True,2010-01-01,2010-12-31,2011-01-01,2011-06-30,2010-01-27 09:50:00,2010-11-07 11:15:00,2,31,30,658,1653.3,United Kingdom
12874,1,False,2010-01-01,2010-12-31,2011-01-01,2011-06-30,2010-06-03 12:51:00,2010-11-19 15:23:00,2,48,44,623,948.42,Belgium
12875,1,False,2010-01-01,2010-12-31,2011-01-01,2011-06-30,2010-01-11 12:37:00,2010-12-12 12:03:00,4,7,2,4896,1307.52,United Kingdom
12876,0,True,2010-01-01,2010-12-31,2011-01-01,2011-06-30,2010-04-28 13:26:00,2010-11-10 12:21:00,2,85,70,1106,1863.77,Belgium
12877,0,True,2010-01-01,2010-12-31,2011-01-01,2011-06-30,2010-01-18 10:23:00,2010-12-16 12:23:00,9,134,80,1229,1556.43,United Kingdom
12880,1,False,2010-01-01,2010-12-31,2011-01-01,2011-06-30,2010-05-14 11:57:00,2010-11-23 10:50:00,2,36,32,279,640.13,United Kingdom
12887,1,False,2010-01-01,2010-12-31,2011-01-01,2011-06-30,2010-11-21 11:18:00,2010-11-21 11:18:00,1,13,13,100,222.4,United Kingdom
12889,1,False,2010-01-01,2010-12-31,2011-01-01,2011-06-30,2010-07-25 14:32:00,2010-11-23 16:08:00,4,25,25,124,385.46000000000004,United Kingdom
12890,1,False,2010-01-01,2010-12-31,2011-01-01,2011-06-30,2010-11-17 14:05:00,2010-11-17 14:06:00,1,56,56,201,329.3,United Kingdom
12891,0,True,2010-01-01,2010-12-31,2011-01-01,2011-06-30,2010-02-18 14:32:00,2010-09-07 15:31:00,8,8,2,1375,509.5,United Kingdom
12892,1,False,2010-01-01,2010-12-31,2011-01-01,2011-06-30,2010-11-08 09:51:00,2010-11-08 09:51:00,1,18,18,140,263.38,United Kingdom
12894,1,False,2010-01-01,2010-12-31,2011-01-01,2011-06-30,2010-05-13 14:47:00,2010-05-13 14:47:00,1,21,21,33,157.35,United Kingdom
12897,0,True,2010-01-01,2010-12-31,2011-01-01,2011-06-30,2010-06-14 11:58:00,2010-11-23 13:29:00,2,10,9,139,297.75,United Kingdom
12898,1,False,2010-01-01,2010-12-31,2011-01-01,2011-06-30,2010-02-18 12:36:00,2010-09-02 08:08:00,2,27,27,235,296.21000000000004,United Kingdom
12899,1,False,2010-01-01,2010-12-31,2011-01-01,2011-06-30,2010-10-22 09:53:00,2010-10-22 09:53:00,1,17,17,108,366.4,United Kingdom
12900,1,False,2010-01-01,2010-12-31,2011-01-01,2011-06-30,2010-10-13 15:17:00,2010-10-13 15:17:00,1,13,13,139,340.33,United Kingdom
12903,1,False,2010-01-01,2010-12-31,2011-01-01,2011-06-30,2010-10-07 12:39:00,2010-10-07 12:39:00,1,41,41,493,833.53,United Kingdom
12905,1,False,2010-01-01,2010-12-31,2011-01-01,2011-06-30,2010-01-26 14:06:00,2010-05-12 10:05:00,2,54,52,532,1018.42,United Kingdom
12907,1,False,2010-01-01,2010-12-31,2011-01-01,2011-06-30,2010-08-02 14:33:00,2010-11-09 12:08:00,2,25,23,177,508.91,United Kingdom
12908,0,True,2010-01-01,2010-12-31,2011-01-01,2011-06-30,2010-03-19 15:59:00,2010-11-24 09:29:00,3,3,1,1800,1026.0,United Kingdom
12909,0,True,2010-01-01,2010-12-31,2011-01-01,2011-06-30,2010-02-24 12:14:00,2010-10-11 09:44:00,3,67,49,668,924.52,United Kingdom
12910,0,True,2010-01-01,2010-12-31,2011-01-01,2011-06-30,2010-03-28 13:10:00,2010-11-25 12:27:00,5,62,38,1940,2721.48,United Kingdom
12911,1,False,2010-01-01,2010-12-31,2011-01-01,2011-06-30,2010-06-06 12:13:00,2010-06-06 12:13:00,1,236,220,807,1651.72,United Kingdom
12913,0,True,2010-01-01,2010-12-31,2011-01-01,2011-06-30,2010-01-11 10:24:00,2010-12-06 16:36:00,7,39,25,1545,3475.27,United Kingdom
12914,1,False,2010-01-01,2010-12-31,2011-01-01,2011-06-30,2010-11-04 12:28:00,2010-11-04 12:28:00,1,9,9,336,223.98,United Kingdom
12915,1,False,2010-01-01,2010-12-31,2011-01-01,2011-06-30,2010-04-29 19:36:00,2010-12-02 12:33:00,3,51,40,359,811.1,United Kingdom
12916,0,True,2010-01-01,2010-12-31,2011-01-01,2011-06-30,2010-01-24 11:26:00,2010-09-23 11:57:00,3,69,51,598,1534.78,United Kingdom
12917,1,False,2010-01-01,2010-12-31,2011-01-01,2011-06-30,2010-05-10 13:28:00,2010-11-04 15:56:00,4,41,38,662,2212.3,United Kingdom
12918,1,False,2010-01-01,2010-12-31,2011-01-01,2011-06-30,2010-03-23 15:22:00,2010-03-23 15:22:00,1,1,1,1,10953.5,United Kingdom
12920,1,False,2010-01-01,2010-12-31,2011-01-01,2011-06-30,2010-05-17 12:57:00,2010-05-17 12:57:00,1,25,25,234,184.96,United Kingdom
12921,0,True,2010-01-01,2010-12-31,2011-01-01,2011-06-30,2010-01-27 13:19:00,2010-12-08 10:14:00,35,735,193,10643,16890.25,United Kingdom
12923,1,False,2010-01-01,2010-12-31,2011-01-01,2011-06-30,2010-05-13 14:55:00,2010-11-14 13:16:00,2,32,28,162,597.6,United Kingdom
12924,0,True,2010-01-01,2010-12-31,2011-01-01,2011-06-30,2010-03-11 13:21:00,2010-11-11 15:21:00,5,32,27,783,1255.3500000000001,United Kingdom
12925,1,False,2010-01-01,2010-12-31,2011-01-01,2011-06-30,2010-04-26 10:32:00,2010-04-26 10:32:00,1,5,5,108,35.28,United Kingdom
12926,1,False,2010-01-01,2010-12-31,2011-01-01,2011-06-30,2010-03-02 16:33:00,2010-10-24 15:57:00,3,167,150,577,1153.2,United Kingdom
12927,1,False,2010-01-01,2010-12-31,2011-01-01,2011-06-30,2010-11-10 10:02:00,2010-11-10 10:02:00,1,11,11,145,197.31,United Kingdom
12928,0,True,2010-01-01,2010-12-31,2011-01-01,2011-06-30,2010-06-08 10:16:00,2010-12-15 15:45:00,8,112,65,1677,2634.53,United Kingdom
12931,0,True,2010-01-01,2010-12-31,2011-01-01,2011-06-30,2010-01-14 12:30:00,2010-12-17 18:07:00,42,136,21,34247,49199.63,United Kingdom
12932,1,False,2010-01-01,2010-12-31,2011-01-01,2011-06-30,2010-02-10 08:46:00,2010-06-18 14:22:00,8,95,69,1609,1698.56,United Kingdom
12933,0,True,2010-01-01,2010-12-31,2011-01-01,2011-06-30,2010-09-14 15:55:00,2010-11-24 17:11:00,4,156,129,383,873.31,United Kingdom
12935,0,True,2010-01-01,2010-12-31,2011-01-01,2011-06-30,2010-04-11 15:59:00,2010-11-29 13:55:00,8,125,61,1348,2083.16,United Kingdom
12937,0,True,2010-01-01,2010-12-31,2011-01-01,2011-06-30,2010-06-07 14:52:00,2010-09-02 16:01:00,3,69,51,757,1278.77,United Kingdom
12939,0,True,2010-01-01,2010-12-31,2011-01-01,2011-06-30,2010-01-12 11:27:00,2010-11-25 14:50:00,12,39,12,5452,13683.0,United Kingdom
12942,0,True,2010-01-01,2010-12-31,2011-01-01,2011-06-30,2010-12-09 09:34:00,2010-12-09 09:34:00,1,16,16,69,258.75,United Kingdom
12943,1,False,2010-01-01,2010-12-31,2011-01-01,2011-06-30,2010-04-13 11:03:00,2010-05-30 13:52:00,2,25,22,222,496.5,United Kingdom
12944,1,False,2010-01-01,2010-12-31,2011-01-01,2011-06-30,2010-12-20 10:41:00,2010-12-20 10:41:00,1,14,14,145,286.95,United Kingdom
12945,0,True,2010-01-01,2010-12-31,2011-01-01,2011-06-30,2010-02-21 15:18:00,2010-02-21 15:18:00,1,28,28,281,437.16,United Kingdom
12946,1,False,2010-01-01,2010-12-31,2011-01-01,2011-06-30,2010-09-29 10:14:00,2010-09-29 10:14:00,1,20,20,149,324.45,United Kingdom
12947,0,True,2010-01-01,2010-12-31,2011-01-01,2011-06-30,2010-12-01 16:21:00,2010-12-01 16:21:00,1,17,17,184,304.04,United Kingdom
12949,0,True,2010-01-01,2010-12-31,2011-01-01,2011-06-30,2010-01-25 09:12:00,2010-11-22 15:45:00,13,436,248,4956,9564.78,United Kingdom
12951,0,True,2010-01-01,2010-12-31,2011-01-01,2011-06-30,2010-01-10 12:43:00,2010-11-18 12:11:00,9,131,83,1159,2149.65,United Kingdom
12953,1,False,2010-01-01,2010-12-31,2011-01-01,2011-06-30,2010-07-05 13:37:00,2010-07-05 13:37:00,1,31,31,280,498.96000000000004,United Kingdom
12954,1,False,2010-01-01,2010-12-31,2011-01-01,2011-06-30,2010-03-11 10:16:00,2010-03-11 10:16:00,1,10,10,83,162.45,United Kingdom
12956,0,True,2010-01-01,2010-12-31,2011-01-01,2011-06-30,2010-01-24 10:33:00,2010-01-24 10:33:00,1,9,9,136,137.12,United Kingdom
12957,0,True,2010-01-01,2010-12-31,2011-01-01,2011-06-30,2010-03-11 13:43:00,2010-06-16 08:55:00,4,202,182,1512,3581.48,United Kingdom
12958,1,False,2010-01-01,2010-12-31,2011-01-01,2011-06-30,2010-05-05 16:22:00,2010-11-04 16:16:00,2,49,45,118,467.34,United Kingdom
12959,1,False,2010-01-01,2010-12-31,2011-01-01,2011-06-30,2010-08-12 17:20:00,2010-08-12 17:20:00,1,8,8,109,150.95,United Kingdom
12960,1,False,2010-01-01,2010-12-31,2011-01-01,2011-06-30,2010-02-16 13:32:00,2010-10-22 09:31:00,4,70,49,1379,1322.07,United Kingdom
12961,1,False,2010-01-01,2010-12-31,2011-01-01,2011-06-30,2010-11-25 16:44:00,2010-11-25 16:44:00,1,40,37,180,211.99,United Kingdom
12963,1,False,2010-01-01,2010-12-31,2011-01-01,2011-06-30,2010-07-08 14:45:00,2010-12-09 09:14:00,5,95,74,928,1744.96,United Kingdom
12964,1,False,2010-01-01,2010-12-31,2011-01-01,2011-06-30,2010-09-28 17:47:00,2010-09-28 17:47:00,1,26,26,56,132.24,United Kingdom
12967,1,False,2010-01-01,2010-12-31,2011-01-01,2011-06-30,2010-11-21 11:03:00,2010-12-16 19:10:00,3,65,47,912,2938.52,United Kingdom
12969,1,False,2010-01-01,2010-12-31,2011-01-01,2011-06-30,2010-04-16 10:50:00,2010-04-16 10:50:00,1,5,5,55,122.45,United Kingdom
12970,0,True,2010-01-01,2010-12-31,2011-01-01,2011-06-30,2010-11-15 15:54:00,2010-11-24 13:08:00,5,136,117,514,810.14,United Kingdom
12971,0,True,2010-01-01,2010-12-31,2011-01-01,2011-06-30,2010-01-08 13:52:00,2010-12-21 10:51:00,34,122,44,5347,4889.43,United Kingdom
12972,1,False,2010-01-01,2010-12-31,2011-01-01,2011-06-30,2010-02-16 14:30:00,2010-10-22 08:41:00,4,77,69,844,1161.2,United Kingdom
12973,1,False,2010-01-01,2010-12-31,2011-01-01,2011-06-30,2010-10-22 10:14:00,2010-10-22 10:14:00,1,6,6,31,385.55,United Kingdom
12974,0,True,2010-01-01,2010-12-31,2011-01-01,2011-06-30,2010-05-23 11:45:00,2010-05-23 11:45:00,1,24,24,80,264.15,United Kingdom
12975,1,False,2010-01-01,2010-12-31,2011-01-01,2011-06-30,2010-07-08 10:06:00,2010-09-29 09:46:00,5,89,75,796,1658.46,United Kingdom
12976,0,True,2010-01-01,2010-12-31,2011-01-01,2011-06-30,2010-02-12 15:46:00,2010-11-26 14:51:00,7,132,94,2123,2417.7799999999997,United Kingdom
12977,1,False,2010-01-01,2010-12-31,2011-01-01,2011-06-30,2010-07-16 16:25:00,2010-07-26 12:34:00,3,49,45,116,474.64,United Kingdom
12978,1,False,2010-01-01,2010-12-31,2011-01-01,2011-06-30,2010-01-07 12:10:00,2010-11-19 14:29:00,4,106,91,876,1557.24,United Kingdom
12980,0,True,2010-01-01,2010-12-31,2011-01-01,2011-06-30,2010-01-11 14:56:00,2010-12-16 11:36:00,12,32,7,1040,9006.0,United Kingdom
12982,0,True,2010-01-01,2010-12-31,2011-01-01,2011-06-30,2010-04-12 13:50:00,2010-11-10 08:50:00,7,150,117,1441,2354.27,United Kingdom
12983,1,False,2010-01-01,2010-12-31,2011-01-01,2011-06-30,2010-04-20 12:58:00,2010-04-20 12:58:00,1,30,30,638,490.08000000000004,United Kingdom
12986,1,False,2010-01-01,2010-12-31,2011-01-01,2011-06-30,2010-01-21 10:45:00,2010-10-07 11:57:00,10,102,61,1164,2729.84,United Kingdom
12987,0,True,2010-01-01,2010-12-31,2011-01-01,2011-06-30,2010-01-20 09:57:00,2010-10-15 13:48:00,3,38,35,366,753.51,United Kingdom
12989,0,True,2010-01-01,2010-12-31,2011-01-01,2011-06-30,2010-01-28 12:54:00,2010-12-10 13:24:00,18,30,8,3908,6417.04,United Kingdom
12990,0,True,2010-01-01,2010-12-31,2011-01-01,2011-06-30,2010-03-30 11:36:00,2010-10-18 08:56:00,4,14,6,280,546.0,United Kingdom
12991,1,False,2010-01-01,2010-12-31,2011-01-01,2011-06-30,2010-11-15 13:43:00,2010-11-15 13:43:00,1,14,14,78,261.06,United Kingdom
12993,0,True,2010-01-01,2010-12-31,2011-01-01,2011-06-30,2010-02-18 10:35:00,2010-09-20 13:09:00,4,49,44,511,844.87,United Kingdom
12996,1,False,2010-01-01,2010-12-31,2011-01-01,2011-06-30,2010-11-29 09:27:00,2010-11-29 09:27:00,1,22,22,122,355.5,United Kingdom
12997,0,True,2010-01-01,2010-12-31,2011-01-01,2011-06-30,2010-04-06 11:06:00,2010-11-10 12:16:00,4,48,32,522,884.02,United Kingdom
12998,1,False,2010-01-01,2010-12-31,2011-01-01,2011-06-30,2010-02-24 11:55:00,2010-08-04 08:05:00,3,58,58,1124,920.08,United Kingdom
13000,0,True,2010-01-01,2010-12-31,2011-01-01,2011-06-30,2010-12-10 10:26:00,2010-12-10 10:26:00,1,11,11,77,201.75,United Kingdom
13001,0,True,2010-01-01,2010-12-31,2011-01-01,2011-06-30,2010-01-25 12:08:00,2010-10-31 13:14:00,19,595,235,7555,13386.75,United Kingdom
13002,0,True,2010-01-01,2010-12-31,2011-01-01,2011-06-30,2010-10-01 11:58:00,2010-10-19 12:23:00,2,16,14,128,293.18,United Kingdom
13004,0,True,2010-01-01,2010-12-31,2011-01-01,2011-06-30,2010-01-04 14:29:00,2010-12-17 08:20:00,18,415,236,4055,6045.41,United Kingdom
13005,0,True,2010-01-01,2010-12-31,2011-01-01,2011-06-30,2010-09-08 12:52:00,2010-10-04 11:07:00,2,30,27,290,485.98,United Kingdom
13007,1,False,2010-01-01,2010-12-31,2011-01-01,2011-06-30,2010-05-09 10:38:00,2010-05-09 10:38:00,1,11,11,59,175.25,United Kingdom
13008,0,True,2010-01-01,2010-12-31,2011-01-01,2011-06-30,2010-11-07 10:34:00,2010-11-07 10:34:00,1,10,10,129,193.35,United Kingdom
13009,1,False,2010-01-01,2010-12-31,2011-01-01,2011-06-30,2010-02-05 12:22:00,2010-02-05 12:22:00,1,4,4,120,234.0,United Kingdom
13010,1,False,2010-01-01,2010-12-31,2011-01-01,2011-06-30,2010-03-01 11:28:00,2010-11-30 15:09:00,2,12,10,323,330.12,United Kingdom
13011,1,False,2010-01-01,2010-12-31,2011-01-01,2011-06-30,2010-12-02 17:22:00,2010-12-02 17:22:00,1,3,3,13,50.550000000000004,United Kingdom
13012,0,True,2010-01-01,2010-12-31,2011-01-01,2011-06-30,2010-04-26 14:14:00,2010-10-06 10:40:00,3,65,54,739,1310.99,United Kingdom
13013,0,True,2010-01-01,2010-12-31,2011-01-01,2011-06-30,2010-03-09 10:26:00,2010-12-03 12:29:00,17,308,211,3893,7058.320000000001,United Kingdom
13014,0,True,2010-01-01,2010-12-31,2011-01-01,2011-06-30,2010-10-03 11:35:00,2010-10-03 11:35:00,1,115,115,1074,1914.8,United Kingdom
13015,0,True,2010-01-01,2010-12-31,2011-01-01,2011-06-30,2010-04-15 16:35:00,2010-09-27 10:39:00,6,173,156,1918,3240.14,United Kingdom
13018,0,True,2010-01-01,2010-12-31,2011-01-01,2011-06-30,2010-03-01 12:34:00,2010-10-22 13:11:00,7,145,117,1311,2485.46,United Kingdom
13019,1,False,2010-01-01,2010-12-31,2011-01-01,2011-06-30,2010-04-07 14:36:00,2010-11-25 14:56:00,4,36,30,267,784.65,United Kingdom
13020,1,False,2010-01-01,2010-12-31,2011-01-01,2011-06-30,2010-02-18 10:35:00,2010-05-26 11:12:00,2,39,38,278,618.96,United Kingdom
13021,0,True,2010-01-01,2010-12-31,2011-01-01,2011-06-30,2010-03-19 10:27:00,2010-12-16 10:12:00,8,119,81,1066,2194.5,United Kingdom
13022,1,False,2010-01-01,2010-12-31,2011-01-01,2011-06-30,2010-10-06 10:50:00,2010-10-06 10:50:00,1,5,5,35,65.3,Belgium
13023,1,False,2010-01-01,2010-12-31,2011-01-01,2011-06-30,2010-06-29 09:51:00,2010-06-29 09:52:00,1,36,36,299,759.13,United Kingdom
13024,1,False,2010-01-01,2010-12-31,2011-01-01,2011-06-30,2010-05-06 14:25:00,2010-08-26 09:42:00,2,31,26,181,555.87,United Kingdom
13026,0,True,2010-01-01,2010-12-31,2011-01-01,2011-06-30,2010-03-07 15:27:00,2010-08-08 10:43:00,3,19,15,518,421.74,United Kingdom
13027,0,True,2010-01-01,2010-12-31,2011-01-01,2011-06-30,2010-01-20 10:41:00,2010-12-20 12:45:00,14,65,7,29160,11767.2,United Kingdom
13029,1,False,2010-01-01,2010-12-31,2011-01-01,2011-06-30,2010-07-04 13:46:00,2010-12-21 13:53:00,3,8,6,90,1062.3,United Kingdom
13030,1,False,2010-01-01,2010-12-31,2011-01-01,2011-06-30,2010-12-06 14:31:00,2010-12-06 14:31:00,1,57,50,174,402.36,United Kingdom
13031,1,False,2010-01-01,2010-12-31,2011-01-01,2011-06-30,2010-06-03 14:57:00,2010-10-28 15:34:00,5,407,275,2309,3292.84,United Kingdom
13032,1,False,2010-01-01,2010-12-31,2011-01-01,2011-06-30,2010-09-05 14:01:00,2010-11-12 12:49:00,7,136,110,899,1805.78,United Kingdom
13033,1,False,2010-01-01,2010-12-31,2011-01-01,2011-06-30,2010-10-06 09:37:00,2010-12-17 14:23:00,2,13,12,98,220.55,United Kingdom
13034,1,False,2010-01-01,2010-12-31,2011-01-01,2011-06-30,2010-11-03 15:22:00,2010-12-05 14:52:00,2,18,16,153,279.91,United Kingdom
13035,0,True,2010-01-01,2010-12-31,2011-01-01,2011-06-30,2010-10-04 15:41:00,2010-10-04 15:41:00,1,15,15,282,442.32,United Kingdom
13036,1,False,2010-01-01,2010-12-31,2011-01-01,2011-06-30,2010-01-24 11:35:00,2010-01-24 11:35:00,1,6,6,38,307.1,United Kingdom
13037,0,True,2010-01-01,2010-12-31,2011-01-01,2011-06-30,2010-01-18 14:11:00,2010-11-05 10:39:00,8,164,137,1538,2720.69,United Kingdom
13039,1,False,2010-01-01,2010-12-31,2011-01-01,2011-06-30,2010-03-31 15:30:00,2010-05-04 16:45:00,3,47,35,238,847.9300000000001,United Kingdom
13041,1,False,2010-01-01,2010-12-31,2011-01-01,2011-06-30,2010-04-29 08:43:00,2010-09-15 11:44:00,4,35,23,335,799.13,United Kingdom
13042,1,False,2010-01-01,2010-12-31,2011-01-01,2011-06-30,2010-02-02 15:49:00,2010-04-20 13:43:00,2,109,93,371,823.4399999999999,United Kingdom
13044,0,True,2010-01-01,2010-12-31,2011-01-01,2011-06-30,2010-01-08 14:46:00,2010-08-04 16:27:00,10,383,327,2119,4287.58,United Kingdom
13045,1,False,2010-01-01,2010-12-31,2011-01-01,2011-06-30,2010-08-10 13:02:00,2010-11-03 12:49:00,2,27,25,184,503.64,United Kingdom
13046,0,True,2010-01-01,2010-12-31,2011-01-01,2011-06-30,2010-09-09 13:09:00,2010-09-09 13:09:00,1,21,21,241,319.94,United Kingdom
13047,0,True,2010-01-01,2010-12-31,2011-01-01,2011-06-30,2010-01-08 09:23:00,2010-12-01 08:35:00,16,211,114,1800,5251.32,United Kingdom
13048,0,True,2010-01-01,2010-12-31,2011-01-01,2011-06-30,2010-01-27 12:55:00,2010-09-29 13:49:00,5,130,85,1433,2229.72,United Kingdom
13049,0,True,2010-01-01,2010-12-31,2011-01-01,2011-06-30,2010-11-03 15:39:00,2010-11-15 14:44:00,2,12,10,352,751.5600000000001,United Kingdom
13050,0,True,2010-01-01,2010-12-31,2011-01-01,2011-06-30,2010-01-14 14:32:00,2010-12-20 10:38:00,21,631,414,3877,7021.62,United Kingdom
13051,1,False,2010-01-01,2010-12-31,2011-01-01,2011-06-30,2010-03-30 11:11:00,2010-05-10 09:14:00,2,4,4,72,155.8,United Kingdom
13052,0,True,2010-01-01,2010-12-31,2011-01-01,2011-06-30,2010-02-23 12:31:00,2010-10-15 14:47:00,6,230,150,1202,2771.18,United Kingdom
13053,1,False,2010-01-01,2010-12-31,2011-01-01,2011-06-30,2010-03-28 11:28:00,2010-03-28 11:28:00,1,17,17,47,127.65,United Kingdom
13055,0,True,2010-01-01,2010-12-31,2011-01-01,2011-06-30,2010-10-06 08:17:00,2010-10-06 08:17:00,1,78,78,927,1106.7,United Kingdom
13056,1,False,2010-01-01,2010-12-31,2011-01-01,2011-06-30,2010-06-06 14:10:00,2010-06-06 14:10:00,1,19,18,158,209.48,United Kingdom
13057,1,False,2010-01-01,2010-12-31,2011-01-01,2011-06-30,2010-03-18 12:14:00,2010-06-27 15:44:00,3,40,34,456,709.59,United Kingdom
13059,0,True,2010-01-01,2010-12-31,2011-01-01,2011-06-30,2010-03-31 12:23:00,2010-10-22 16:11:00,9,190,152,825,2108.37,United Kingdom
13063,1,False,2010-01-01,2010-12-31,2011-01-01,2011-06-30,2010-08-16 12:27:00,2010-08-16 12:27:00,1,12,12,116,188.4,United Kingdom
13064,0,True,2010-01-01,2010-12-31,2011-01-01,2011-06-30,2010-04-27 10:08:00,2010-06-07 16:28:00,2,25,19,154,561.25,United Kingdom
13065,1,False,2010-01-01,2010-12-31,2011-01-01,2011-06-30,2010-06-10 11:44:00,2010-12-01 16:52:00,5,62,49,381,1055.05,United Kingdom
13067,1,False,2010-01-01,2010-12-31,2011-01-01,2011-06-30,2010-09-19 13:43:00,2010-10-26 12:15:00,2,17,13,99,393.05,United Kingdom
13069,0,True,2010-01-01,2010-12-31,2011-01-01,2011-06-30,2010-06-14 14:27:00,2010-12-13 11:11:00,18,692,447,10045,5497.13,United Kingdom
13070,0,True,2010-01-01,2010-12-31,2011-01-01,2011-06-30,2010-04-29 10:48:00,2010-09-06 12:37:00,2,16,11,186,368.7,United Kingdom
13071,1,False,2010-01-01,2010-12-31,2011-01-01,2011-06-30,2010-04-06 13:37:00,2010-04-06 13:37:00,1,12,12,30,129.22,United Kingdom
13073,1,False,2010-01-01,2010-12-31,2011-01-01,2011-06-30,2010-09-28 09:27:00,2010-10-24 14:06:00,2,27,25,261,418.08,United Kingdom
13074,1,False,2010-01-01,2010-12-31,2011-01-01,2011-06-30,2010-01-19 10:07:00,2010-07-16 16:53:00,3,17,15,676,1065.44,United Kingdom
13076,1,False,2010-01-01,2010-12-31,2011-01-01,2011-06-30,2010-09-08 10:27:00,2010-09-08 10:27:00,1,9,9,44,135.4,United Kingdom
13077,0,True,2010-01-01,2010-12-31,2011-01-01,2011-06-30,2010-04-29 18:18:00,2010-12-08 14:59:00,6,180,114,1572,1687.76,United Kingdom
13078,0,True,2010-01-01,2010-12-31,2011-01-01,2011-06-30,2010-01-08 15:24:00,2010-12-15 09:51:00,29,411,100,5940,14952.25,United Kingdom
13079,1,False,2010-01-01,2010-12-31,2011-01-01,2011-06-30,2010-10-18 14:15:00,2010-10-18 14:15:00,1,11,11,96,199.08,United Kingdom
13080,0,True,2010-01-01,2010-12-31,2011-01-01,2011-06-30,2010-04-09 13:07:00,2010-11-03 14:34:00,3,13,11,73,222.65,United Kingdom
13081,0,True,2010-01-01,2010-12-31,2011-01-01,2011-06-30,2010-01-07 11:52:00,2010-12-03 17:21:00,18,1255,496,20979,28582.19,United Kingdom
13082,0,True,2010-01-01,2010-12-31,2011-01-01,2011-06-30,2010-03-26 11:59:00,2010-10-11 14:19:00,10,52,47,3932,3529.94,United Kingdom
13083,1,False,2010-01-01,2010-12-31,2011-01-01,2011-06-30,2010-10-10 13:38:00,2010-10-10 13:38:00,1,4,4,120,91.67999999999999,United Kingdom
13084,1,False,2010-01-01,2010-12-31,2011-01-01,2011-06-30,2010-08-05 08:49:00,2010-08-05 08:49:00,1,2,2,144,122.39999999999999,United Kingdom
13085,0,True,2010-01-01,2010-12-31,2011-01-01,2011-06-30,2010-01-29 10:06:00,2010-01-29 11:42:00,2,36,20,352,920.4,United Kingdom
13086,1,False,2010-01-01,2010-12-31,2011-01-01,2011-06-30,2010-11-22 10:28:00,2010-11-22 10:28:00,1,47,47,155,439.33000000000004,United Kingdom
13088,1,False,2010-01-01,2010-12-31,2011-01-01,2011-06-30,2010-10-18 15:35:00,2010-10-18 15:35:00,1,20,19,76,236.11,United Kingdom
13089,0,True,2010-01-01,2010-12-31,2011-01-01,2011-06-30,2010-01-10 12:47:00,2010-12-16 10:19:00,109,1542,475,29172,57479.54,United Kingdom
13090,0,True,2010-01-01,2010-12-31,2011-01-01,2011-06-30,2010-08-02 13:58:00,2010-12-09 16:11:00,13,127,92,1181,5189.32,United Kingdom
13092,0,True,2010-01-01,2010-12-31,2011-01-01,2011-06-30,2010-02-10 08:44:00,2010-12-15 12:27:00,8,87,44,416,1847.9,United Kingdom
13093,0,True,2010-01-01,2010-12-31,2011-01-01,2011-06-30,2010-01-11 12:05:00,2010-12-16 09:45:00,47,907,168,22534,48163.82,United Kingdom
13094,0,True,2010-01-01,2010-12-31,2011-01-01,2011-06-30,2010-11-15 14:15:00,2010-12-06 10:34:00,2,8,5,372,505.8,United Kingdom
13096,1,False,2010-01-01,2010-12-31,2011-01-01,2011-06-30,2010-11-10 14:08:00,2010-11-10 14:08:00,1,1,1,6,419.70000000000005,United Kingdom
13097,0,True,2010-01-01,2010-12-31,2011-01-01,2011-06-30,2010-01-26 13:40:00,2010-12-14 15:13:00,16,498,254,2538,6388.05,United Kingdom
13101,0,True,2010-01-01,2010-12-31,2011-01-01,2011-06-30,2010-01-27 15:49:00,2010-07-29 14:45:00,3,43,41,365,594.21,United Kingdom
13102,0,True,2010-01-01,2010-12-31,2011-01-01,2011-06-30,2010-05-06 13:12:00,2010-12-14 13:44:00,15,200,115,2524,5629.93,United Kingdom
13103,1,False,2010-01-01,2010-12-31,2011-01-01,2011-06-30,2010-05-11 14:41:00,2010-09-28 11:48:00,2,25,21,344,465.70000000000005,United Kingdom
13104,0,True,2010-01-01,2010-12-31,2011-01-01,2011-06-30,2010-02-24 15:06:00,2010-12-20 11:58:00,4,11,5,426,712.38,United Kingdom
13105,1,False,2010-01-01,2010-12-31,2011-01-01,2011-06-30,2010-09-29 13:41:00,2010-09-29 13:41:00,1,1,1,100,72.0,United Kingdom
13106,1,False,2010-01-01,2010-12-31,2011-01-01,2011-06-30,2010-10-22 13:10:00,2010-10-22 13:10:00,1,15,15,213,526.96,United Kingdom
13107,0,True,2010-01-01,2010-12-31,2011-01-01,2011-06-30,2010-02-04 10:50:00,2010-10-22 10:35:00,5,120,102,3023,3721.45,United Kingdom
13108,1,False,2010-01-01,2010-12-31,2011-01-01,2011-06-30,2010-09-30 17:09:00,2010-12-02 10:35:00,2,35,27,745,748.46,United Kingdom
13109,1,False,2010-01-01,2010-12-31,2011-01-01,2011-06-30,2010-06-06 12:59:00,2010-06-06 12:59:00,1,23,23,237,347.49,United Kingdom
13110,0,True,2010-01-01,2010-12-31,2011-01-01,2011-06-30,2010-01-18 14:14:00,2010-09-28 15:23:00,4,80,60,288,1106.02,United Kingdom
13112,1,False,2010-01-01,2010-12-31,2011-01-01,2011-06-30,2010-06-16 17:03:00,2010-06-16 17:03:00,1,2,2,11,20.6,United Kingdom
13113,0,True,2010-01-01,2010-12-31,2011-01-01,2011-06-30,2010-03-28 16:13:00,2010-12-08 13:21:00,14,187,107,1495,6357.08,United Kingdom
13115,0,True,2010-01-01,2010-12-31,2011-01-01,2011-06-30,2010-04-19 13:29:00,2010-11-25 18:49:00,6,194,136,2367,3199.92,United Kingdom
13117,0,True,2010-01-01,2010-12-31,2011-01-01,2011-06-30,2010-03-26 13:50:00,2010-12-09 14:50:00,12,112,90,1122,1658.8999999999999,United Kingdom
13118,0,True,2010-01-01,2010-12-31,2011-01-01,2011-06-30,2010-09-26 15:46:00,2010-11-28 13:53:00,4,69,57,424,1217.6,United Kingdom
13119,1,False,2010-01-01,2010-12-31,2011-01-01,2011-06-30,2010-02-09 08:38:00,2010-02-09 08:38:00,1,11,11,110,134.9,United Kingdom
13123,1,False,2010-01-01,2010-12-31,2011-01-01,2011-06-30,2010-06-28 12:43:00,2010-08-24 10:18:00,2,45,36,268,506.75,United Kingdom
13124,0,True,2010-01-01,2010-12-31,2011-01-01,2011-06-30,2010-11-19 15:50:00,2010-12-15 15:00:00,2,122,99,1549,2141.65,United Kingdom
13125,1,False,2010-01-01,2010-12-31,2011-01-01,2011-06-30,2010-07-04 11:58:00,2010-07-04 11:58:00,1,20,20,53,148.62,United Kingdom
13126,0,True,2010-01-01,2010-12-31,2011-01-01,2011-06-30,2010-03-02 12:24:00,2010-12-08 11:43:00,7,111,79,1266,1898.6100000000001,United Kingdom
13128,1,False,2010-01-01,2010-12-31,2011-01-01,2011-06-30,2010-03-18 15:08:00,2010-03-18 15:08:00,1,1,1,31,263.5,United Kingdom
13129,1,False,2010-01-01,2010-12-31,2011-01-01,2011-06-30,2010-06-28 11:54:00,2010-09-13 13:47:00,2,11,10,296,233.25,United Kingdom
13131,0,True,2010-01-01,2010-12-31,2011-01-01,2011-06-30,2010-02-09 09:47:00,2010-10-17 15:13:00,4,105,94,1076,2240.47,United Kingdom
13133,0,True,2010-01-01,2010-12-31,2011-01-01,2011-06-30,2010-09-06 15:30:00,2010-09-06 15:30:00,1,5,5,23,90.65,United Kingdom
13134,0,True,2010-01-01,2010-12-31,2011-01-01,2011-06-30,2010-10-19 13:21:00,2010-11-02 13:58:00,2,23,21,305,681.65,United Kingdom
13135,0,True,2010-01-01,2010-12-31,2011-01-01,2011-06-30,2010-08-05 17:28:00,2010-08-05 17:28:00,1,17,17,123,275.45,United Kingdom
13136,0,True,2010-01-01,2010-12-31,2011-01-01,2011-06-30,2010-05-02 13:46:00,2010-11-29 12:43:00,7,161,129,1496,3117.86,United Kingdom
13137,0,True,2010-01-01,2010-12-31,2011-01-01,2011-06-30,2010-07-25 15:40:00,2010-11-18 13:27:00,8,707,406,2034,3983.65,United Kingdom
13138,0,True,2010-01-01,2010-12-31,2011-01-01,2011-06-30,2010-11-08 11:45:00,2010-12-02 15:03:00,2,36,29,245,504.85,United Kingdom
13139,0,True,2010-01-01,2010-12-31,2011-01-01,2011-06-30,2010-09-28 09:12:00,2010-09-28 09:12:00,1,95,95,2189,3138.04,United Kingdom
13140,1,False,2010-01-01,2010-12-31,2011-01-01,2011-06-30,2010-08-05 19:05:00,2010-12-08 15:12:00,3,75,68,461,790.71,United Kingdom
13141,0,True,2010-01-01,2010-12-31,2011-01-01,2011-06-30,2010-01-25 13:46:00,2010-11-19 10:51:00,11,277,225,3488,4915.88,United Kingdom
13143,1,False,2010-01-01,2010-12-31,2011-01-01,2011-06-30,2010-05-04 12:22:00,2010-05-04 12:22:00,1,23,23,198,405.1,United Kingdom
13144,0,True,2010-01-01,2010-12-31,2011-01-01,2011-06-30,2010-10-04 14:14:00,2010-10-04 14:14:00,1,3,3,8,24.4,United Kingdom
13145,1,False,2010-01-01,2010-12-31,2011-01-01,2011-06-30,2010-04-19 11:11:00,2010-12-02 18:06:00,4,4,2,121,805.0,United Kingdom
13148,0,True,2010-01-01,2010-12-31,2011-01-01,2011-06-30,2010-01-21 14:30:00,2010-12-10 13:06:00,14,449,297,2600,4792.56,United Kingdom
13150,1,False,2010-01-01,2010-12-31,2011-01-01,2011-06-30,2010-03-19 09:03:00,2010-08-12 12:59:00,3,8,7,171,449.96999999999997,United Kingdom
13151,0,True,2010-01-01,2010-12-31,2011-01-01,2011-06-30,2010-03-22 10:26:00,2010-03-24 09:31:00,2,84,71,450,1207.34,United Kingdom
13152,1,False,2010-01-01,2010-12-31,2011-01-01,2011-06-30,2010-01-14 10:01:00,2010-10-18 13:44:00,7,135,114,977,2146.38,United Kingdom
13154,1,False,2010-01-01,2010-12-31,2011-01-01,2011-06-30,2010-07-20 13:17:00,2010-11-05 16:00:00,2,75,67,824,1287.74,United Kingdom
13155,0,True,2010-01-01,2010-12-31,2011-01-01,2011-06-30,2010-08-05 09:30:00,2010-12-06 12:44:00,3,79,68,412,778.42,United Kingdom
13156,1,False,2010-01-01,2010-12-31,2011-01-01,2011-06-30,2010-02-01 13:45:00,2010-11-19 13:09:00,3,104,94,914,1586.54,United Kingdom
13157,0,True,2010-01-01,2010-12-31,2011-01-01,2011-06-30,2010-03-08 11:59:00,2010-10-26 14:42:00,5,164,121,3323,3946.14,United Kingdom
13158,0,True,2010-01-01,2010-12-31,2011-01-01,2011-06-30,2010-11-16 17:12:00,2010-11-16 17:12:00,1,21,21,208,307.12,United Kingdom
13161,0,True,2010-01-01,2010-12-31,2011-01-01,2011-06-30,2010-07-27 12:44:00,2010-07-27 12:44:00,1,25,25,76,359.38,United Kingdom
13162,0,True,2010-01-01,2010-12-31,2011-01-01,2011-06-30,2010-01-11 10:08:00,2010-11-24 15:35:00,10,133,111,3513,6001.59,United Kingdom
13163,1,False,2010-01-01,2010-12-31,2011-01-01,2011-06-30,2010-04-08 16:21:00,2010-04-08 16:21:00,1,2,2,3,17.65,United Kingdom
13164,1,False,2010-01-01,2010-12-31,2011-01-01,2011-06-30,2010-02-10 11:52:00,2010-05-19 13:52:00,2,10,7,120,372.2,United Kingdom
13165,1,False,2010-01-01,2010-12-31,2011-01-01,2011-06-30,2010-10-22 17:04:00,2010-12-23 14:06:00,2,20,20,856,784.32,United Kingdom
13166,0,True,2010-01-01,2010-12-31,2011-01-01,2011-06-30,2010-10-21 14:29:00,2010-10-21 14:29:00,1,27,27,306,458.73,United Kingdom
13167,1,False,2010-01-01,2010-12-31,2011-01-01,2011-06-30,2010-11-14 12:58:00,2010-11-14 12:58:00,1,16,16,222,333.82,United Kingdom
13168,0,True,2010-01-01,2010-12-31,2011-01-01,2011-06-30,2010-06-15 15:00:00,2010-06-15 15:00:00,1,47,45,228,541.14,United Kingdom
13169,0,True,2010-01-01,2010-12-31,2011-01-01,2011-06-30,2010-05-26 15:58:00,2010-05-26 15:58:00,1,5,5,24,127.2,United Kingdom
13172,1,False,2010-01-01,2010-12-31,2011-01-01,2011-06-30,2010-11-04 15:10:00,2010-11-04 15:10:00,1,1,1,48,69.6,United Kingdom
13173,1,False,2010-01-01,2010-12-31,2011-01-01,2011-06-30,2010-01-07 13:16:00,2010-12-07 14:30:00,9,185,140,1208,1909.41,United Kingdom
13174,0,True,2010-01-01,2010-12-31,2011-01-01,2011-06-30,2010-01-28 17:13:00,2010-12-05 16:24:00,9,750,523,2753,5991.21,United Kingdom
13175,1,False,2010-01-01,2010-12-31,2011-01-01,2011-06-30,2010-05-06 13:13:00,2010-05-06 13:13:00,1,26,26,222,512.3,United Kingdom
13177,1,False,2010-01-01,2010-12-31,2011-01-01,2011-06-30,2010-10-05 10:35:00,2010-10-05 10:35:00,1,13,13,89,229.75,United Kingdom
13178,0,True,2010-01-01,2010-12-31,2011-01-01,2011-06-30,2010-01-17 15:22:00,2010-12-14 12:22:00,10,414,144,5028,8424.93,United Kingdom
13179,1,False,2010-01-01,2010-12-31,2011-01-01,2011-06-30,2010-03-31 11:40:00,2010-03-31 11:40:00,1,34,34,368,572.3100000000001,United Kingdom
13180,1,False,2010-01-01,2010-12-31,2011-01-01,2011-06-30,2010-04-11 13:37:00,2010-04-11 13:37:00,1,4,4,42,86.10000000000001,United Kingdom
13181,1,False,2010-01-01,2010-12-31,2011-01-01,2011-06-30,2010-11-23 15:05:00,2010-11-23 15:05:00,1,19,19,171,359.69,United Kingdom
13183,0,True,2010-01-01,2010-12-31,2011-01-01,2011-06-30,2010-03-14 12:32:00,2010-11-10 13:49:00,6,62,31,1819,3078.4,United Kingdom
13187,0,True,2010-01-01,2010-12-31,2011-01-01,2011-06-30,2010-03-25 17:18:00,2010-03-25 19:06:00,3,19,14,201,105.34,United Kingdom
13190,1,False,2010-01-01,2010-12-31,2011-01-01,2011-06-30,2010-01-31 12:12:00,2010-06-13 15:47:00,2,13,13,250,423.56,United Kingdom
13191,1,False,2010-01-01,2010-12-31,2011-01-01,2011-06-30,2010-02-19 17:02:00,2010-02-19 17:02:00,1,59,58,115,164.69,United Kingdom
13192,0,True,2010-01-01,2010-12-31,2011-01-01,2011-06-30,2010-01-22 08:37:00,2010-06-22 09:52:00,4,99,92,1034,1646.6399999999999,United Kingdom
13194,1,False,2010-01-01,2010-12-31,2011-01-01,2011-06-30,2010-10-14 11:54:00,2010-10-14 11:54:00,1,7,7,300,412.08,United Kingdom
13195,1,False,2010-01-01,2010-12-31,2011-01-01,2011-06-30,2010-10-21 13:07:00,2010-10-21 13:07:00,1,46,43,70,136.73,United Kingdom
13196,0,True,2010-01-01,2010-12-31,2011-01-01,2011-06-30,2010-04-01 12:54:00,2010-09-22 14:01:00,3,78,74,782,1271.06,United Kingdom
13197,1,False,2010-01-01,2010-12-31,2011-01-01,2011-06-30,2010-04-09 09:14:00,2010-04-09 09:14:00,1,19,19,204,373.01000000000005,United Kingdom
13198,0,True,2010-01-01,2010-12-31,2011-01-01,2011-06-30,2010-10-01 13:27:00,2010-12-13 09:29:00,3,112,102,1071,1957.54,United Kingdom
13199,0,True,2010-01-01,2010-12-31,2011-01-01,2011-06-30,2010-01-08 12:05:00,2010-12-16 14:25:00,30,94,25,5867,6720.65,United Kingdom
13201,1,False,2010-01-01,2010-12-31,2011-01-01,2011-06-30,2010-03-07 11:01:00,2010-07-25 14:30:00,4,86,65,1036,1233.06,United Kingdom
13202,1,False,2010-01-01,2010-12-31,2011-01-01,2011-06-30,2010-03-02 10:08:00,2010-11-10 16:24:00,6,61,51,464,1260.1,United Kingdom
13203,0,True,2010-01-01,2010-12-31,2011-01-01,2011-06-30,2010-03-18 16:20:00,2010-11-18 10:08:00,5,93,89,1245,1438.8899999999999,United Kingdom
13205,1,False,2010-01-01,2010-12-31,2011-01-01,2011-06-30,2010-09-22 16:26:00,2010-09-22 16:26:00,1,1,1,256,2803.2,United Kingdom
13206,1,False,2010-01-01,2010-12-31,2011-01-01,2011-06-30,2010-01-04 12:57:00,2010-11-04 16:50:00,10,393,307,4846,5847.2699999999995,United Kingdom
13207,1,False,2010-01-01,2010-12-31,2011-01-01,2011-06-30,2010-04-06 16:37:00,2010-09-14 15:44:00,2,5,4,48,285.6,United Kingdom
13208,0,True,2010-01-01,2010-12-31,2011-01-01,2011-06-30,2010-06-24 18:06:00,2010-09-16 19:43:00,2,88,77,484,697.53,United Kingdom
13209,0,True,2010-01-01,2010-12-31,2011-01-01,2011-06-30,2010-01-24 14:30:00,2010-12-13 10:31:00,6,58,52,1645,2936.75,United Kingdom
13211,1,False,2010-01-01,2010-12-31,2011-01-01,2011-06-30,2010-03-14 13:43:00,2010-12-13 16:17:00,7,133,67,955,1398.21,United Kingdom
13213,0,True,2010-01-01,2010-12-31,2011-01-01,2011-06-30,2010-05-20 14:50:00,2010-11-21 14:34:00,6,114,109,1602,2330.94,United Kingdom
13214,1,False,2010-01-01,2010-12-31,2011-01-01,2011-06-30,2010-03-03 14:10:00,2010-10-18 10:00:00,7,229,207,2966,3264.23,United Kingdom
13215,1,False,2010-01-01,2010-12-31,2011-01-01,2011-06-30,2010-11-02 18:26:00,2010-11-02 18:26:00,1,1,1,96,81.6,United Kingdom
13217,1,False,2010-01-01,2010-12-31,2011-01-01,2011-06-30,2010-02-22 12:49:00,2010-02-22 12:49:00,1,1,1,250,132.5,United Kingdom
13219,1,False,2010-01-01,2010-12-31,2011-01-01,2011-06-30,2010-03-31 14:18:00,2010-03-31 14:18:00,1,11,11,11,76.23,United Kingdom
13220,0,True,2010-01-01,2010-12-31,2011-01-01,2011-06-30,2010-05-13 10:35:00,2010-05-13 10:35:00,1,32,32,200,516.8,United Kingdom
13221,0,True,2010-01-01,2010-12-31,2011-01-01,2011-06-30,2010-12-15 13:24:00,2010-12-15 13:24:00,1,35,35,153,498.16,United Kingdom
13222,1,False,2010-01-01,2010-12-31,2011-01-01,2011-06-30,2010-05-11 13:54:00,2010-05-11 13:54:00,1,1,1,30,88.5,United Kingdom
13223,0,True,2010-01-01,2010-12-31,2011-01-01,2011-06-30,2010-02-12 13:27:00,2010-10-12 11:07:00,4,8,4,480,805.9200000000001,United Kingdom
13225,0,True,2010-01-01,2010-12-31,2011-01-01,2011-06-30,2010-02-15 11:46:00,2010-12-13 09:49:00,9,74,39,4167,9577.65,United Kingdom
13226,0,True,2010-01-01,2010-12-31,2011-01-01,2011-06-30,2010-11-11 13:46:00,2010-11-11 13:46:00,1,12,12,99,204.25,United Kingdom
13230,0,True,2010-01-01,2010-12-31,2011-01-01,2011-06-30,2010-03-18 20:02:00,2010-12-09 19:28:00,17,677,406,1915,3457.83,United Kingdom
13233,0,True,2010-01-01,2010-12-31,2011-01-01,2011-06-30,2010-01-14 14:10:00,2010-10-15 11:49:00,2,33,33,600,571.34,United Kingdom
13234,1,False,2010-01-01,2010-12-31,2011-01-01,2011-06-30,2010-02-05 11:41:00,2010-02-05 11:41:00,1,13,13,41,118.10000000000001,United Kingdom
13237,1,False,2010-01-01,2010-12-31,2011-01-01,2011-06-30,2010-11-17 10:07:00,2010-11-17 10:07:00,1,24,24,128,643.0,United Kingdom
13238,0,True,2010-01-01,2010-12-31,2011-01-01,2011-06-30,2010-04-28 15:02:00,2010-12-14 14:37:00,3,21,13,177,397.05,United Kingdom
13239,0,True,2010-01-01,2010-12-31,2011-01-01,2011-06-30,2010-07-25 13:34:00,2010-09-28 17:21:00,4,72,69,824,1265.1299999999999,United Kingdom
13240,0,True,2010-01-01,2010-12-31,2011-01-01,2011-06-30,2010-02-25 13:17:00,2010-12-09 12:49:00,5,155,133,542,1036.21,United Kingdom
13241,1,False,2010-01-01,2010-12-31,2011-01-01,2011-06-30,2010-10-24 11:17:00,2010-10-24 11:17:00,1,40,40,46,112.53,United Kingdom
13242,0,True,2010-01-01,2010-12-31,2011-01-01,2011-06-30,2010-02-09 13:12:00,2010-09-14 13:53:00,4,22,12,220,429.0,United Kingdom
13243,0,True,2010-01-01,2010-12-31,2011-01-01,2011-06-30,2010-03-18 13:10:00,2010-09-16 13:18:00,4,148,121,322,635.26,United Kingdom
13245,1,False,2010-01-01,2010-12-31,2011-01-01,2011-06-30,2010-10-03 14:03:00,2010-10-03 14:03:00,1,29,29,246,558.72,United Kingdom
13246,0,True,2010-01-01,2010-12-31,2011-01-01,2011-06-30,2010-07-02 13:36:00,2010-11-11 12:54:00,5,235,166,1209,1390.23,United Kingdom
13249,0,True,2010-01-01,2010-12-31,2011-01-01,2011-06-30,2010-01-24 12:11:00,2010-11-03 14:05:00,6,12,2,700,897.52,United Kingdom
13250,1,False,2010-01-01,2010-12-31,2011-01-01,2011-06-30,2010-07-25 14:01:00,2010-09-05 11:33:00,2,19,17,107,253.09,United Kingdom
13251,1,False,2010-01-01,2010-12-31,2011-01-01,2011-06-30,2010-11-02 13:20:00,2010-11-02 13:20:00,1,25,25,215,252.68,United Kingdom
13252,1,False,2010-01-01,2010-12-31,2011-01-01,2011-06-30,2010-03-24 10:30:00,2010-11-10 16:00:00,2,19,19,134,399.3,United Kingdom
13253,0,True,2010-01-01,2010-12-31,2011-01-01,2011-06-30,2010-01-05 12:13:00,2010-10-05 13:33:00,2,39,39,1443,1920.71,United Kingdom
13254,1,False,2010-01-01,2010-12-31,2011-01-01,2011-06-30,2010-11-28 15:42:00,2010-11-28 15:42:00,1,4,4,43,51.410000000000004,United Kingdom
13255,1,False,2010-01-01,2010-12-31,2011-01-01,2011-06-30,2010-07-15 13:20:00,2010-12-01 11:58:00,2,19,19,340,504.95,United Kingdom
13257,1,False,2010-01-01,2010-12-31,2011-01-01,2011-06-30,2010-09-29 14:58:00,2010-09-29 14:58:00,1,7,7,33,149.75,United Kingdom
13258,0,True,2010-01-01,2010-12-31,2011-01-01,2011-06-30,2010-11-04 12:45:00,2010-11-25 10:54:00,2,8,5,164,336.59999999999997,United Kingdom
13259,1,False,2010-01-01,2010-12-31,2011-01-01,2011-06-30,2010-01-10 10:26:00,2010-11-07 10:56:00,8,232,181,377,1119.36,United Kingdom
13262,0,True,2010-01-01,2010-12-31,2011-01-01,2011-06-30,2010-04-18 12:14:00,2010-11-15 12:20:00,2,39,38,122,373.16,United Kingdom
13263,0,True,2010-01-01,2010-12-31,2011-01-01,2011-06-30,2010-10-22 17:07:00,2010-11-11 15:49:00,4,238,137,604,1239.27,United Kingdom
13264,1,False,2010-01-01,2010-12-31,2011-01-01,2011-06-30,2010-09-23 12:42:00,2010-09-23 12:42:00,1,38,38,375,722.5600000000001,United Kingdom
13266,0,True,2010-01-01,2010-12-31,2011-01-01,2011-06-30,2010-03-04 11:28:00,2010-10-22 12:13:00,6,109,73,2233,2005.23,United Kingdom
13267,0,True,2010-01-01,2010-12-31,2011-01-01,2011-06-30,2010-01-06 09:45:00,2010-12-14 11:42:00,17,201,102,2018,4907.68,United Kingdom
13269,0,True,2010-01-01,2010-12-31,2011-01-01,2011-06-30,2010-02-25 15:13:00,2010-12-13 14:52:00,12,172,99,2730,3329.59,United Kingdom
13270,1,False,2010-01-01,2010-12-31,2011-01-01,2011-06-30,2010-12-08 14:53:00,2010-12-08 14:53:00,1,1,1,200,590.0,United Kingdom
13274,1,False,2010-01-01,2010-12-31,2011-01-01,2011-06-30,2010-10-26 13:48:00,2010-10-26 13:48:00,1,19,19,199,360.85,United Kingdom
13275,1,False,2010-01-01,2010-12-31,2011-01-01,2011-06-30,2010-03-17 14:05:00,2010-11-21 12:09:00,2,48,48,138,238.86,United Kingdom
13276,1,False,2010-01-01,2010-12-31,2011-01-01,2011-06-30,2010-03-07 14:05:00,2010-11-07 14:17:00,3,209,184,679,1300.98,United Kingdom
13277,1,False,2010-01-01,2010-12-31,2011-01-01,2011-06-30,2010-06-18 08:45:00,2010-11-24 15:34:00,3,15,7,206,264.9,United Kingdom
13278,1,False,2010-01-01,2010-12-31,2011-01-01,2011-06-30,2010-04-08 11:59:00,2010-11-05 11:42:00,3,62,48,821,893.12,United Kingdom
13280,0,True,2010-01-01,2010-12-31,2011-01-01,2011-06-30,2010-03-05 09:07:00,2010-11-25 14:51:00,4,123,113,971,1494.87,United Kingdom
13281,1,False,2010-01-01,2010-12-31,2011-01-01,2011-06-30,2010-09-26 16:03:00,2010-09-26 16:03:00,1,22,22,201,350.85,United Kingdom
13282,0,True,2010-01-01,2010-12-31,2011-01-01,2011-06-30,2010-10-29 14:11:00,2010-10-29 14:11:00,1,14,14,103,181.05,United Kingdom
13283,0,True,2010-01-01,2010-12-31,2011-01-01,2011-06-30,2010-03-09 14:36:00,2010-05-21 13:56:00,2,13,13,114,279.7,United Kingdom
13285,0,True,2010-01-01,2010-12-31,2011-01-01,2011-06-30,2010-03-25 14:26:00,2010-04-18 13:38:00,2,44,42,406,655.47,United Kingdom
13286,1,False,2010-01-01,2010-12-31,2011-01-01,2011-06-30,2010-04-18 15:35:00,2010-04-18 15:35:00,1,49,46,274,734.91,United Kingdom
13287,1,False,2010-01-01,2010-12-31,2011-01-01,2011-06-30,2010-01-04 10:43:00,2010-04-15 15:26:00,3,53,46,429,781.59,United Kingdom
13288,1,False,2010-01-01,2010-12-31,2011-01-01,2011-06-30,2010-02-11 14:59:00,2010-09-22 16:32:00,5,10,7,379,927.61,United Kingdom
13290,1,False,2010-01-01,2010-12-31,2011-01-01,2011-06-30,2010-09-27 16:29:00,2010-09-27 16:29:00,1,1,1,1,208.63,United Kingdom
13291,1,False,2010-01-01,2010-12-31,2011-01-01,2011-06-30,2010-02-11 18:36:00,2010-10-21 19:01:00,10,276,134,1367,2909.68,United Kingdom
13292,0,True,2010-01-01,2010-12-31,2011-01-01,2011-06-30,2010-07-01 14:36:00,2010-10-20 13:15:00,3,28,28,183,415.57,United Kingdom
13293,1,False,2010-01-01,2010-12-31,2011-01-01,2011-06-30,2010-02-09 12:05:00,2010-11-12 13:28:00,6,72,51,555,1192.94,United Kingdom
13294,0,True,2010-01-01,2010-12-31,2011-01-01,2011-06-30,2010-03-03 12:54:00,2010-03-03 12:54:00,1,48,48,543,815.79,United Kingdom
13295,1,False,2010-01-01,2010-12-31,2011-01-01,2011-06-30,2010-05-12 09:13:00,2010-12-15 11:21:00,4,67,56,733,1101.97,United Kingdom
13296,1,False,2010-01-01,2010-12-31,2011-01-01,2011-06-30,2010-05-11 14:29:00,2010-10-12 12:41:00,5,48,46,575,705.11,United Kingdom
13297,1,False,2010-01-01,2010-12-31,2011-01-01,2011-06-30,2010-06-15 12:35:00,2010-11-19 13:49:00,3,64,58,1731,2278.77,United Kingdom
13299,0,True,2010-01-01,2010-12-31,2011-01-01,2011-06-30,2010-06-29 11:30:00,2010-10-12 10:53:00,2,57,56,386,1076.2,United Kingdom
13300,0,True,2010-01-01,2010-12-31,2011-01-01,2011-06-30,2010-05-14 15:56:00,2010-11-16 17:10:00,2,35,29,252,913.62,United Kingdom
13302,1,False,2010-01-01,2010-12-31,2011-01-01,2011-06-30,2010-07-01 12:32:00,2010-07-01 12:32:00,1,2,2,7,95.45,United Kingdom
13303,1,False,2010-01-01,2010-12-31,2011-01-01,2011-06-30,2010-11-04 14:55:00,2010-11-04 14:55:00,1,4,4,26,61.72,United Kingdom
13304,1,False,2010-01-01,2010-12-31,2011-01-01,2011-06-30,2010-02-08 12:42:00,2010-12-23 14:35:00,4,78,59,716,1217.99,United Kingdom
13305,0,True,2010-01-01,2010-12-31,2011-01-01,2011-06-30,2010-03-10 14:49:00,2010-12-02 12:10:00,7,124,110,1128,1751.75,United Kingdom
13306,1,False,2010-01-01,2010-12-31,2011-01-01,2011-06-30,2010-10-05 14:55:00,2010-10-05 14:55:00,1,4,4,74,53.65,United Kingdom
13307,1,False,2010-01-01,2010-12-31,2011-01-01,2011-06-30,2010-04-26 13:28:00,2010-08-09 12:56:00,2,14,14,136,258.34,United Kingdom
13308,0,True,2010-01-01,2010-12-31,2011-01-01,2011-06-30,2010-04-22 09:22:00,2010-04-22 09:22:00,1,17,17,230,284.86,United Kingdom
13309,0,True,2010-01-01,2010-12-31,2011-01-01,2011-06-30,2010-11-12 12:10:00,2010-11-12 12:10:00,1,23,23,370,249.58,United Kingdom
13310,0,True,2010-01-01,2010-12-31,2011-01-01,2011-06-30,2010-11-02 17:03:00,2010-11-24 09:14:00,2,23,23,229,409.17,United Kingdom
13312,1,False,2010-01-01,2010-12-31,2011-01-01,2011-06-30,2010-09-14 14:36:00,2010-09-14 14:36:00,1,5,5,41,124.75,United Kingdom
13313,0,True,2010-01-01,2010-12-31,2011-01-01,2011-06-30,2010-01-25 12:02:00,2010-08-17 11:45:00,5,86,58,886,1506.1100000000001,United Kingdom
13315,1,False,2010-01-01,2010-12-31,2011-01-01,2011-06-30,2010-01-19 15:34:00,2010-01-19 15:34:00,1,22,22,232,310.26,United Kingdom
13316,0,True,2010-01-01,2010-12-31,2011-01-01,2011-06-30,2010-03-10 10:01:00,2010-11-12 10:14:00,6,87,69,14423,7207.89,United Kingdom
13317,0,True,2010-01-01,2010-12-31,2011-01-01,2011-06-30,2010-02-17 14:47:00,2010-12-16 09:23:00,14,210,148,1978,4033.641,United Kingdom
13319,0,True,2010-01-01,2010-12-31,2011-01-01,2011-06-30,2010-01-10 14:21:00,2010-12-20 13:31:00,33,475,210,4326,10767.98,United Kingdom
13320,0,True,2010-01-01,2010-12-31,2011-01-01,2011-06-30,2010-08-18 10:29:00,2010-10-01 14:59:00,2,44,37,423,679.4,United Kingdom
13324,0,True,2010-01-01,2010-12-31,2011-01-01,2011-06-30,2010-05-25 10:23:00,2010-12-14 09:50:00,9,62,24,3453,4041.62,United Kingdom
13326,1,False,2010-01-01,2010-12-31,2011-01-01,2011-06-30,2010-10-03 16:00:00,2010-10-03 16:00:00,1,13,13,140,281.76,United Kingdom
13327,0,True,2010-01-01,2010-12-31,2011-01-01,2011-06-30,2010-01-24 13:54:00,2010-12-09 15:33:00,13,198,113,2461,5337.55,United Kingdom
13329,1,False,2010-01-01,2010-12-31,2011-01-01,2011-06-30,2010-07-30 14:15:00,2010-12-08 10:11:00,6,89,49,2753,3989.32,United Kingdom
13330,0,True,2010-01-01,2010-12-31,2011-01-01,2011-06-30,2010-02-23 10:12:00,2010-09-10 14:12:00,3,64,53,1200,1655.17,United Kingdom
13331,1,False,2010-01-01,2010-12-31,2011-01-01,2011-06-30,2010-11-03 08:04:00,2010-11-03 08:04:00,1,12,12,54,262.4,United Kingdom
13333,1,False,2010-01-01,2010-12-31,2011-01-01,2011-06-30,2010-02-19 09:26:00,2010-10-24 13:24:00,3,55,54,685,1015.74,United Kingdom
13334,0,True,2010-01-01,2010-12-31,2011-01-01,2011-06-30,2010-02-25 12:21:00,2010-06-21 13:52:00,2,209,177,1434,2699.48,United Kingdom
13337,1,False,2010-01-01,2010-12-31,2011-01-01,2011-06-30,2010-06-11 13:27:00,2010-06-11 13:27:00,1,87,87,980,1575.26,United Kingdom
13338,1,False,2010-01-01,2010-12-31,2011-01-01,2011-06-30,2010-01-05 12:25:00,2010-06-16 10:23:00,3,109,101,895,1958.6,United Kingdom
13340,0,True,2010-01-01,2010-12-31,2011-01-01,2011-06-30,2010-02-22 14:54:00,2010-10-18 10:42:00,5,81,77,3866,11364.08,United Kingdom
13346,1,False,2010-01-01,2010-12-31,2011-01-01,2011-06-30,2010-04-22 12:34:00,2010-09-03 11:41:00,6,6,4,180,299.4,United Kingdom
13357,0,True,2010-01-01,2010-12-31,2011-01-01,2011-06-30,2010-03-22 14:30:00,2010-08-02 14:02:00,4,305,240,1791,3196.11,United Kingdom
13359,1,False,2010-01-01,2010-12-31,2011-01-01,2011-06-30,2010-11-01 15:05:00,2010-11-01 15:05:00,1,33,33,220,603.75,United Kingdom
13360,1,False,2010-01-01,2010-12-31,2011-01-01,2011-06-30,2010-01-08 11:16:00,2010-10-04 12:37:00,4,66,58,942,1553.65,United Kingdom
13361,1,False,2010-01-01,2010-12-31,2011-01-01,2011-06-30,2010-04-01 07:49:00,2010-08-24 14:56:00,2,34,29,324,1450.5,United Kingdom
13362,0,True,2010-01-01,2010-12-31,2011-01-01,2011-06-30,2010-10-10 15:27:00,2010-11-26 16:38:00,3,132,106,1099,2303.33,United Kingdom
13363,1,False,2010-01-01,2010-12-31,2011-01-01,2011-06-30,2010-10-26 11:07:00,2010-10-26 11:07:00,1,42,42,436,731.36,United Kingdom
13367,1,False,2010-01-01,2010-12-31,2011-01-01,2011-06-30,2010-10-04 10:00:00,2010-10-04 10:00:00,1,20,20,253,510.20000000000005,United Kingdom
13368,0,True,2010-01-01,2010-12-31,2011-01-01,2011-06-30,2010-10-12 10:43:00,2010-10-21 09:43:00,2,23,22,279,498.1,United Kingdom
13369,1,False,2010-01-01,2010-12-31,2011-01-01,2011-06-30,2010-12-09 11:30:00,2010-12-09 11:30:00,1,14,14,149,308.28000000000003,United Kingdom
13370,1,False,2010-01-01,2010-12-31,2011-01-01,2011-06-30,2010-12-03 10:26:00,2010-12-03 10:26:00,1,39,39,343,754.87,United Kingdom
13371,1,False,2010-01-01,2010-12-31,2011-01-01,2011-06-30,2010-03-17 15:29:00,2010-07-22 17:33:00,2,92,75,1019,2297.66,United Kingdom
13373,0,True,2010-01-01,2010-12-31,2011-01-01,2011-06-30,2010-03-28 16:17:00,2010-10-20 10:09:00,2,165,158,2276,3526.52,United Kingdom
13374,1,False,2010-01-01,2010-12-31,2011-01-01,2011-06-30,2010-09-16 10:29:00,2010-10-21 10:04:00,2,17,17,135,422.8,United Kingdom
13375,1,False,2010-01-01,2010-12-31,2011-01-01,2011-06-30,2010-09-21 08:12:00,2010-09-21 08:12:00,1,34,34,682,1013.58,United Kingdom
13377,1,False,2010-01-01,2010-12-31,2011-01-01,2011-06-30,2010-03-04 10:06:00,2010-11-08 12:20:00,2,78,71,748,1552.88,United Kingdom
13380,1,False,2010-01-01,2010-12-31,2011-01-01,2011-06-30,2010-10-03 10:18:00,2010-10-03 10:18:00,1,3,3,48,62.4,United Kingdom
13381,0,True,2010-01-01,2010-12-31,2011-01-01,2011-06-30,2010-02-16 10:45:00,2010-11-25 13:30:00,5,183,111,3084,4567.66,United Kingdom
13382,0,True,2010-01-01,2010-12-31,2011-01-01,2011-06-30,2010-03-15 09:11:00,2010-10-07 09:28:00,3,55,49,609,909.5500000000001,United Kingdom
13383,1,False,2010-01-01,2010-12-31,2011-01-01,2011-06-30,2010-06-14 11:45:00,2010-06-14 11:45:00,1,1,1,288,305.28000000000003,United Kingdom
13384,0,True,2010-01-01,2010-12-31,2011-01-01,2011-06-30,2010-07-27 12:22:00,2010-11-14 13:13:00,4,112,81,1720,2528.9,United Kingdom
13386,1,False,2010-01-01,2010-12-31,2011-01-01,2011-06-30,2010-09-28 13:09:00,2010-10-21 12:52:00,2,31,24,514,835.46,United Kingdom
13387,1,False,2010-01-01,2010-12-31,2011-01-01,2011-06-30,2010-10-18 14:07:00,2010-10-18 14:07:00,1,71,71,123,186.94,United Kingdom
13388,1,False,2010-01-01,2010-12-31,2011-01-01,2011-06-30,2010-04-15 10:18:00,2010-04-15 10:18:00,1,34,34,419,508.55,United Kingdom
13392,1,False,2010-01-01,2010-12-31,2011-01-01,2011-06-30,2010-01-31 13:34:00,2010-01-31 13:34:00,1,8,8,82,91.14,United Kingdom
13393,1,False,2010-01-01,2010-12-31,2011-01-01,2011-06-30,2010-02-22 09:17:00,2010-05-05 09:34:00,2,56,47,501,741.75,United Kingdom
13394,0,True,2010-01-01,2010-12-31,2011-01-01,2011-06-30,2010-01-07 14:04:00,2010-11-25 18:08:00,10,234,158,2609,3797.15,United Kingdom
13395,0,True,2010-01-01,2010-12-31,2011-01-01,2011-06-30,2010-10-14 13:00:00,2010-11-04 14:00:00,2,60,56,1324,872.51,United Kingdom
13397,0,True,2010-01-01,2010-12-31,2011-01-01,2011-06-30,2010-01-20 09:50:00,2010-09-28 13:10:00,5,51,47,906,1647.74,United Kingdom
13398,0,True,2010-01-01,2010-12-31,2011-01-01,2011-06-30,2010-09-17 09:34:00,2010-09-17 09:34:00,1,13,13,60,213.0,United Kingdom
13399,1,False,2010-01-01,2010-12-31,2011-01-01,2011-06-30,2010-07-08 17:47:00,2010-09-01 13:59:00,3,15,10,120,275.4,United Kingdom
13400,1,False,2010-01-01,2010-12-31,2011-01-01,2011-06-30,2010-05-06 09:00:00,2010-05-06 09:00:00,1,23,23,284,310.83,United Kingdom
13402,1,False,2010-01-01,2010-12-31,2011-01-01,2011-06-30,2010-05-24 10:56:00,2010-12-02 17:12:00,3,57,43,628,913.9000000000001,United Kingdom
13403,1,False,2010-01-01,2010-12-31,2011-01-01,2011-06-30,2010-11-17 11:38:00,2010-11-17 11:38:00,1,3,3,26,75.9,United Kingdom
13405,0,True,2010-01-01,2010-12-31,2011-01-01,2011-06-30,2010-05-19 14:23:00,2010-08-15 13:28:00,2,13,12,108,494.90000000000003,United Kingdom
13406,1,False,2010-01-01,2010-12-31,2011-01-01,2011-06-30,2010-03-18 07:29:00,2010-10-08 14:44:00,2,9,7,292,568.92,United Kingdom
13407,1,False,2010-01-01,2010-12-31,2011-01-01,2011-06-30,2010-02-16 11:13:00,2010-05-10 12:41:00,3,85,85,1690,2244.7,United Kingdom
13408,0,True,2010-01-01,2010-12-31,2011-01-01,2011-06-30,2010-01-06 12:00:00,2010-12-16 15:34:00,43,345,163,12558,22591.922,United Kingdom
13410,0,True,2010-01-01,2010-12-31,2011-01-01,2011-06-30,2010-01-10 11:59:00,2010-11-11 16:45:00,3,21,18,678,1117.78,United Kingdom
13412,1,False,2010-01-01,2010-12-31,2011-01-01,2011-06-30,2010-03-29 16:28:00,2010-03-29 16:28:00,1,34,33,176,487.34999999999997,United Kingdom
13413,1,False,2010-01-01,2010-12-31,2011-01-01,2011-06-30,2010-01-21 17:43:00,2010-03-10 12:17:00,6,43,38,455,429.44,United Kingdom
13414,0,True,2010-01-01,2010-12-31,2011-01-01,2011-06-30,2010-04-15 17:00:00,2010-09-02 16:55:00,3,31,27,1128,1103.64,United Kingdom
13415,1,False,2010-01-01,2010-12-31,2011-01-01,2011-06-30,2010-03-19 14:56:00,2010-08-24 11:38:00,3,31,18,249,317.25,United Kingdom
13417,0,True,2010-01-01,2010-12-31,2011-01-01,2011-06-30,2010-02-08 12:39:00,2010-06-10 10:05:00,4,49,35,370,1028.66,United Kingdom
13418,0,True,2010-01-01,2010-12-31,2011-01-01,2011-06-30,2010-03-11 13:13:00,2010-12-15 13:50:00,17,262,164,3346,6200.09,United Kingdom
13421,0,True,2010-01-01,2010-12-31,2011-01-01,2011-06-30,2010-02-14 14:45:00,2010-10-29 17:17:00,6,163,124,1223,2225.04,United Kingdom
13423,1,False,2010-01-01,2010-12-31,2011-01-01,2011-06-30,2010-10-07 09:02:00,2010-10-07 09:02:00,1,12,12,141,217.03,United Kingdom
13424,1,False,2010-01-01,2010-12-31,2011-01-01,2011-06-30,2010-09-16 10:49:00,2010-09-16 10:49:00,1,40,40,529,572.77,United Kingdom
13425,0,True,2010-01-01,2010-12-31,2011-01-01,2011-06-30,2010-05-09 14:35:00,2010-07-19 12:56:00,2,99,86,1235,1766.22,United Kingdom
13426,0,True,2010-01-01,2010-12-31,2011-01-01,2011-06-30,2010-03-10 09:16:00,2010-12-15 12:43:00,11,161,100,2128,3920.77,United Kingdom
13427,0,True,2010-01-01,2010-12-31,2011-01-01,2011-06-30,2010-06-18 09:28:00,2010-08-19 11:45:00,2,17,14,239,327.93,United Kingdom
13428,1,False,2010-01-01,2010-12-31,2011-01-01,2011-06-30,2010-07-13 13:20:00,2010-07-13 13:33:00,2,67,66,205,276.76,United Kingdom
13431,1,False,2010-01-01,2010-12-31,2011-01-01,2011-06-30,2010-02-18 11:53:00,2010-10-29 14:09:00,6,83,74,898,2047.14,United Kingdom
13432,1,False,2010-01-01,2010-12-31,2011-01-01,2011-06-30,2010-04-06 14:42:00,2010-05-17 13:18:00,2,111,98,217,439.1,United Kingdom
13433,1,False,2010-01-01,2010-12-31,2011-01-01,2011-06-30,2010-01-12 08:59:00,2010-07-26 16:55:00,4,24,22,190,658.3199999999999,United Kingdom
13434,1,False,2010-01-01,2010-12-31,2011-01-01,2011-06-30,2010-02-22 09:54:00,2010-11-19 15:09:00,3,25,14,564,1132.6200000000001,United Kingdom
13435,0,True,2010-01-01,2010-12-31,2011-01-01,2011-06-30,2010-07-27 16:56:00,2010-11-28 13:51:00,2,48,40,625,637.44,United Kingdom
13438,1,False,2010-01-01,2010-12-31,2011-01-01,2011-06-30,2010-06-10 18:46:00,2010-06-10 18:46:00,1,1,1,10,46.5,United Kingdom
13439,0,True,2010-01-01,2010-12-31,2011-01-01,2011-06-30,2010-07-01 14:36:00,2010-11-16 15:24:00,2,113,101,710,702.9,United Kingdom
13440,1,False,2010-01-01,2010-12-31,2011-01-01,2011-06-30,2010-09-14 10:34:00,2010-10-12 13:11:00,7,59,49,573,1295.25,United Kingdom
13441,1,False,2010-01-01,2010-12-31,2011-01-01,2011-06-30,2010-10-04 10:38:00,2010-10-04 10:38:00,1,25,25,316,424.26,United Kingdom
13442,1,False,2010-01-01,2010-12-31,2011-01-01,2011-06-30,2010-01-05 16:04:00,2010-02-10 14:03:00,2,22,22,73,221.87,United Kingdom
13443,1,False,2010-01-01,2010-12-31,2011-01-01,2011-06-30,2010-01-31 13:30:00,2010-09-17 12:31:00,6,200,176,805,1273.16,United Kingdom
13444,1,False,2010-01-01,2010-12-31,2011-01-01,2011-06-30,2010-07-21 14:34:00,2010-11-30 13:02:00,2,57,51,331,619.08,United Kingdom
13445,1,False,2010-01-01,2010-12-31,2011-01-01,2011-06-30,2010-03-23 15:34:00,2010-03-23 15:34:00,1,7,7,198,241.89999999999998,United Kingdom
13446,1,False,2010-01-01,2010-12-31,2011-01-01,2011-06-30,2010-02-14 11:52:00,2010-10-05 18:51:00,11,192,113,2403,3881.89,United Kingdom
13448,0,True,2010-01-01,2010-12-31,2011-01-01,2011-06-30,2010-01-28 10:42:00,2010-12-10 14:29:00,8,296,204,2307,4895.6900000000005,United Kingdom
13450,0,True,2010-01-01,2010-12-31,2011-01-01,2011-06-30,2010-04-15 19:15:00,2010-11-30 13:20:00,7,76,39,2336,2076.32,United Kingdom
13451,0,True,2010-01-01,2010-12-31,2011-01-01,2011-06-30,2010-03-21 16:13:00,2010-11-23 14:50:00,6,589,363,3101,4191.8,United Kingdom
13452,0,True,2010-01-01,2010-12-31,2011-01-01,2011-06-30,2010-08-24 09:53:00,2010-08-24 09:53:00,1,1,1,4,139.8,United Kingdom
13453,0,True,2010-01-01,2010-12-31,2011-01-01,2011-06-30,2010-11-02 13:23:00,2010-11-02 13:23:00,1,23,23,207,424.71,United Kingdom
13454,1,False,2010-01-01,2010-12-31,2011-01-01,2011-06-30,2010-03-08 14:40:00,2010-03-08 14:40:00,1,23,23,198,219.87,United Kingdom
13455,1,False,2010-01-01,2010-12-31,2011-01-01,2011-06-30,2010-04-25 14:31:00,2010-12-08 13:11:00,3,74,58,497,1415.94,United Kingdom
13457,1,False,2010-01-01,2010-12-31,2011-01-01,2011-06-30,2010-01-20 08:48:00,2010-01-20 08:48:00,1,3,3,28,35.72,United Kingdom
13458,0,True,2010-01-01,2010-12-31,2011-01-01,2011-06-30,2010-11-16 14:01:00,2010-12-15 12:05:00,3,133,110,1758,3498.56,United Kingdom
13459,1,False,2010-01-01,2010-12-31,2011-01-01,2011-06-30,2010-01-26 13:35:00,2010-03-25 10:24:00,2,73,57,986,1160.4099999999999,United Kingdom
13461,0,True,2010-01-01,2010-12-31,2011-01-01,2011-06-30,2010-04-21 16:01:00,2010-10-28 17:53:00,3,35,25,1962,2715.0,United Kingdom
13462,0,True,2010-01-01,2010-12-31,2011-01-01,2011-06-30,2010-01-19 10:45:00,2010-10-25 10:00:00,3,49,46,493,830.53,United Kingdom
13464,1,False,2010-01-01,2010-12-31,2011-01-01,2011-06-30,2010-03-31 15:22:00,2010-11-10 12:24:00,5,110,95,1037,2422.96,United Kingdom
13465,1,False,2010-01-01,2010-12-31,2011-01-01,2011-06-30,2010-05-02 15:30:00,2010-09-19 15:13:00,2,34,34,584,931.12,United Kingdom
13466,0,True,2010-01-01,2010-12-31,2011-01-01,2011-06-30,2010-03-21 13:50:00,2010-10-27 12:50:00,4,38,34,401,705.45,United Kingdom
13468,0,True,2010-01-01,2010-12-31,2011-01-01,2011-06-30,2010-01-07 18:35:00,2010-12-16 11:15:00,36,397,198,2951,7096.16,United Kingdom
13469,1,False,2010-01-01,2010-12-31,2011-01-01,2011-06-30,2010-02-24 15:03:00,2010-02-24 15:03:00,1,6,6,52,82.4,United Kingdom
13472,1,False,2010-01-01,2010-12-31,2011-01-01,2011-06-30,2010-06-02 09:48:00,2010-09-02 09:41:00,2,28,24,310,592.24,United Kingdom
13473,0,True,2010-01-01,2010-12-31,2011-01-01,2011-06-30,2010-03-02 15:28:00,2010-05-14 10:47:00,5,40,35,528,1846.3799999999999,United Kingdom
13474,0,True,2010-01-01,2010-12-31,2011-01-01,2011-06-30,2010-08-01 14:40:00,2010-09-22 09:21:00,2,64,62,189,419.75,United Kingdom
13476,0,True,2010-01-01,2010-12-31,2011-01-01,2011-06-30,2010-03-05 09:39:00,2010-10-29 08:24:00,3,48,38,296,823.0,United Kingdom
13477,0,True,2010-01-01,2010-12-31,2011-01-01,2011-06-30,2010-01-25 11:52:00,2010-09-10 09:08:00,5,78,65,1070,1364.59,United Kingdom
13478,1,False,2010-01-01,2010-12-31,2011-01-01,2011-06-30,2010-01-31 15:51:00,2010-08-27 13:23:00,5,125,114,1189,2215.78,United Kingdom
13479,0,True,2010-01-01,2010-12-31,2011-01-01,2011-06-30,2010-08-19 16:18:00,2010-09-13 13:29:00,2,38,34,582,550.42,United Kingdom
13480,1,False,2010-01-01,2010-12-31,2011-01-01,2011-06-30,2010-01-29 12:35:00,2010-10-19 11:53:00,2,41,40,362,627.82,United Kingdom
13481,0,True,2010-01-01,2010-12-31,2011-01-01,2011-06-30,2010-03-15 09:46:00,2010-11-30 10:32:00,5,99,77,765,1715.08,United Kingdom
13482,0,True,2010-01-01,2010-12-31,2011-01-01,2011-06-30,2010-03-22 10:31:00,2010-03-22 10:31:00,1,9,9,71,151.45,United Kingdom
13484,0,True,2010-01-01,2010-12-31,2011-01-01,2011-06-30,2010-03-10 11:46:00,2010-11-21 13:48:00,2,31,31,180,476.92,United Kingdom
13485,0,True,2010-01-01,2010-12-31,2011-01-01,2011-06-30,2010-04-20 15:32:00,2010-11-28 11:04:00,8,125,109,1422,2360.28,United Kingdom
13487,0,True,2010-01-01,2010-12-31,2011-01-01,2011-06-30,2010-07-22 10:41:00,2010-12-21 14:54:00,2,20,17,157,360.67,United Kingdom
13488,0,True,2010-01-01,2010-12-31,2011-01-01,2011-06-30,2010-01-25 10:13:00,2010-12-07 13:01:00,11,302,186,3373,6619.57,United Kingdom
13490,1,False,2010-01-01,2010-12-31,2011-01-01,2011-06-30,2010-02-23 14:48:00,2010-02-23 14:48:00,1,8,8,25,154.25,United Kingdom
13491,0,True,2010-01-01,2010-12-31,2011-01-01,2011-06-30,2010-01-14 13:00:00,2010-12-15 10:48:00,16,153,85,1160,2646.96,United Kingdom
13495,0,True,2010-01-01,2010-12-31,2011-01-01,2011-06-30,2010-03-23 15:01:00,2010-12-15 11:32:00,5,87,45,1616,2863.96,United Kingdom
13496,1,False,2010-01-01,2010-12-31,2011-01-01,2011-06-30,2010-12-15 10:17:00,2010-12-15 10:17:00,1,26,26,229,501.01,United Kingdom
13497,0,True,2010-01-01,2010-12-31,2011-01-01,2011-06-30,2010-02-08 10:27:00,2010-12-06 11:37:00,5,48,45,416,972.28,United Kingdom
13500,1,False,2010-01-01,2010-12-31,2011-01-01,2011-06-30,2010-11-03 13:16:00,2010-11-03 13:16:00,1,20,20,229,299.53,United Kingdom
13501,0,True,2010-01-01,2010-12-31,2011-01-01,2011-06-30,2010-05-18 13:24:00,2010-08-10 13:01:00,2,62,52,693,1544.79,Switzerland
13502,0,True,2010-01-01,2010-12-31,2011-01-01,2011-06-30,2010-06-09 10:52:00,2010-10-20 10:15:00,2,15,14,226,488.5,United Kingdom
13503,1,False,2010-01-01,2010-12-31,2011-01-01,2011-06-30,2010-02-16 13:49:00,2010-08-17 13:17:00,5,172,148,857,1642.39,United Kingdom
13506,0,True,2010-01-01,2010-12-31,2011-01-01,2011-06-30,2010-09-05 12:33:00,2010-12-05 12:15:00,4,72,48,850,1180.68,United Kingdom
13508,0,True,2010-01-01,2010-12-31,2011-01-01,2011-06-30,2010-03-07 11:58:00,2010-03-07 11:58:00,1,16,16,156,176.07999999999998,United Kingdom
13509,0,True,2010-01-01,2010-12-31,2011-01-01,2011-06-30,2010-07-20 12:10:00,2010-07-20 12:10:00,1,5,5,108,135.0,United Kingdom
13510,0,True,2010-01-01,2010-12-31,2011-01-01,2011-06-30,2010-02-01 11:20:00,2010-11-29 12:26:00,6,159,118,1523,2500.03,United Kingdom
13511,1,False,2010-01-01,2010-12-31,2011-01-01,2011-06-30,2010-02-01 12:10:00,2010-02-01 12:10:00,1,5,5,60,282.76,United Kingdom
13512,0,True,2010-01-01,2010-12-31,2011-01-01,2011-06-30,2010-05-05 13:22:00,2010-11-17 14:55:00,3,24,20,276,462.18,United Kingdom
13513,1,False,2010-01-01,2010-12-31,2011-01-01,2011-06-30,2010-02-22 16:36:00,2010-09-24 16:25:00,2,30,24,255,619.49,United Kingdom
13514,1,False,2010-01-01,2010-12-31,2011-01-01,2011-06-30,2010-01-26 15:11:00,2010-10-07 12:10:00,3,17,13,248,663.7,United Kingdom
13515,0,True,2010-01-01,2010-12-31,2011-01-01,2011-06-30,2010-03-05 11:58:00,2010-09-16 15:07:00,2,17,17,138,374.7,United Kingdom
13516,0,True,2010-01-01,2010-12-31,2011-01-01,2011-06-30,2010-10-18 08:52:00,2010-10-18 08:52:00,1,17,17,129,295.85,United Kingdom
13519,1,False,2010-01-01,2010-12-31,2011-01-01,2011-06-30,2010-09-23 11:45:00,2010-09-23 11:45:00,1,11,11,110,220.46,United Kingdom
13520,0,True,2010-01-01,2010-12-31,2011-01-01,2011-06-30,2010-02-11 09:41:00,2010-12-03 10:36:00,5,97,57,1420,2695.65,Switzerland
13523,0,True,2010-01-01,2010-12-31,2011-01-01,2011-06-30,2010-11-02 14:55:00,2010-12-08 14:22:00,2,59,57,602,1136.64,United Kingdom
13527,0,True,2010-01-01,2010-12-31,2011-01-01,2011-06-30,2010-01-21 12:37:00,2010-10-17 12:52:00,5,226,152,1053,2298.93,United Kingdom
13530,1,False,2010-01-01,2010-12-31,2011-01-01,2011-06-30,2010-03-15 14:10:00,2010-03-15 14:10:00,1,18,18,272,402.97999999999996,United Kingdom
13531,0,True,2010-01-01,2010-12-31,2011-01-01,2011-06-30,2010-04-23 10:48:00,2010-12-08 15:03:00,4,53,36,300,943.02,United Kingdom
13534,0,True,2010-01-01,2010-12-31,2011-01-01,2011-06-30,2010-07-07 15:00:00,2010-12-16 15:24:00,12,107,61,1044,2134.02,United Kingdom
13535,1,False,2010-01-01,2010-12-31,2011-01-01,2011-06-30,2010-11-02 11:49:00,2010-11-02 11:49:00,1,1,1,10,89.5,United Kingdom
13537,1,False,2010-01-01,2010-12-31,2011-01-01,2011-06-30,2010-09-14 10:41:00,2010-10-10 12:45:00,2,42,38,337,717.85,United Kingdom
13538,0,True,2010-01-01,2010-12-31,2011-01-01,2011-06-30,2010-02-02 12:47:00,2010-11-08 14:19:00,5,117,102,784,1822.28,United Kingdom
13539,0,True,2010-01-01,2010-12-31,2011-01-01,2011-06-30,2010-04-28 12:04:00,2010-10-15 09:15:00,4,49,45,390,938.02,United Kingdom
13540,1,False,2010-01-01,2010-12-31,2011-01-01,2011-06-30,2010-02-22 09:22:00,2010-08-29 14:20:00,3,32,26,189,632.39,United Kingdom
13541,1,False,2010-01-01,2010-12-31,2011-01-01,2011-06-30,2010-05-18 16:15:00,2010-10-08 16:37:00,2,10,10,279,785.25,United Kingdom
13542,1,False,2010-01-01,2010-12-31,2011-01-01,2011-06-30,2010-01-31 10:26:00,2010-11-28 11:24:00,15,306,96,733,3538.58,United Kingdom
13543,1,False,2010-01-01,2010-12-31,2011-01-01,2011-06-30,2010-01-21 14:30:00,2010-03-15 13:34:00,2,47,37,329,1439.6100000000001,United Kingdom
13544,0,True,2010-01-01,2010-12-31,2011-01-01,2011-06-30,2010-03-05 11:31:00,2010-10-24 11:25:00,4,160,152,219,514.14,United Kingdom
13545,1,False,2010-01-01,2010-12-31,2011-01-01,2011-06-30,2010-06-13 11:49:00,2010-11-14 11:27:00,2,54,54,252,364.93,United Kingdom
13546,0,True,2010-01-01,2010-12-31,2011-01-01,2011-06-30,2010-10-11 17:23:00,2010-11-22 17:33:00,2,55,47,230,465.15,United Kingdom
13547,1,False,2010-01-01,2010-12-31,2011-01-01,2011-06-30,2010-10-27 14:14:00,2010-10-27 14:14:00,1,44,44,79,167.08,United Kingdom
13548,0,True,2010-01-01,2010-12-31,2011-01-01,2011-06-30,2010-08-25 13:44:00,2010-08-25 13:44:00,1,61,61,122,223.28,United Kingdom
13549,0,True,2010-01-01,2010-12-31,2011-01-01,2011-06-30,2010-11-17 12:17:00,2010-11-17 12:17:00,1,8,8,96,87.6,United Kingdom
13550,1,False,2010-01-01,2010-12-31,2011-01-01,2011-06-30,2010-11-21 15:24:00,2010-11-21 15:24:00,1,42,40,430,342.55,United Kingdom
13551,0,True,2010-01-01,2010-12-31,2011-01-01,2011-06-30,2010-02-11 15:01:00,2010-02-11 15:01:00,1,1,1,24,152.39999999999998,United Kingdom
13552,0,True,2010-01-01,2010-12-31,2011-01-01,2011-06-30,2010-02-19 13:28:00,2010-10-07 12:30:00,10,98,87,1213,3208.85,United Kingdom
13553,1,False,2010-01-01,2010-12-31,2011-01-01,2011-06-30,2010-02-03 12:21:00,2010-02-03 12:21:00,1,89,85,201,499.6,United Kingdom
13554,1,False,2010-01-01,2010-12-31,2011-01-01,2011-06-30,2010-09-19 12:39:00,2010-11-24 15:05:00,7,196,156,578,1629.35,United Kingdom
13555,0,True,2010-01-01,2010-12-31,2011-01-01,2011-06-30,2010-01-19 13:20:00,2010-11-26 11:50:00,9,262,175,2126,4792.96,United Kingdom
13556,1,False,2010-01-01,2010-12-31,2011-01-01,2011-06-30,2010-09-30 09:01:00,2010-10-06 16:44:00,2,9,8,134,200.82,United Kingdom
13557,0,True,2010-01-01,2010-12-31,2011-01-01,2011-06-30,2010-01-05 11:16:00,2010-10-20 14:06:00,9,122,96,1662,2034.7,United Kingdom
13559,1,False,2010-01-01,2010-12-31,2011-01-01,2011-06-30,2010-06-14 11:52:00,2010-07-15 09:52:00,2,2,1,360,990.0,United Kingdom
13561,0,True,2010-01-01,2010-12-31,2011-01-01,2011-06-30,2010-02-28 13:42:00,2010-11-07 14:28:00,10,215,120,1042,1661.54,United Kingdom
13562,0,True,2010-01-01,2010-12-31,2011-01-01,2011-06-30,2010-01-14 16:33:00,2010-11-03 10:43:00,5,114,65,846,3038.85,United Kingdom
13564,1,False,2010-01-01,2010-12-31,2011-01-01,2011-06-30,2010-01-19 17:12:00,2010-12-20 16:50:00,32,1120,464,8609,15203.630000000001,United Kingdom
13565,0,True,2010-01-01,2010-12-31,2011-01-01,2011-06-30,2010-10-24 15:51:00,2010-10-24 15:51:00,1,22,22,88,174.57999999999998,United Kingdom
13566,1,False,2010-01-01,2010-12-31,2011-01-01,2011-06-30,2010-03-10 12:22:00,2010-10-01 12:27:00,3,197,159,690,831.76,United Kingdom
13567,1,False,2010-01-01,2010-12-31,2011-01-01,2011-06-30,2010-06-16 12:48:00,2010-10-07 12:51:00,4,201,180,643,1079.29,United Kingdom
13569,1,False,2010-01-01,2010-12-31,2011-01-01,2011-06-30,2010-10-07 13:05:00,2010-12-07 12:29:00,3,123,103,232,497.74,United Kingdom
13571,0,True,2010-01-01,2010-12-31,2011-01-01,2011-06-30,2010-02-21 14:57:00,2010-11-22 13:09:00,13,321,151,1358,2337.08,United Kingdom
13573,0,True,2010-01-01,2010-12-31,2011-01-01,2011-06-30,2010-03-12 16:06:00,2010-11-25 15:01:00,4,62,52,345,614.27,United Kingdom
13574,1,False,2010-01-01,2010-12-31,2011-01-01,2011-06-30,2010-10-24 13:28:00,2010-10-24 13:28:00,1,91,84,304,404.45,United Kingdom
13576,0,True,2010-01-01,2010-12-31,2011-01-01,2011-06-30,2010-01-13 11:57:00,2010-12-01 17:24:00,10,147,95,1848,4505.6,United Kingdom
13577,0,True,2010-01-01,2010-12-31,2011-01-01,2011-06-30,2010-04-20 15:40:00,2010-11-22 08:11:00,4,64,47,683,1402.28,United Kingdom
13578,1,False,2010-01-01,2010-12-31,2011-01-01,2011-06-30,2010-10-26 13:44:00,2010-10-26 13:44:00,1,9,9,127,147.66,United Kingdom
13579,1,False,2010-01-01,2010-12-31,2011-01-01,2011-06-30,2010-02-18 13:53:00,2010-12-05 16:10:00,4,67,62,588,1072.0,United Kingdom
13580,1,False,2010-01-01,2010-12-31,2011-01-01,2011-06-30,2010-10-29 15:01:00,2010-10-29 15:01:00,1,5,5,45,107.75,United Kingdom
13581,0,True,2010-01-01,2010-12-31,2011-01-01,2011-06-30,2010-10-21 16:30:00,2010-10-21 16:30:00,1,23,23,89,162.53,United Kingdom
13582,1,False,2010-01-01,2010-12-31,2011-01-01,2011-06-30,2010-04-01 11:38:00,2010-11-15 11:34:00,2,11,10,106,241.68,United Kingdom
13583,1,False,2010-01-01,2010-12-31,2011-01-01,2011-06-30,2010-01-29 13:53:00,2010-01-29 13:53:00,1,43,43,372,664.001,United Kingdom
13584,0,True,2010-01-01,2010-12-31,2011-01-01,2011-06-30,2010-02-02 08:40:00,2010-07-29 13:36:00,2,56,55,323,243.3,United Kingdom
13585,1,False,2010-01-01,2010-12-31,2011-01-01,2011-06-30,2010-05-10 16:04:00,2010-06-27 12:33:00,2,38,28,1385,671.79,United Kingdom
13586,1,False,2010-01-01,2010-12-31,2011-01-01,2011-06-30,2010-06-16 13:47:00,2010-06-16 13:47:00,1,20,20,38,127.28,United Kingdom
13587,1,False,2010-01-01,2010-12-31,2011-01-01,2011-06-30,2010-02-14 13:17:00,2010-09-16 13:52:00,3,22,20,484,961.1,United Kingdom
13589,0,True,2010-01-01,2010-12-31,2011-01-01,2011-06-30,2010-05-09 11:16:00,2010-09-16 13:29:00,3,16,15,102,471.94,United Kingdom
13590,0,True,2010-01-01,2010-12-31,2011-01-01,2011-06-30,2010-01-27 12:50:00,2010-11-29 11:40:00,11,297,212,3123,3986.84,United Kingdom
13591,0,True,2010-01-01,2010-12-31,2011-01-01,2011-06-30,2010-04-15 17:24:00,2010-09-30 08:59:00,3,41,40,361,923.61,United Kingdom
13593,0,True,2010-01-01,2010-12-31,2011-01-01,2011-06-30,2010-03-02 16:36:00,2010-11-17 13:11:00,9,281,174,1451,3481.41,United Kingdom
13594,1,False,2010-01-01,2010-12-31,2011-01-01,2011-06-30,2010-08-11 10:23:00,2010-08-11 10:23:00,1,7,7,37,136.35000000000002,United Kingdom
13595,1,False,2010-01-01,2010-12-31,2011-01-01,2011-06-30,2010-03-03 14:42:00,2010-07-11 12:36:00,3,143,114,341,784.48,United Kingdom
13597,1,False,2010-01-01,2010-12-31,2011-01-01,2011-06-30,2010-11-02 09:30:00,2010-11-04 14:54:00,2,17,17,231,396.71,United Kingdom
13598,1,False,2010-01-01,2010-12-31,2011-01-01,2011-06-30,2010-02-26 11:22:00,2010-08-01 13:21:00,4,57,46,341,601.92,United Kingdom
13599,0,True,2010-01-01,2010-12-31,2011-01-01,2011-06-30,2010-02-03 10:03:00,2010-12-08 10:13:00,12,125,87,2366,4038.37,United Kingdom
13600,0,True,2010-01-01,2010-12-31,2011-01-01,2011-06-30,2010-03-15 17:16:00,2010-03-15 17:16:00,1,22,22,275,298.9,United Kingdom
13601,0,True,2010-01-01,2010-12-31,2011-01-01,2011-06-30,2010-06-11 15:03:00,2010-11-12 15:20:00,2,86,77,409,466.67,United Kingdom
13602,1,False,2010-01-01,2010-12-31,2011-01-01,2011-06-30,2010-05-28 11:49:00,2010-11-23 12:14:00,3,35,29,271,596.28,United Kingdom
13604,1,False,2010-01-01,2010-12-31,2011-01-01,2011-06-30,2010-02-19 12:02:00,2010-02-19 12:02:00,1,21,21,242,717.62,United Kingdom
13605,1,False,2010-01-01,2010-12-31,2011-01-01,2011-06-30,2010-05-17 15:46:00,2010-11-17 17:16:00,2,53,50,425,522.67,United Kingdom
13607,1,False,2010-01-01,2010-12-31,2011-01-01,2011-06-30,2010-11-02 11:48:00,2010-11-02 11:48:00,1,24,24,178,400.3,United Kingdom
13608,1,False,2010-01-01,2010-12-31,2011-01-01,2011-06-30,2010-06-17 12:28:00,2010-06-17 12:28:00,1,34,31,110,232.05,United Kingdom
13609,1,False,2010-01-01,2010-12-31,2011-01-01,2011-06-30,2010-04-25 13:26:00,2010-04-25 13:26:00,1,7,7,19,167.35,United Kingdom
13610,0,True,2010-01-01,2010-12-31,2011-01-01,2011-06-30,2010-01-05 14:12:00,2010-11-17 15:31:00,7,184,157,381,1021.38,United Kingdom
13611,0,True,2010-01-01,2010-12-31,2011-01-01,2011-06-30,2010-03-24 11:52:00,2010-12-15 10:31:00,7,149,119,1190,2108.75,United Kingdom
13612,1,False,2010-01-01,2010-12-31,2011-01-01,2011-06-30,2010-03-17 12:14:00,2010-03-17 12:14:00,1,50,50,444,818.29,United Kingdom
13613,1,False,2010-01-01,2010-12-31,2011-01-01,2011-06-30,2010-02-17 12:40:00,2010-09-13 12:01:00,5,59,50,445,1039.8500000000001,United Kingdom
13614,0,True,2010-01-01,2010-12-31,2011-01-01,2011-06-30,2010-06-06 13:42:00,2010-11-11 12:20:00,2,69,67,257,747.28,United Kingdom
13615,0,True,2010-01-01,2010-12-31,2011-01-01,2011-06-30,2010-01-28 15:43:00,2010-11-05 13:42:00,7,344,244,2721,5854.84,United Kingdom
13616,1,False,2010-01-01,2010-12-31,2011-01-01,2011-06-30,2010-01-17 14:56:00,2010-05-20 12:59:00,2,35,31,172,283.85,United Kingdom
13617,0,True,2010-01-01,2010-12-31,2011-01-01,2011-06-30,2010-08-01 15:23:00,2010-10-27 14:00:00,5,63,31,293,734.57,United Kingdom
13619,1,False,2010-01-01,2010-12-31,2011-01-01,2011-06-30,2010-02-03 14:16:00,2010-06-13 11:39:00,2,45,39,79,224.94,United Kingdom
13620,1,False,2010-01-01,2010-12-31,2011-01-01,2011-06-30,2010-06-29 15:02:00,2010-06-29 15:02:00,1,5,5,74,112.34,United Kingdom
13622,1,False,2010-01-01,2010-12-31,2011-01-01,2011-06-30,2010-01-12 13:22:00,2010-01-12 13:22:00,1,32,32,379,658.95,United Kingdom
13623,0,True,2010-01-01,2010-12-31,2011-01-01,2011-06-30,2010-01-21 13:21:00,2010-11-24 13:36:00,4,139,110,484,1177.18,United Kingdom
13624,1,False,2010-01-01,2010-12-31,2011-01-01,2011-06-30,2010-11-16 13:43:00,2010-11-16 13:43:00,1,22,22,820,462.08,United Kingdom
13625,1,False,2010-01-01,2010-12-31,2011-01-01,2011-06-30,2010-04-22 10:50:00,2010-04-22 10:50:00,1,21,21,144,301.26,United Kingdom
13626,0,True,2010-01-01,2010-12-31,2011-01-01,2011-06-30,2010-11-25 16:12:00,2010-11-25 16:12:00,1,25,25,189,449.81,United Kingdom
13627,0,True,2010-01-01,2010-12-31,2011-01-01,2011-06-30,2010-03-09 14:03:00,2010-12-17 09:52:00,3,57,56,560,918.62,United Kingdom
13628,1,False,2010-01-01,2010-12-31,2011-01-01,2011-06-30,2010-02-01 14:44:00,2010-02-01 14:44:00,1,16,16,106,310.14,United Kingdom
13629,0,True,2010-01-01,2010-12-31,2011-01-01,2011-06-30,2010-02-11 17:34:00,2010-10-22 09:48:00,8,28,7,3350,5578.5,United Kingdom
13632,0,True,2010-01-01,2010-12-31,2011-01-01,2011-06-30,2010-04-07 10:59:00,2010-11-10 12:03:00,3,75,63,602,1526.88,United Kingdom
13634,0,True,2010-01-01,2010-12-31,2011-01-01,2011-06-30,2010-01-10 14:26:00,2010-11-30 11:57:00,11,260,153,1390,3486.41,United Kingdom
13635,1,False,2010-01-01,2010-12-31,2011-01-01,2011-06-30,2010-09-23 10:06:00,2010-09-23 10:06:00,1,60,60,730,1130.98,United Kingdom
13639,1,False,2010-01-01,2010-12-31,2011-01-01,2011-06-30,2010-09-29 10:05:00,2010-09-29 10:05:00,1,19,19,197,312.93,United Kingdom
13640,1,False,2010-01-01,2010-12-31,2011-01-01,2011-06-30,2010-04-07 15:33:00,2010-04-07 15:33:00,1,4,4,108,405.0,United Kingdom
13641,1,False,2010-01-01,2010-12-31,2011-01-01,2011-06-30,2010-03-09 07:37:00,2010-03-09 07:37:00,1,9,9,209,234.60999999999999,United Kingdom
13642,0,True,2010-01-01,2010-12-31,2011-01-01,2011-06-30,2010-10-03 12:23:00,2010-10-03 12:33:00,3,48,41,80,159.92,United Kingdom
13643,0,True,2010-01-01,2010-12-31,2011-01-01,2011-06-30,2010-03-09 09:15:00,2010-11-22 15:19:00,6,64,52,539,1325.53,United Kingdom
13646,1,False,2010-01-01,2010-12-31,2011-01-01,2011-06-30,2010-11-05 12:00:00,2010-11-05 12:13:00,2,58,58,79,326.25,United Kingdom
13647,0,True,2010-01-01,2010-12-31,2011-01-01,2011-06-30,2010-04-15 12:55:00,2010-08-02 10:31:00,4,61,50,908,1393.56,United Kingdom
13648,1,False,2010-01-01,2010-12-31,2011-01-01,2011-06-30,2010-02-07 14:11:00,2010-11-04 14:46:00,7,91,84,757,1500.93,United Kingdom
13649,0,True,2010-01-01,2010-12-31,2011-01-01,2011-06-30,2010-06-30 16:35:00,2010-12-08 14:46:00,5,100,90,710,1304.88,United Kingdom
13650,0,True,2010-01-01,2010-12-31,2011-01-01,2011-06-30,2010-01-26 08:44:00,2010-11-30 13:55:00,4,76,62,824,1451.66,United Kingdom
13651,1,False,2010-01-01,2010-12-31,2011-01-01,2011-06-30,2010-11-23 09:44:00,2010-11-23 09:44:00,1,8,8,29,132.65,United Kingdom
13652,0,True,2010-01-01,2010-12-31,2011-01-01,2011-06-30,2010-02-25 17:37:00,2010-12-06 09:21:00,3,96,91,992,1475.77,United Kingdom
13653,1,False,2010-01-01,2010-12-31,2011-01-01,2011-06-30,2010-08-09 08:19:00,2010-08-09 08:19:00,1,9,9,72,152.2,United Kingdom
13654,0,True,2010-01-01,2010-12-31,2011-01-01,2011-06-30,2010-03-03 16:21:00,2010-11-24 16:41:00,4,155,126,2490,3440.69,United Kingdom
13655,0,True,2010-01-01,2010-12-31,2011-01-01,2011-06-30,2010-04-27 09:59:00,2010-11-30 08:24:00,4,63,55,620,1347.54,United Kingdom
13656,0,True,2010-01-01,2010-12-31,2011-01-01,2011-06-30,2010-04-23 12:50:00,2010-07-28 10:48:00,2,38,38,372,699.2,United Kingdom
13658,0,True,2010-01-01,2010-12-31,2011-01-01,2011-06-30,2010-02-05 13:17:00,2010-11-21 16:10:00,4,129,92,1152,3386.33,United Kingdom
13659,0,True,2010-01-01,2010-12-31,2011-01-01,2011-06-30,2010-02-17 09:05:00,2010-10-19 14:09:00,10,171,137,1645,3321.68,United Kingdom
13660,1,False,2010-01-01,2010-12-31,2011-01-01,2011-06-30,2010-11-04 16:10:00,2010-11-04 16:10:00,1,40,39,136,306.64,United Kingdom
13661,1,False,2010-01-01,2010-12-31,2011-01-01,2011-06-30,2010-04-15 14:58:00,2010-04-15 14:58:00,1,17,17,118,325.24,United Kingdom
13662,0,True,2010-01-01,2010-12-31,2011-01-01,2011-06-30,2010-02-19 13:21:00,2010-11-19 10:58:00,8,84,77,636,1352.35,United Kingdom
13663,0,True,2010-01-01,2010-12-31,2011-01-01,2011-06-30,2010-03-03 10:11:00,2010-11-24 13:55:00,4,86,75,802,1858.04,United Kingdom
13665,1,False,2010-01-01,2010-12-31,2011-01-01,2011-06-30,2010-07-23 13:29:00,2010-11-18 13:06:00,3,106,97,1652,1711.6599999999999,United Kingdom
13666,0,True,2010-01-01,2010-12-31,2011-01-01,2011-06-30,2010-10-15 15:46:00,2010-10-15 15:46:00,1,5,5,11,23.75,United Kingdom
13668,0,True,2010-01-01,2010-12-31,2011-01-01,2011-06-30,2010-01-20 12:06:00,2010-12-12 12:35:00,14,300,197,2330,6201.01,United Kingdom
13669,1,False,2010-01-01,2010-12-31,2011-01-01,2011-06-30,2010-10-28 15:05:00,2010-10-28 15:05:00,1,5,5,156,195.0,United Kingdom
13671,1,False,2010-01-01,2010-12-31,2011-01-01,2011-06-30,2010-11-10 10:50:00,2010-11-10 10:50:00,1,64,61,95,172.6,United Kingdom
13674,1,False,2010-01-01,2010-12-31,2011-01-01,2011-06-30,2010-10-03 10:41:00,2010-10-03 10:41:00,1,14,14,102,240.68,United Kingdom
13676,1,False,2010-01-01,2010-12-31,2011-01-01,2011-06-30,2010-03-30 16:53:00,2010-06-18 17:30:00,2,13,13,104,243.9,United Kingdom
13677,1,False,2010-01-01,2010-12-31,2011-01-01,2011-06-30,2010-07-07 17:25:00,2010-10-31 11:32:00,2,106,98,217,551.24,United Kingdom
13679,1,False,2010-01-01,2010-12-31,2011-01-01,2011-06-30,2010-04-19 17:11:00,2010-08-03 12:13:00,2,29,24,68,154.46,United Kingdom
13680,0,True,2010-01-01,2010-12-31,2011-01-01,2011-06-30,2010-01-14 14:48:00,2010-08-25 13:05:00,5,295,202,2406,5414.35,United Kingdom
13683,1,False,2010-01-01,2010-12-31,2011-01-01,2011-06-30,2010-09-08 10:00:00,2010-09-08 10:00:00,1,10,10,180,258.6,United Kingdom
13684,0,True,2010-01-01,2010-12-31,2011-01-01,2011-06-30,2010-03-28 14:48:00,2010-11-14 11:34:00,3,79,58,196,529.75,United Kingdom
13686,0,True,2010-01-01,2010-12-31,2011-01-01,2011-06-30,2010-11-03 13:44:00,2010-11-24 14:44:00,2,26,23,308,337.04,United Kingdom
13687,1,False,2010-01-01,2010-12-31,2011-01-01,2011-06-30,2010-09-27 16:30:00,2010-09-27 16:30:00,1,45,45,87167,11880.84,United Kingdom
13688,1,False,2010-01-01,2010-12-31,2011-01-01,2011-06-30,2010-03-14 14:11:00,2010-03-14 14:11:00,1,5,5,130,375.5,United Kingdom
13689,1,False,2010-01-01,2010-12-31,2011-01-01,2011-06-30,2010-09-21 10:27:00,2010-09-21 10:27:00,1,3,3,210,349.5,United Kingdom
13691,1,False,2010-01-01,2010-12-31,2011-01-01,2011-06-30,2010-11-08 17:34:00,2010-11-08 17:34:00,1,54,54,145,212.78,United Kingdom
13692,0,True,2010-01-01,2010-12-31,2011-01-01,2011-06-30,2010-10-15 13:28:00,2010-10-27 09:57:00,2,43,43,875,1626.08,United Kingdom
13693,1,False,2010-01-01,2010-12-31,2011-01-01,2011-06-30,2010-01-07 18:36:00,2010-11-30 18:21:00,6,77,57,679,1463.17,United Kingdom
13694,0,True,2010-01-01,2010-12-31,2011-01-01,2011-06-30,2010-01-04 13:03:00,2010-12-16 17:43:00,83,838,578,101998,113070.2,United Kingdom
13695,0,True,2010-01-01,2010-12-31,2011-01-01,2011-06-30,2010-05-11 11:07:00,2010-05-11 11:07:00,1,6,6,188,266.6,United Kingdom
13696,1,False,2010-01-01,2010-12-31,2011-01-01,2011-06-30,2010-02-11 14:17:00,2010-10-14 09:44:00,3,24,24,552,2020.4,United Kingdom
13698,1,False,2010-01-01,2010-12-31,2011-01-01,2011-06-30,2010-01-27 09:02:00,2010-04-22 11:52:00,2,38,31,227,451.73,United Kingdom
13699,1,False,2010-01-01,2010-12-31,2011-01-01,2011-06-30,2010-06-07 13:03:00,2010-06-07 13:03:00,1,23,23,153,455.57,United Kingdom
13700,0,True,2010-01-01,2010-12-31,2011-01-01,2011-06-30,2010-02-07 10:53:00,2010-10-18 11:38:00,3,46,41,505,348.34,United Kingdom
13701,1,False,2010-01-01,2010-12-31,2011-01-01,2011-06-30,2010-09-19 12:39:00,2010-09-19 12:39:00,1,9,9,80,161.0,United Kingdom
13702,1,False,2010-01-01,2010-12-31,2011-01-01,2011-06-30,2010-09-20 11:40:00,2010-09-20 11:40:00,1,5,5,74,135.18,United Kingdom
13703,0,True,2010-01-01,2010-12-31,2011-01-01,2011-06-30,2010-10-20 13:11:00,2010-10-20 13:11:00,1,36,35,118,326.06,United Kingdom
13705,1,False,2010-01-01,2010-12-31,2011-01-01,2011-06-30,2010-03-25 17:19:00,2010-12-01 10:29:00,5,56,43,646,1323.47,United Kingdom
13706,0,True,2010-01-01,2010-12-31,2011-01-01,2011-06-30,2010-03-23 09:18:00,2010-03-23 09:18:00,1,18,18,112,300.38,United Kingdom
13707,0,True,2010-01-01,2010-12-31,2011-01-01,2011-06-30,2010-06-21 11:57:00,2010-10-06 10:05:00,3,107,102,1859,2559.45,United Kingdom
13709,0,True,2010-01-01,2010-12-31,2011-01-01,2011-06-30,2010-01-11 10:40:00,2010-09-19 15:17:00,5,72,64,614,1263.7,United Kingdom
13710,1,False,2010-01-01,2010-12-31,2011-01-01,2011-06-30,2010-04-06 12:54:00,2010-10-12 10:22:00,2,7,7,160,329.04,United Kingdom
13711,0,True,2010-01-01,2010-12-31,2011-01-01,2011-06-30,2010-01-07 18:34:00,2010-10-29 15:05:00,6,73,69,657,1413.7,United Kingdom
13712,0,True,2010-01-01,2010-12-31,2011-01-01,2011-06-30,2010-04-08 11:16:00,2010-04-08 11:16:00,1,23,23,776,537.58,United Kingdom
13713,1,False,2010-01-01,2010-12-31,2011-01-01,2011-06-30,2010-05-05 16:48:00,2010-10-27 16:18:00,3,80,70,284,740.76,United Kingdom
13714,1,False,2010-01-01,2010-12-31,2011-01-01,2011-06-30,2010-08-31 13:57:00,2010-08-31 13:57:00,1,30,30,50,161.35,United Kingdom
13715,0,True,2010-01-01,2010-12-31,2011-01-01,2011-06-30,2010-03-11 15:33:00,2010-12-12 12:51:00,15,452,254,4466,7570.33,United Kingdom
13717,0,True,2010-01-01,2010-12-31,2011-01-01,2011-06-30,2010-08-11 09:40:00,2010-09-08 16:17:00,2,22,21,185,318.29,United Kingdom
13719,0,True,2010-01-01,2010-12-31,2011-01-01,2011-06-30,2010-05-17 14:36:00,2010-11-11 12:40:00,6,188,149,979,1741.4,United Kingdom
13721,1,False,2010-01-01,2010-12-31,2011-01-01,2011-06-30,2010-11-09 17:59:00,2010-11-09 17:59:00,1,14,14,196,217.39999999999998,United Kingdom
13722,0,True,2010-01-01,2010-12-31,2011-01-01,2011-06-30,2010-03-03 14:13:00,2010-10-15 10:18:00,7,104,84,1658,3260.0,United Kingdom
13723,0,True,2010-01-01,2010-12-31,2011-01-01,2011-06-30,2010-04-07 14:32:00,2010-11-12 16:59:00,5,52,46,550,994.23,United Kingdom
13724,1,False,2010-01-01,2010-12-31,2011-01-01,2011-06-30,2010-03-12 15:28:00,2010-03-12 15:28:00,1,42,39,130,213.01,United Kingdom
13727,1,False,2010-01-01,2010-12-31,2011-01-01,2011-06-30,2010-01-07 11:47:00,2010-04-07 12:14:00,5,57,50,194,610.07,United Kingdom
13728,0,True,2010-01-01,2010-12-31,2011-01-01,2011-06-30,2010-01-08 11:13:00,2010-11-17 13:50:00,9,94,54,767,1704.03,United Kingdom
13729,1,False,2010-01-01,2010-12-31,2011-01-01,2011-06-30,2010-01-24 14:57:00,2010-09-30 10:44:00,3,39,36,419,724.73,United Kingdom
13733,1,False,2010-01-01,2010-12-31,2011-01-01,2011-06-30,2010-10-25 12:18:00,2010-10-25 12:18:00,1,19,19,273,337.93,United Kingdom
13734,1,False,2010-01-01,2010-12-31,2011-01-01,2011-06-30,2010-04-16 08:42:00,2010-07-19 12:04:00,4,27,24,302,6695.6900000000005,United Kingdom
13735,0,True,2010-01-01,2010-12-31,2011-01-01,2011-06-30,2010-01-21 13:33:00,2010-11-28 13:43:00,8,410,256,2791,6389.61,United Kingdom
13736,0,True,2010-01-01,2010-12-31,2011-01-01,2011-06-30,2010-06-13 11:36:00,2010-10-10 11:41:00,4,249,176,673,1311.83,United Kingdom
13738,1,False,2010-01-01,2010-12-31,2011-01-01,2011-06-30,2010-11-08 15:23:00,2010-11-08 15:23:00,1,89,88,237,434.78000000000003,United Kingdom
13739,1,False,2010-01-01,2010-12-31,2011-01-01,2011-06-30,2010-06-30 10:25:00,2010-06-30 10:25:00,1,3,3,22,75.3,United Kingdom
13740,0,True,2010-01-01,2010-12-31,2011-01-01,2011-06-30,2010-05-12 09:39:00,2010-10-20 13:30:00,3,52,48,469,935.33,United Kingdom
13745,0,True,2010-01-01,2010-12-31,2011-01-01,2011-06-30,2010-06-11 17:19:00,2010-06-11 17:19:00,1,31,31,650,477.32,United Kingdom
13746,1,False,2010-01-01,2010-12-31,2011-01-01,2011-06-30,2010-10-22 11:55:00,2010-10-22 11:55:00,1,9,9,83,176.69,United Kingdom
13747,1,False,2010-01-01,2010-12-31,2011-01-01,2011-06-30,2010-10-11 09:15:00,2010-12-01 10:37:00,2,5,4,60,169.79999999999998,United Kingdom
13748,0,True,2010-01-01,2010-12-31,2011-01-01,2011-06-30,2010-10-18 09:10:00,2010-12-01 09:00:00,4,24,16,579,1147.0,United Kingdom
13750,0,True,2010-01-01,2010-12-31,2011-01-01,2011-06-30,2010-04-01 14:49:00,2010-11-24 11:07:00,6,51,34,854,1954.92,United Kingdom
13752,0,True,2010-01-01,2010-12-31,2011-01-01,2011-06-30,2010-06-30 10:23:00,2010-06-30 10:23:00,1,19,19,131,404.45000000000005,United Kingdom
13753,0,True,2010-01-01,2010-12-31,2011-01-01,2011-06-30,2010-02-26 12:10:00,2010-04-20 14:08:00,2,29,27,510,711.11,United Kingdom
13754,0,True,2010-01-01,2010-12-31,2011-01-01,2011-06-30,2010-09-28 15:29:00,2010-09-28 15:29:00,1,9,9,101,164.45000000000002,United Kingdom
13756,0,True,2010-01-01,2010-12-31,2011-01-01,2011-06-30,2010-01-20 16:00:00,2010-12-16 09:52:00,11,208,102,2345,4288.58,United Kingdom
13757,1,False,2010-01-01,2010-12-31,2011-01-01,2011-06-30,2010-02-03 12:37:00,2010-02-03 12:37:00,1,8,8,54,195.55,United Kingdom
13758,0,True,2010-01-01,2010-12-31,2011-01-01,2011-06-30,2010-01-27 16:23:00,2010-12-08 15:39:00,8,144,119,2478,4359.49,United Kingdom
13760,0,True,2010-01-01,2010-12-31,2011-01-01,2011-06-30,2010-04-25 13:10:00,2010-10-31 15:18:00,3,62,53,426,1076.85,United Kingdom
13761,0,True,2010-01-01,2010-12-31,2011-01-01,2011-06-30,2010-02-21 11:08:00,2010-07-25 12:50:00,4,52,50,437,881.52,United Kingdom
13762,0,True,2010-01-01,2010-12-31,2011-01-01,2011-06-30,2010-01-10 12:13:00,2010-04-25 15:51:00,4,28,21,2336,2165.76,United Kingdom
13763,1,False,2010-01-01,2010-12-31,2011-01-01,2011-06-30,2010-09-30 17:39:00,2010-10-18 13:25:00,2,35,35,2496,3502.48,United Kingdom
13764,0,True,2010-01-01,2010-12-31,2011-01-01,2011-06-30,2010-03-07 12:56:00,2010-05-19 15:47:00,3,163,141,1158,1400.2,United Kingdom
13765,1,False,2010-01-01,2010-12-31,2011-01-01,2011-06-30,2010-02-24 13:46:00,2010-02-24 13:46:00,1,17,17,297,352.821,United Kingdom
13766,1,False,2010-01-01,2010-12-31,2011-01-01,2011-06-30,2010-08-01 14:25:00,2010-08-01 14:25:00,1,17,16,137,190.35,United Kingdom
13767,0,True,2010-01-01,2010-12-31,2011-01-01,2011-06-30,2010-01-07 16:19:00,2010-12-16 16:54:00,39,413,93,7403,16611.170000000002,United Kingdom
13769,0,True,2010-01-01,2010-12-31,2011-01-01,2011-06-30,2010-02-19 10:41:00,2010-12-07 13:28:00,10,140,78,1350,2789.6600000000003,United Kingdom
13770,1,False,2010-01-01,2010-12-31,2011-01-01,2011-06-30,2010-03-04 10:41:00,2010-10-13 15:10:00,3,42,42,357,611.04,United Kingdom
13771,0,True,2010-01-01,2010-12-31,2011-01-01,2011-06-30,2010-02-25 12:37:00,2010-06-24 13:42:00,5,97,85,1663,3094.37,United Kingdom
13772,0,True,2010-01-01,2010-12-31,2011-01-01,2011-06-30,2010-02-23 13:55:00,2010-11-04 13:14:00,5,394,290,906,1977.39,United Kingdom
13773,1,False,2010-01-01,2010-12-31,2011-01-01,2011-06-30,2010-02-18 10:27:00,2010-11-08 11:49:00,2,19,19,174,301.54,United Kingdom
13775,1,False,2010-01-01,2010-12-31,2011-01-01,2011-06-30,2010-04-28 12:15:00,2010-04-28 12:15:00,1,63,63,455,1049.66,United Kingdom
13776,1,False,2010-01-01,2010-12-31,2011-01-01,2011-06-30,2010-10-07 16:07:00,2010-10-07 16:11:00,2,2,1,2,623.98,United Kingdom
13777,0,True,2010-01-01,2010-12-31,2011-01-01,2011-06-30,2010-01-17 12:42:00,2010-12-23 12:04:00,33,162,31,10639,23497.84,United Kingdom
13778,1,False,2010-01-01,2010-12-31,2011-01-01,2011-06-30,2010-05-23 13:34:00,2010-08-05 14:52:00,3,35,27,441,945.79,United Kingdom
13779,1,False,2010-01-01,2010-12-31,2011-01-01,2011-06-30,2010-07-12 11:24:00,2010-07-12 11:24:00,1,27,27,53,161.13,United Kingdom
13780,0,True,2010-01-01,2010-12-31,2011-01-01,2011-06-30,2010-10-28 19:51:00,2010-10-28 19:51:00,1,41,35,161,372.06,United Kingdom
13781,0,True,2010-01-01,2010-12-31,2011-01-01,2011-06-30,2010-04-26 14:30:00,2010-04-26 14:30:00,1,22,22,130,336.55,United Kingdom
13782,0,True,2010-01-01,2010-12-31,2011-01-01,2011-06-30,2010-01-17 13:29:00,2010-09-12 10:40:00,6,115,97,246,744.82,United Kingdom
13783,1,False,2010-01-01,2010-12-31,2011-01-01,2011-06-30,2010-02-04 13:47:00,2010-08-09 09:23:00,4,10,4,3437,1542.09,United Kingdom
13784,0,True,2010-01-01,2010-12-31,2011-01-01,2011-06-30,2010-09-15 12:27:00,2010-10-01 08:19:00,3,12,9,334,447.44,United Kingdom
13785,1,False,2010-01-01,2010-12-31,2011-01-01,2011-06-30,2010-09-05 16:01:00,2010-10-07 09:25:00,4,30,26,151,542.49,United Kingdom
13786,1,False,2010-01-01,2010-12-31,2011-01-01,2011-06-30,2010-03-15 16:36:00,2010-12-07 13:53:00,5,96,73,1192,2404.9,United Kingdom
13787,1,False,2010-01-01,2010-12-31,2011-01-01,2011-06-30,2010-01-14 10:13:00,2010-12-10 14:45:00,5,62,56,717,1019.86,United Kingdom
13788,1,False,2010-01-01,2010-12-31,2011-01-01,2011-06-30,2010-07-22 15:50:00,2010-07-22 15:50:00,1,1,1,1,3.75,United Kingdom
13789,1,False,2010-01-01,2010-12-31,2011-01-01,2011-06-30,2010-11-16 15:31:00,2010-11-16 15:31:00,1,18,18,258,239.45999999999998,United Kingdom
13792,0,True,2010-01-01,2010-12-31,2011-01-01,2011-06-30,2010-10-13 11:05:00,2010-10-13 11:05:00,1,10,10,64,188.4,United Kingdom
13793,1,False,2010-01-01,2010-12-31,2011-01-01,2011-06-30,2010-03-03 08:25:00,2010-03-03 08:25:00,1,7,7,52,96.0,United Kingdom
13794,1,False,2010-01-01,2010-12-31,2011-01-01,2011-06-30,2010-06-11 12:30:00,2010-06-11 12:30:00,1,9,9,63,126.03,United Kingdom
13795,1,False,2010-01-01,2010-12-31,2011-01-01,2011-06-30,2010-03-12 12:44:00,2010-11-16 17:25:00,4,29,23,1250,836.3,United Kingdom
13796,1,False,2010-01-01,2010-12-31,2011-01-01,2011-06-30,2010-07-28 14:45:00,2010-07-28 14:45:00,1,22,22,218,289.7,United Kingdom
13797,1,False,2010-01-01,2010-12-31,2011-01-01,2011-06-30,2010-03-02 12:17:00,2010-09-29 10:34:00,3,78,71,573,1179.45,United Kingdom
13798,0,True,2010-01-01,2010-12-31,2011-01-01,2011-06-30,2010-01-04 12:54:00,2010-12-10 15:31:00,52,389,121,25643,41160.52,United Kingdom
13799,0,True,2010-01-01,2010-12-31,2011-01-01,2011-06-30,2010-03-05 16:39:00,2010-09-21 12:02:00,7,67,44,1137,2114.71,United Kingdom
13800,0,True,2010-01-01,2010-12-31,2011-01-01,2011-06-30,2010-10-05 14:19:00,2010-10-05 14:19:00,1,21,21,318,642.54,United Kingdom
13802,0,True,2010-01-01,2010-12-31,2011-01-01,2011-06-30,2010-02-16 10:11:00,2010-11-30 12:28:00,16,388,197,11557,21659.69,United Kingdom
13803,0,True,2010-01-01,2010-12-31,2011-01-01,2011-06-30,2010-03-31 10:00:00,2010-10-04 10:52:00,2,61,58,710,1061.84,United Kingdom
13804,0,True,2010-01-01,2010-12-31,2011-01-01,2011-06-30,2010-09-29 10:26:00,2010-09-30 16:20:00,2,32,32,335,572.73,United Kingdom
13807,1,False,2010-01-01,2010-12-31,2011-01-01,2011-06-30,2010-05-14 14:53:00,2010-12-07 15:48:00,2,18,18,73,314.25,United Kingdom
13809,0,True,2010-01-01,2010-12-31,2011-01-01,2011-06-30,2010-09-05 11:42:00,2010-11-10 09:35:00,2,13,13,252,524.65,Cyprus
13813,1,False,2010-01-01,2010-12-31,2011-01-01,2011-06-30,2010-02-10 13:04:00,2010-06-30 08:50:00,3,61,46,573,1115.46,Germany
13814,1,False,2010-01-01,2010-12-31,2011-01-01,2011-06-30,2010-06-30 14:12:00,2010-06-30 14:12:00,1,22,22,350,678.2,Germany
13815,0,True,2010-01-01,2010-12-31,2011-01-01,2011-06-30,2010-02-12 10:26:00,2010-10-29 11:42:00,4,180,124,2821,3448.38,Germany
13817,1,False,2010-01-01,2010-12-31,2011-01-01,2011-06-30,2010-12-23 11:46:00,2010-12-23 11:46:00,1,9,9,63,128.7,Germany
13818,1,False,2010-01-01,2010-12-31,2011-01-01,2011-06-30,2010-10-06 12:35:00,2010-10-06 12:35:00,1,5,5,60,61.28,United Kingdom
13819,0,True,2010-01-01,2010-12-31,2011-01-01,2011-06-30,2010-02-08 15:30:00,2010-02-08 15:30:00,1,19,19,380,419.6,United Kingdom
13820,1,False,2010-01-01,2010-12-31,2011-01-01,2011-06-30,2010-01-28 12:26:00,2010-10-17 13:46:00,3,89,68,285,652.75,United Kingdom
13821,0,True,2010-01-01,2010-12-31,2011-01-01,2011-06-30,2010-01-04 13:36:00,2010-11-11 13:24:00,4,145,132,324,993.44,United Kingdom
13823,1,False,2010-01-01,2010-12-31,2011-01-01,2011-06-30,2010-02-05 09:49:00,2010-11-24 13:32:00,4,96,72,880,2054.2400000000002,United Kingdom
13824,0,True,2010-01-01,2010-12-31,2011-01-01,2011-06-30,2010-03-12 15:17:00,2010-11-25 17:33:00,7,54,34,674,1615.82,United Kingdom
13825,1,False,2010-01-01,2010-12-31,2011-01-01,2011-06-30,2010-03-28 11:02:00,2010-03-28 11:02:00,1,18,18,78,112.23,United Kingdom
13829,1,False,2010-01-01,2010-12-31,2011-01-01,2011-06-30,2010-10-14 18:19:00,2010-10-14 18:19:00,1,1,1,12,102.0,United Kingdom
13830,1,False,2010-01-01,2010-12-31,2011-01-01,2011-06-30,2010-05-07 12:24:00,2010-05-07 12:24:00,1,11,11,47,156.85000000000002,United Kingdom
13831,0,True,2010-01-01,2010-12-31,2011-01-01,2011-06-30,2010-01-05 13:43:00,2010-12-05 12:13:00,11,85,64,1320,3578.1299999999997,United Kingdom
13832,1,False,2010-01-01,2010-12-31,2011-01-01,2011-06-30,2010-10-13 14:41:00,2010-10-13 14:41:00,1,52,51,392,557.6899999999999,United Kingdom
13833,1,False,2010-01-01,2010-12-31,2011-01-01,2011-06-30,2010-10-31 14:11:00,2010-10-31 14:11:00,1,16,16,126,316.56,United Kingdom
13834,1,False,2010-01-01,2010-12-31,2011-01-01,2011-06-30,2010-02-08 12:52:00,2010-05-12 10:27:00,2,16,15,221,324.19,United Kingdom
13835,0,True,2010-01-01,2010-12-31,2011-01-01,2011-06-30,2010-03-04 08:26:00,2010-07-08 11:50:00,3,16,15,78,260.7,United Kingdom
13836,1,False,2010-01-01,2010-12-31,2011-01-01,2011-06-30,2010-10-21 13:27:00,2010-11-05 13:31:00,2,31,29,273,620.37,United Kingdom
13838,1,False,2010-01-01,2010-12-31,2011-01-01,2011-06-30,2010-05-09 11:40:00,2010-12-05 10:45:00,7,287,242,520,1245.91,United Kingdom
13839,1,False,2010-01-01,2010-12-31,2011-01-01,2011-06-30,2010-08-10 13:52:00,2010-08-10 13:52:00,1,7,7,25,139.95000000000002,United Kingdom
13840,1,False,2010-01-01,2010-12-31,2011-01-01,2011-06-30,2010-10-19 13:34:00,2010-10-19 13:34:00,1,40,40,358,651.4,United Kingdom
13842,0,True,2010-01-01,2010-12-31,2011-01-01,2011-06-30,2010-02-16 15:54:00,2010-12-08 10:39:00,10,149,113,1111,2244.29,United Kingdom
13843,1,False,2010-01-01,2010-12-31,2011-01-01,2011-06-30,2010-11-23 17:48:00,2010-11-23 17:48:00,1,18,18,145,319.75,United Kingdom
13846,0,True,2010-01-01,2010-12-31,2011-01-01,2011-06-30,2010-11-05 09:47:00,2010-12-14 16:07:00,2,54,54,551,854.13,United Kingdom
13848,0,True,2010-01-01,2010-12-31,2011-01-01,2011-06-30,2010-03-21 12:01:00,2010-12-08 15:10:00,5,5,1,5000,1600.0,United Kingdom
13849,0,True,2010-01-01,2010-12-31,2011-01-01,2011-06-30,2010-03-25 12:03:00,2010-11-07 12:13:00,3,119,108,867,1931.35,United Kingdom
13851,0,True,2010-01-01,2010-12-31,2011-01-01,2011-06-30,2010-01-29 11:54:00,2010-11-25 11:34:00,5,59,45,820,1955.0,United Kingdom
13852,1,False,2010-01-01,2010-12-31,2011-01-01,2011-06-30,2010-04-08 09:06:00,2010-04-08 09:06:00,1,11,11,85,187.35000000000002,United Kingdom
13854,0,True,2010-01-01,2010-12-31,2011-01-01,2011-06-30,2010-01-08 11:28:00,2010-12-17 09:37:00,16,79,41,1626,4444.48,United Kingdom
13855,1,False,2010-01-01,2010-12-31,2011-01-01,2011-06-30,2010-04-22 10:10:00,2010-07-27 09:53:00,2,31,31,307,501.24,United Kingdom
13856,0,True,2010-01-01,2010-12-31,2011-01-01,2011-06-30,2010-03-30 15:40:00,2010-09-02 18:24:00,8,40,27,611,753.53,United Kingdom
13857,1,False,2010-01-01,2010-12-31,2011-01-01,2011-06-30,2010-05-17 14:21:00,2010-11-11 12:54:00,6,128,99,782,1001.01,United Kingdom
13859,0,True,2010-01-01,2010-12-31,2011-01-01,2011-06-30,2010-06-28 15:36:00,2010-06-28 15:36:00,1,8,8,38,314.7,United Kingdom
13861,1,False,2010-01-01,2010-12-31,2011-01-01,2011-06-30,2010-06-27 11:37:00,2010-10-06 14:20:00,2,21,21,225,273.26,United Kingdom
13862,0,True,2010-01-01,2010-12-31,2011-01-01,2011-06-30,2010-11-15 13:43:00,2010-11-15 13:43:00,1,21,21,239,346.73,United Kingdom
13863,0,True,2010-01-01,2010-12-31,2011-01-01,2011-06-30,2010-04-25 13:09:00,2010-08-31 12:57:00,3,50,43,329,933.77,United Kingdom
13864,1,False,2010-01-01,2010-12-31,2011-01-01,2011-06-30,2010-11-18 12:50:00,2010-11-18 12:50:00,1,1,1,192,662.4000000000001,United Kingdom
13869,0,True,2010-01-01,2010-12-31,2011-01-01,2011-06-30,2010-01-17 14:53:00,2010-12-17 15:14:00,7,555,366,2749,5236.84,United Kingdom
13870,0,True,2010-01-01,2010-12-31,2011-01-01,2011-06-30,2010-02-08 12:08:00,2010-11-17 15:47:00,7,126,86,2124,2941.14,United Kingdom
13871,0,True,2010-01-01,2010-12-31,2011-01-01,2011-06-30,2010-03-28 10:51:00,2010-10-07 12:56:00,3,35,29,425,928.6,United Kingdom
13872,1,False,2010-01-01,2010-12-31,2011-01-01,2011-06-30,2010-03-23 13:34:00,2010-06-30 15:35:00,2,41,38,255,667.45,United Kingdom
13873,0,True,2010-01-01,2010-12-31,2011-01-01,2011-06-30,2010-03-03 12:31:00,2010-11-21 11:47:00,5,37,36,332,649.32,United Kingdom
13874,1,False,2010-01-01,2010-12-31,2011-01-01,2011-06-30,2010-02-04 18:39:00,2010-12-16 18:20:00,7,69,46,864,2049.15,United Kingdom
13875,0,True,2010-01-01,2010-12-31,2011-01-01,2011-06-30,2010-02-04 10:37:00,2010-11-17 13:12:00,8,155,107,1617,2862.99,United Kingdom
13877,1,False,2010-01-01,2010-12-31,2011-01-01,2011-06-30,2010-01-19 10:53:00,2010-08-26 17:19:00,2,20,20,370,332.44,United Kingdom
13878,1,False,2010-01-01,2010-12-31,2011-01-01,2011-06-30,2010-04-14 13:50:00,2010-06-10 10:15:00,3,67,59,464,1145.33,United Kingdom
13879,1,False,2010-01-01,2010-12-31,2011-01-01,2011-06-30,2010-03-04 10:49:00,2010-03-04 10:49:00,1,25,25,204,395.5,United Kingdom
13880,0,True,2010-01-01,2010-12-31,2011-01-01,2011-06-30,2010-05-26 14:29:00,2010-12-07 14:00:00,5,64,50,747,1171.89,United Kingdom
13881,0,True,2010-01-01,2010-12-31,2011-01-01,2011-06-30,2010-03-04 14:41:00,2010-11-29 16:24:00,23,279,148,19642,28019.58,United Kingdom
13883,0,True,2010-01-01,2010-12-31,2011-01-01,2011-06-30,2010-02-28 12:53:00,2010-11-01 14:45:00,9,172,135,2146,3860.89,United Kingdom
13884,0,True,2010-01-01,2010-12-31,2011-01-01,2011-06-30,2010-08-26 19:57:00,2010-11-28 11:45:00,5,123,87,452,1037.43,United Kingdom
13888,0,True,2010-01-01,2010-12-31,2011-01-01,2011-06-30,2010-05-13 11:57:00,2010-10-31 11:09:00,5,132,96,541,1405.92,United Kingdom
13889,1,False,2010-01-01,2010-12-31,2011-01-01,2011-06-30,2010-01-22 14:32:00,2010-11-22 13:25:00,5,68,50,833,1574.3300000000002,United Kingdom
13890,1,False,2010-01-01,2010-12-31,2011-01-01,2011-06-30,2010-03-03 16:33:00,2010-12-16 09:31:00,4,61,44,565,1020.27,United Kingdom
13891,1,False,2010-01-01,2010-12-31,2011-01-01,2011-06-30,2010-05-06 16:02:00,2010-11-26 15:57:00,3,99,97,476,859.21,United Kingdom
13892,0,True,2010-01-01,2010-12-31,2011-01-01,2011-06-30,2010-05-13 10:32:00,2010-08-19 09:07:00,2,9,8,2142,634.68,United Kingdom
13895,0,True,2010-01-01,2010-12-31,2011-01-01,2011-06-30,2010-07-12 10:46:00,2010-07-12 10:46:00,1,26,26,287,584.4499999999999,United Kingdom
13896,1,False,2010-01-01,2010-12-31,2011-01-01,2011-06-30,2010-03-24 08:55:00,2010-03-24 08:55:00,1,21,21,149,388.55,United Kingdom
13897,1,False,2010-01-01,2010-12-31,2011-01-01,2011-06-30,2010-01-31 13:48:00,2010-09-27 13:36:00,2,42,42,620,849.56,United Kingdom
13898,0,True,2010-01-01,2010-12-31,2011-01-01,2011-06-30,2010-10-24 15:42:00,2010-10-24 15:42:00,1,34,34,411,530.47,United Kingdom
13900,0,True,2010-01-01,2010-12-31,2011-01-01,2011-06-30,2010-03-25 13:46:00,2010-11-15 14:48:00,3,52,46,508,869.64,United Kingdom
13901,0,True,2010-01-01,2010-12-31,2011-01-01,2011-06-30,2010-01-05 09:29:00,2010-11-30 15:21:00,10,161,148,1605,2809.14,United Kingdom
13902,1,False,2010-01-01,2010-12-31,2011-01-01,2011-06-30,2010-01-21 15:11:00,2010-03-17 13:09:00,4,56,53,220506,33665.6,Denmark
13903,1,False,2010-01-01,2010-12-31,2011-01-01,2011-06-30,2010-11-04 17:44:00,2010-11-04 17:44:00,1,10,10,103,165.45000000000002,United Kingdom
13906,1,False,2010-01-01,2010-12-31,2011-01-01,2011-06-30,2010-10-26 15:00:00,2010-10-26 15:00:00,1,1,1,100,42.0,United Kingdom
13907,1,False,2010-01-01,2010-12-31,2011-01-01,2011-06-30,2010-01-17 12:22:00,2010-01-17 12:22:00,1,4,4,68,136.8,United Kingdom
13909,1,False,2010-01-01,2010-12-31,2011-01-01,2011-06-30,2010-07-06 16:52:00,2010-10-12 17:22:00,2,38,35,301,282.85,United Kingdom
13911,0,True,2010-01-01,2010-12-31,2011-01-01,2011-06-30,2010-03-01 16:31:00,2010-11-25 16:16:00,11,90,67,1756,1654.08,United Kingdom
13912,1,False,2010-01-01,2010-12-31,2011-01-01,2011-06-30,2010-10-12 08:43:00,2010-10-12 08:43:00,1,7,7,29,124.95,United Kingdom
13913,1,False,2010-01-01,2010-12-31,2011-01-01,2011-06-30,2010-07-21 10:11:00,2010-07-21 10:11:00,1,3,3,10,42.22,United Kingdom
13915,1,False,2010-01-01,2010-12-31,2011-01-01,2011-06-30,2010-11-10 15:17:00,2010-11-10 15:17:00,1,2,2,24,70.80000000000001,United Kingdom
13916,1,False,2010-01-01,2010-12-31,2011-01-01,2011-06-30,2010-02-02 10:06:00,2010-09-02 10:04:00,4,74,72,673,1275.81,United Kingdom
13919,1,False,2010-01-01,2010-12-31,2011-01-01,2011-06-30,2010-06-17 09:30:00,2010-10-11 11:53:00,2,49,45,659,975.87,Denmark
13920,1,False,2010-01-01,2010-12-31,2011-01-01,2011-06-30,2010-05-26 15:48:00,2010-10-04 12:37:00,4,86,81,1772,1774.68,United Kingdom
13921,1,False,2010-01-01,2010-12-31,2011-01-01,2011-06-30,2010-06-17 11:40:00,2010-11-02 16:32:00,3,37,33,185,627.95,United Kingdom
13922,1,False,2010-01-01,2010-12-31,2011-01-01,2011-06-30,2010-08-29 14:36:00,2010-12-23 10:38:00,3,30,30,467,865.2,United Kingdom
13927,1,False,2010-01-01,2010-12-31,2011-01-01,2011-06-30,2010-09-28 16:12:00,2010-09-28 16:12:00,1,20,20,249,359.27,United Kingdom
13929,0,True,2010-01-01,2010-12-31,2011-01-01,2011-06-30,2010-01-14 07:25:00,2010-10-19 09:50:00,9,48,37,1423,2651.45,United Kingdom
13931,0,True,2010-01-01,2010-12-31,2011-01-01,2011-06-30,2010-03-26 13:42:00,2010-11-12 12:12:00,6,127,102,1913,2389.79,United Kingdom
13935,1,False,2010-01-01,2010-12-31,2011-01-01,2011-06-30,2010-02-25 16:01:00,2010-04-22 11:21:00,3,80,67,2252,6116.92,United Kingdom
13936,0,True,2010-01-01,2010-12-31,2011-01-01,2011-06-30,2010-10-21 14:21:00,2010-11-22 10:34:00,2,33,31,331,563.08,United Kingdom
13937,0,True,2010-01-01,2010-12-31,2011-01-01,2011-06-30,2010-11-02 12:37:00,2010-11-02 12:37:00,1,45,45,464,721.28,United Kingdom
13939,0,True,2010-01-01,2010-12-31,2011-01-01,2011-06-30,2010-04-06 12:43:00,2010-10-04 14:35:00,4,65,52,761,992.41,United Kingdom
13941,0,True,2010-01-01,2010-12-31,2011-01-01,2011-06-30,2010-01-27 11:53:00,2010-12-02 10:17:00,10,49,27,2756,5228.24,United Kingdom
13942,1,False,2010-01-01,2010-12-31,2011-01-01,2011-06-30,2010-06-23 12:35:00,2010-06-23 12:35:00,1,1,1,1000,320.0,United Kingdom
13943,1,False,2010-01-01,2010-12-31,2011-01-01,2011-06-30,2010-05-11 11:30:00,2010-05-11 11:30:00,1,15,15,94,246.54,United Kingdom
13944,1,False,2010-01-01,2010-12-31,2011-01-01,2011-06-30,2010-02-24 15:02:00,2010-02-24 15:02:00,1,35,35,153,200.43,United Kingdom
13945,1,False,2010-01-01,2010-12-31,2011-01-01,2011-06-30,2010-08-17 09:59:00,2010-11-10 10:00:00,2,51,49,413,854.15,United Kingdom
13946,0,True,2010-01-01,2010-12-31,2011-01-01,2011-06-30,2010-03-15 11:00:00,2010-11-28 16:21:00,2,19,17,2198,1034.46,United Kingdom
13948,1,False,2010-01-01,2010-12-31,2011-01-01,2011-06-30,2010-03-01 12:16:00,2010-12-14 10:18:00,3,17,17,185,393.11,United Kingdom
13952,0,True,2010-01-01,2010-12-31,2011-01-01,2011-06-30,2010-02-18 18:20:00,2010-11-24 14:29:00,11,241,169,3919,8345.66,United Kingdom
13953,0,True,2010-01-01,2010-12-31,2011-01-01,2011-06-30,2010-02-04 12:26:00,2010-12-22 10:29:00,5,5,1,2500,3125.0,United Kingdom
13955,0,True,2010-01-01,2010-12-31,2011-01-01,2011-06-30,2010-11-29 17:35:00,2010-11-29 17:35:00,1,52,52,118,221.10999999999999,United Kingdom
13957,1,False,2010-01-01,2010-12-31,2011-01-01,2011-06-30,2010-02-19 10:32:00,2010-10-18 10:02:00,3,27,21,157,458.25,United Kingdom
13958,1,False,2010-01-01,2010-12-31,2011-01-01,2011-06-30,2010-03-07 12:09:00,2010-11-25 10:11:00,6,202,158,1863,3897.68,United Kingdom
13959,0,True,2010-01-01,2010-12-31,2011-01-01,2011-06-30,2010-07-16 15:11:00,2010-12-12 13:56:00,4,83,61,457,685.47,United Kingdom
13961,1,False,2010-01-01,2010-12-31,2011-01-01,2011-06-30,2010-11-12 14:40:00,2010-11-12 14:40:00,1,19,19,226,538.4,United Kingdom
13962,0,True,2010-01-01,2010-12-31,2011-01-01,2011-06-30,2010-09-30 10:35:00,2010-09-30 10:35:00,1,12,12,73,193.25,United Kingdom
13963,0,True,2010-01-01,2010-12-31,2011-01-01,2011-06-30,2010-04-21 16:20:00,2010-12-07 09:21:00,14,137,107,1601,2347.33,United Kingdom
13964,1,False,2010-01-01,2010-12-31,2011-01-01,2011-06-30,2010-10-05 12:38:00,2010-11-17 13:53:00,2,24,22,228,438.9,United Kingdom
13965,1,False,2010-01-01,2010-12-31,2011-01-01,2011-06-30,2010-01-05 15:21:00,2010-08-20 10:40:00,3,24,23,425,996.61,United Kingdom
13966,1,False,2010-01-01,2010-12-31,2011-01-01,2011-06-30,2010-09-30 13:08:00,2010-09-30 13:08:00,1,21,21,760,384.26,United Kingdom
13967,1,False,2010-01-01,2010-12-31,2011-01-01,2011-06-30,2010-11-08 13:24:00,2010-11-08 13:24:00,1,4,4,24,85.6,United Kingdom
13968,1,False,2010-01-01,2010-12-31,2011-01-01,2011-06-30,2010-10-12 13:22:00,2010-10-12 13:22:00,1,8,8,174,123.66,United Kingdom
13969,0,True,2010-01-01,2010-12-31,2011-01-01,2011-06-30,2010-03-25 13:15:00,2010-12-09 19:32:00,18,470,240,2245,4266.88,United Kingdom
13970,1,False,2010-01-01,2010-12-31,2011-01-01,2011-06-30,2010-09-28 11:53:00,2010-11-18 13:21:00,2,13,10,469,846.55,United Kingdom
13971,0,True,2010-01-01,2010-12-31,2011-01-01,2011-06-30,2010-01-26 09:51:00,2010-10-12 08:51:00,6,106,87,1240,1909.31,United Kingdom
13974,1,False,2010-01-01,2010-12-31,2011-01-01,2011-06-30,2010-05-06 17:55:00,2010-05-06 17:55:00,1,15,15,107,264.13,United Kingdom
13975,0,True,2010-01-01,2010-12-31,2011-01-01,2011-06-30,2010-02-02 13:13:00,2010-11-11 16:18:00,6,408,290,2187,2795.16,United Kingdom
13976,0,True,2010-01-01,2010-12-31,2011-01-01,2011-06-30,2010-02-09 13:08:00,2010-07-21 09:27:00,3,46,43,298,834.38,United Kingdom
13977,1,False,2010-01-01,2010-12-31,2011-01-01,2011-06-30,2010-10-24 14:08:00,2010-10-24 14:08:00,1,13,13,303,519.8100000000001,United Kingdom
13979,1,False,2010-01-01,2010-12-31,2011-01-01,2011-06-30,2010-03-01 15:47:00,2010-11-11 14:10:00,5,326,300,1481,2306.28,United Kingdom
13980,1,False,2010-01-01,2010-12-31,2011-01-01,2011-06-30,2010-02-21 14:18:00,2010-09-26 12:58:00,4,52,47,291,568.68,United Kingdom
13981,1,False,2010-01-01,2010-12-31,2011-01-01,2011-06-30,2010-10-20 10:03:00,2010-10-20 10:03:00,1,22,22,234,331.14,United Kingdom
13982,0,True,2010-01-01,2010-12-31,2011-01-01,2011-06-30,2010-01-20 14:04:00,2010-12-09 13:57:00,6,137,87,1550,2511.08,United Kingdom
13983,0,True,2010-01-01,2010-12-31,2011-01-01,2011-06-30,2010-01-14 16:24:00,2010-12-08 10:38:00,9,224,182,2877,4303.87,United Kingdom
13984,0,True,2010-01-01,2010-12-31,2011-01-01,2011-06-30,2010-02-07 11:29:00,2010-12-08 15:58:00,6,69,44,592,868.59,United Kingdom
13985,0,True,2010-01-01,2010-12-31,2011-01-01,2011-06-30,2010-02-09 13:56:00,2010-11-30 08:58:00,7,131,81,1491,2960.73,United Kingdom
13987,1,False,2010-01-01,2010-12-31,2011-01-01,2011-06-30,2010-11-04 09:54:00,2010-11-25 10:20:00,2,46,46,492,682.54,United Kingdom
13988,0,True,2010-01-01,2010-12-31,2011-01-01,2011-06-30,2010-03-24 11:05:00,2010-11-21 12:40:00,2,61,54,341,609.84,United Kingdom
13989,0,True,2010-01-01,2010-12-31,2011-01-01,2011-06-30,2010-05-25 12:13:00,2010-09-01 13:58:00,3,45,34,894,759.98,United Kingdom
13992,1,False,2010-01-01,2010-12-31,2011-01-01,2011-06-30,2010-09-02 17:04:00,2010-11-24 15:42:00,2,6,5,90,142.7,United Kingdom
13993,0,True,2010-01-01,2010-12-31,2011-01-01,2011-06-30,2010-02-09 12:52:00,2010-11-25 11:03:00,9,115,70,1032,2752.6,United Kingdom
13995,0,True,2010-01-01,2010-12-31,2011-01-01,2011-06-30,2010-03-02 09:11:00,2010-11-25 16:31:00,8,138,104,1414,2364.62,United Kingdom
13996,1,False,2010-01-01,2010-12-31,2011-01-01,2011-06-30,2010-11-05 15:07:00,2010-11-18 16:27:00,2,33,29,613,895.76,United Kingdom
13997,1,False,2010-01-01,2010-12-31,2011-01-01,2011-06-30,2010-06-07 17:33:00,2010-07-08 18:06:00,3,44,36,143,376.46,United Kingdom
13998,1,False,2010-01-01,2010-12-31,2011-01-01,2011-06-30,2010-05-12 13:18:00,2010-09-19 10:20:00,3,31,30,204,566.7,United Kingdom
13999,0,True,2010-01-01,2010-12-31,2011-01-01,2011-06-30,2010-01-10 13:56:00,2010-12-13 11:23:00,16,241,121,2650,5195.0,United Kingdom
14000,0,True,2010-01-01,2010-12-31,2011-01-01,2011-06-30,2010-04-22 11:59:00,2010-10-21 15:35:00,3,32,21,1080,1218.68,United Kingdom
14001,0,True,2010-01-01,2010-12-31,2011-01-01,2011-06-30,2010-08-03 12:49:00,2010-12-01 12:58:00,7,73,42,911,2487.01,United Kingdom
14004,0,True,2010-01-01,2010-12-31,2011-01-01,2011-06-30,2010-09-30 09:39:00,2010-11-11 13:26:00,4,70,61,757,1675.81,United Kingdom
14006,0,True,2010-01-01,2010-12-31,2011-01-01,2011-06-30,2010-02-25 09:45:00,2010-06-29 12:43:00,4,47,40,1540,1234.48,United Kingdom
14007,1,False,2010-01-01,2010-12-31,2011-01-01,2011-06-30,2010-07-15 09:06:00,2010-07-15 09:06:00,1,5,5,16,79.48,United Kingdom
14008,1,False,2010-01-01,2010-12-31,2011-01-01,2011-06-30,2010-10-03 13:09:00,2010-10-03 13:09:00,1,32,32,326,509.04,United Kingdom
14009,0,True,2010-01-01,2010-12-31,2011-01-01,2011-06-30,2010-09-03 12:08:00,2010-09-03 12:08:00,1,32,32,586,404.3,United Kingdom
14010,1,False,2010-01-01,2010-12-31,2011-01-01,2011-06-30,2010-05-23 12:46:00,2010-05-23 13:00:00,2,24,20,177,445.15,United Kingdom
14011,1,False,2010-01-01,2010-12-31,2011-01-01,2011-06-30,2010-04-11 13:40:00,2010-08-16 15:31:00,2,32,32,644,457.82,United Kingdom
14013,0,True,2010-01-01,2010-12-31,2011-01-01,2011-06-30,2010-03-26 10:02:00,2010-11-24 16:16:00,2,34,30,313,611.5500000000001,United Kingdom
14014,1,False,2010-01-01,2010-12-31,2011-01-01,2011-06-30,2010-05-12 09:04:00,2010-11-28 14:56:00,2,37,37,928,1443.03,United Kingdom
14016,0,True,2010-01-01,2010-12-31,2011-01-01,2011-06-30,2010-01-08 14:12:00,2010-12-17 14:21:00,8,326,273,3971,7815.94,EIRE
14017,1,False,2010-01-01,2010-12-31,2011-01-01,2011-06-30,2010-05-17 14:52:00,2010-05-17 14:52:00,1,14,14,73,229.75,United Kingdom
14018,1,False,2010-01-01,2010-12-31,2011-01-01,2011-06-30,2010-03-04 14:23:00,2010-03-04 14:23:00,1,13,13,224,367.15000000000003,United Kingdom
14020,1,False,2010-01-01,2010-12-31,2011-01-01,2011-06-30,2010-06-28 15:29:00,2010-08-20 13:09:00,2,33,29,207,606.21,United Kingdom
14021,0,True,2010-01-01,2010-12-31,2011-01-01,2011-06-30,2010-04-26 11:22:00,2010-11-30 15:14:00,4,68,64,686,1084.68,United Kingdom
14022,0,True,2010-01-01,2010-12-31,2011-01-01,2011-06-30,2010-08-10 09:38:00,2010-08-10 09:38:00,1,19,19,194,352.15000000000003,United Kingdom
14024,1,False,2010-01-01,2010-12-31,2011-01-01,2011-06-30,2010-11-14 10:51:00,2010-11-14 10:51:00,1,18,18,88,318.04,United Kingdom
14025,1,False,2010-01-01,2010-12-31,2011-01-01,2011-06-30,2010-05-05 09:56:00,2010-09-01 10:11:00,8,99,60,1914,4057.9,United Kingdom
14026,1,False,2010-01-01,2010-12-31,2011-01-01,2011-06-30,2010-03-24 14:10:00,2010-08-26 10:31:00,2,50,43,427,713.11,United Kingdom
14028,1,False,2010-01-01,2010-12-31,2011-01-01,2011-06-30,2010-06-07 12:02:00,2010-06-07 13:33:00,3,9,3,7170,10396.5,United Kingdom
14030,0,True,2010-01-01,2010-12-31,2011-01-01,2011-06-30,2010-02-04 18:16:00,2010-12-08 16:29:00,12,555,424,2455,5120.01,United Kingdom
14031,0,True,2010-01-01,2010-12-31,2011-01-01,2011-06-30,2010-01-08 17:09:00,2010-12-17 15:52:00,23,433,156,7259,20291.11,United Kingdom
14032,0,True,2010-01-01,2010-12-31,2011-01-01,2011-06-30,2010-01-25 15:36:00,2010-12-19 11:19:00,5,87,48,1373,1572.6,United Kingdom
14033,1,False,2010-01-01,2010-12-31,2011-01-01,2011-06-30,2010-06-02 15:10:00,2010-06-02 15:10:00,1,1,1,576,109.44,United Kingdom
14035,0,True,2010-01-01,2010-12-31,2011-01-01,2011-06-30,2010-04-06 12:39:00,2010-10-29 10:10:00,4,79,42,666,1366.73,United Kingdom
14037,0,True,2010-01-01,2010-12-31,2011-01-01,2011-06-30,2010-01-24 10:50:00,2010-12-10 11:39:00,4,66,64,412,583.22,United Kingdom
14038,0,True,2010-01-01,2010-12-31,2011-01-01,2011-06-30,2010-02-04 08:56:00,2010-11-07 14:52:00,2,69,54,743,1509.5,United Kingdom
14039,1,False,2010-01-01,2010-12-31,2011-01-01,2011-06-30,2010-05-13 10:15:00,2010-05-13 10:15:00,1,4,4,100,115.08000000000001,United Kingdom
14040,0,True,2010-01-01,2010-12-31,2011-01-01,2011-06-30,2010-01-20 14:52:00,2010-11-18 13:01:00,21,479,236,2986,7892.2,United Kingdom
14043,1,False,2010-01-01,2010-12-31,2011-01-01,2011-06-30,2010-08-05 18:18:00,2010-08-05 18:18:00,1,21,21,68,138.29,United Kingdom
14044,0,True,2010-01-01,2010-12-31,2011-01-01,2011-06-30,2010-01-24 15:14:00,2010-10-17 13:28:00,6,620,446,1796,2431.28,United Kingdom
14045,0,True,2010-01-01,2010-12-31,2011-01-01,2011-06-30,2010-01-08 10:08:00,2010-12-01 11:32:00,13,32,16,4052,9653.279999999999,United Kingdom
14047,0,True,2010-01-01,2010-12-31,2011-01-01,2011-06-30,2010-02-01 10:05:00,2010-12-02 10:09:00,10,132,87,1268,2946.42,United Kingdom
14048,0,True,2010-01-01,2010-12-31,2011-01-01,2011-06-30,2010-11-22 14:08:00,2010-11-22 14:21:00,2,56,55,179,338.76,United Kingdom
14049,0,True,2010-01-01,2010-12-31,2011-01-01,2011-06-30,2010-04-01 14:52:00,2010-11-17 10:44:00,9,583,364,4672,7444.68,United Kingdom
14051,0,True,2010-01-01,2010-12-31,2011-01-01,2011-06-30,2010-01-07 11:53:00,2010-12-20 15:14:00,15,126,52,2194,6915.360000000001,United Kingdom
14052,1,False,2010-01-01,2010-12-31,2011-01-01,2011-06-30,2010-11-14 11:37:00,2010-11-14 11:37:00,1,65,65,85,241.3,United Kingdom
14053,1,False,2010-01-01,2010-12-31,2011-01-01,2011-06-30,2010-08-10 11:02:00,2010-11-07 14:50:00,2,5,3,275,312.05,United Kingdom
14055,1,False,2010-01-01,2010-12-31,2011-01-01,2011-06-30,2010-05-11 10:24:00,2010-05-11 10:24:00,1,14,14,104,521.0,United Kingdom
14057,0,True,2010-01-01,2010-12-31,2011-01-01,2011-06-30,2010-04-13 11:38:00,2010-12-14 13:51:00,6,195,122,2435,2941.38,United Kingdom
14058,1,False,2010-01-01,2010-12-31,2011-01-01,2011-06-30,2010-06-27 11:29:00,2010-09-03 09:31:00,2,24,23,211,469.19,United Kingdom
14060,0,True,2010-01-01,2010-12-31,2011-01-01,2011-06-30,2010-03-11 09:47:00,2010-12-15 11:15:00,14,72,43,2901,3631.86,United Kingdom
14061,1,False,2010-01-01,2010-12-31,2011-01-01,2011-06-30,2010-07-20 17:22:00,2010-07-20 17:22:00,1,1,1,52,364.0,United Kingdom
14062,0,True,2010-01-01,2010-12-31,2011-01-01,2011-06-30,2010-01-14 15:41:00,2010-12-20 14:51:00,13,223,116,6115,14564.5,United Kingdom
14063,1,False,2010-01-01,2010-12-31,2011-01-01,2011-06-30,2010-01-08 11:50:00,2010-09-27 16:18:00,5,14,12,1340,16008.599999999999,United Kingdom
14064,0,True,2010-01-01,2010-12-31,2011-01-01,2011-06-30,2010-01-21 13:22:00,2010-10-05 13:20:00,10,159,89,2139,1925.9,United Kingdom
14065,1,False,2010-01-01,2010-12-31,2011-01-01,2011-06-30,2010-10-04 12:03:00,2010-11-15 16:13:00,3,49,42,582,891.02,United Kingdom
14068,0,True,2010-01-01,2010-12-31,2011-01-01,2011-06-30,2010-01-31 10:10:00,2010-04-15 14:28:00,3,84,73,437,1250.8700000000001,United Kingdom
14069,1,False,2010-01-01,2010-12-31,2011-01-01,2011-06-30,2010-05-27 12:30:00,2010-07-13 12:12:00,2,41,37,58,225.81,United Kingdom
14070,1,False,2010-01-01,2010-12-31,2011-01-01,2011-06-30,2010-01-24 12:27:00,2010-01-24 12:27:00,1,41,40,85,321.6,United Kingdom
14072,1,False,2010-01-01,2010-12-31,2011-01-01,2011-06-30,2010-02-11 12:31:00,2010-02-11 12:31:00,1,19,19,65,390.85,United Kingdom
14074,1,False,2010-01-01,2010-12-31,2011-01-01,2011-06-30,2010-03-26 13:55:00,2010-03-26 13:55:00,1,6,6,228,219.39999999999998,United Kingdom
14075,0,True,2010-01-01,2010-12-31,2011-01-01,2011-06-30,2010-06-16 14:47:00,2010-11-01 13:15:00,3,38,36,740,792.61,United Kingdom
14077,0,True,2010-01-01,2010-12-31,2011-01-01,2011-06-30,2010-11-09 16:01:00,2010-11-09 16:01:00,1,14,14,108,115.66,United Kingdom
14078,0,True,2010-01-01,2010-12-31,2011-01-01,2011-06-30,2010-03-28 15:05:00,2010-12-01 12:54:00,4,96,80,305,640.34,United Kingdom
14079,1,False,2010-01-01,2010-12-31,2011-01-01,2011-06-30,2010-01-26 17:19:00,2010-01-26 17:19:00,1,1,1,1,243.63,United Kingdom
14080,1,False,2010-01-01,2010-12-31,2011-01-01,2011-06-30,2010-03-21 11:32:00,2010-10-22 14:04:00,2,38,37,100,655.4300000000001,United Kingdom
14081,0,True,2010-01-01,2010-12-31,2011-01-01,2011-06-30,2010-01-12 15:48:00,2010-12-05 15:47:00,8,627,390,2560,3581.55,United Kingdom
14082,1,False,2010-01-01,2010-12-31,2011-01-01,2011-06-30,2010-11-12 11:47:00,2010-12-10 11:02:00,2,65,48,246,413.36,United Kingdom
14083,0,True,2010-01-01,2010-12-31,2011-01-01,2011-06-30,2010-07-16 12:51:00,2010-12-20 15:26:00,4,92,88,253,459.48,United Kingdom
14084,1,False,2010-01-01,2010-12-31,2011-01-01,2011-06-30,2010-07-15 14:36:00,2010-07-15 14:36:00,1,7,7,306,150.5,United Kingdom
14085,0,True,2010-01-01,2010-12-31,2011-01-01,2011-06-30,2010-02-18 12:25:00,2010-12-23 11:06:00,14,494,278,3115,4628.86,United Kingdom
14086,1,False,2010-01-01,2010-12-31,2011-01-01,2011-06-30,2010-09-03 10:52:00,2010-09-03 10:52:00,1,1,1,1,39.95,United Kingdom
14087,1,False,2010-01-01,2010-12-31,2011-01-01,2011-06-30,2010-10-31 11:22:00,2010-10-31 11:22:00,1,81,73,268,402.56,United Kingdom
14088,0,True,2010-01-01,2010-12-31,2011-01-01,2011-06-30,2010-10-14 19:46:00,2010-10-29 10:31:00,3,93,93,2611,13544.99,United Kingdom
14091,1,False,2010-01-01,2010-12-31,2011-01-01,2011-06-30,2010-01-10 13:41:00,2010-02-23 15:17:00,2,13,13,3316,9530.08,United Kingdom
14092,0,True,2010-01-01,2010-12-31,2011-01-01,2011-06-30,2010-01-13 12:21:00,2010-12-22 11:11:00,11,195,110,1733,3618.07,United Kingdom
14094,1,False,2010-01-01,2010-12-31,2011-01-01,2011-06-30,2010-09-26 11:58:00,2010-09-26 11:58:00,1,43,41,158,311.77,United Kingdom
14097,1,False,2010-01-01,2010-12-31,2011-01-01,2011-06-30,2010-03-04 10:46:00,2010-08-15 14:20:00,2,40,39,352,422.85999999999996,United Kingdom
14099,0,True,2010-01-01,2010-12-31,2011-01-01,2011-06-30,2010-01-29 14:37:00,2010-12-20 11:14:00,9,275,168,1699,2645.77,United Kingdom
14101,0,True,2010-01-01,2010-12-31,2011-01-01,2011-06-30,2010-03-28 13:36:00,2010-11-16 14:54:00,7,55,15,3600,3985.14,United Kingdom
14104,0,True,2010-01-01,2010-12-31,2011-01-01,2011-06-30,2010-05-28 16:11:00,2010-11-15 13:13:00,3,114,100,424,527.3199999999999,United Kingdom
14105,0,True,2010-01-01,2010-12-31,2011-01-01,2011-06-30,2010-04-08 13:32:00,2010-10-27 11:53:00,3,184,162,2484,4076.3,United Kingdom
14107,0,True,2010-01-01,2010-12-31,2011-01-01,2011-06-30,2010-05-09 14:14:00,2010-12-10 13:29:00,4,120,71,1790,2374.05,United Kingdom
14110,0,True,2010-01-01,2010-12-31,2011-01-01,2011-06-30,2010-01-31 11:25:00,2010-09-30 17:13:00,19,226,122,3084,6628.3,United Kingdom
14112,0,True,2010-01-01,2010-12-31,2011-01-01,2011-06-30,2010-02-23 14:16:00,2010-09-14 13:41:00,6,166,122,1888,2919.44,United Kingdom
14113,1,False,2010-01-01,2010-12-31,2011-01-01,2011-06-30,2010-02-16 14:35:00,2010-12-20 12:14:00,9,70,48,2243,4630.5,United Kingdom
14114,0,True,2010-01-01,2010-12-31,2011-01-01,2011-06-30,2010-04-12 11:07:00,2010-11-09 09:13:00,5,59,58,549,977.5600000000001,United Kingdom
14115,1,False,2010-01-01,2010-12-31,2011-01-01,2011-06-30,2010-02-11 11:44:00,2010-07-26 12:36:00,2,22,22,509,622.6700000000001,United Kingdom
14118,1,False,2010-01-01,2010-12-31,2011-01-01,2011-06-30,2010-10-07 11:59:00,2010-10-07 11:59:00,1,15,15,97,458.45,United Kingdom
14119,1,False,2010-01-01,2010-12-31,2011-01-01,2011-06-30,2010-11-29 10:33:00,2010-11-29 10:33:00,1,8,8,57,116.89,United Kingdom
14122,1,False,2010-01-01,2010-12-31,2011-01-01,2011-06-30,2010-10-29 15:11:00,2010-10-29 15:11:00,1,10,10,89,230.83,United Kingdom
14126,1,False,2010-01-01,2010-12-31,2011-01-01,2011-06-30,2010-09-21 14:51:00,2010-09-21 14:51:00,1,28,28,379,466.33000000000004,United Kingdom
14127,0,True,2010-01-01,2010-12-31,2011-01-01,2011-06-30,2010-10-10 11:53:00,2010-11-24 16:56:00,3,73,64,507,1190.3700000000001,United Kingdom
14128,0,True,2010-01-01,2010-12-31,2011-01-01,2011-06-30,2010-06-06 14:05:00,2010-06-06 14:05:00,1,19,19,250,286.71,United Kingdom
14129,0,True,2010-01-01,2010-12-31,2011-01-01,2011-06-30,2010-05-09 14:54:00,2010-11-05 09:59:00,4,57,22,822,1467.48,United Kingdom
14130,0,True,2010-01-01,2010-12-31,2011-01-01,2011-06-30,2010-10-18 12:54:00,2010-11-29 17:11:00,2,92,74,690,1037.99,United Kingdom
14131,1,False,2010-01-01,2010-12-31,2011-01-01,2011-06-30,2010-03-01 11:59:00,2010-03-01 11:59:00,1,46,45,105,168.22,United Kingdom
14134,1,False,2010-01-01,2010-12-31,2011-01-01,2011-06-30,2010-02-23 10:48:00,2010-11-22 12:26:00,13,156,117,4878,9378.11,United Kingdom
14135,0,True,2010-01-01,2010-12-31,2011-01-01,2011-06-30,2010-03-04 13:53:00,2010-12-21 10:30:00,11,104,75,3897,3607.21,United Kingdom
14136,1,False,2010-01-01,2010-12-31,2011-01-01,2011-06-30,2010-01-15 10:29:00,2010-11-04 11:53:00,4,86,76,1010,1268.03,United Kingdom
14137,1,False,2010-01-01,2010-12-31,2011-01-01,2011-06-30,2010-01-13 12:30:00,2010-01-13 12:30:00,1,11,11,462,332.7,United Kingdom
14139,1,False,2010-01-01,2010-12-31,2011-01-01,2011-06-30,2010-06-15 09:17:00,2010-08-06 14:00:00,3,43,29,539,670.98,United Kingdom
14142,1,False,2010-01-01,2010-12-31,2011-01-01,2011-06-30,2010-03-03 15:13:00,2010-12-01 16:33:00,2,44,42,518,671.34,United Kingdom
14144,1,False,2010-01-01,2010-12-31,2011-01-01,2011-06-30,2010-08-10 15:17:00,2010-08-10 15:17:00,1,1,1,12,30.599999999999998,United Kingdom
14145,0,True,2010-01-01,2010-12-31,2011-01-01,2011-06-30,2010-04-08 09:47:00,2010-09-06 09:53:00,3,14,10,899,3857.85,United Kingdom
14146,0,True,2010-01-01,2010-12-31,2011-01-01,2011-06-30,2010-01-13 16:04:00,2010-12-17 15:52:00,8,281,226,3894,6500.73,United Kingdom
14147,0,True,2010-01-01,2010-12-31,2011-01-01,2011-06-30,2010-03-09 13:43:00,2010-11-16 08:11:00,7,25,21,887,2106.8,United Kingdom
14148,0,True,2010-01-01,2010-12-31,2011-01-01,2011-06-30,2010-10-21 14:08:00,2010-10-21 14:08:00,1,14,14,207,309.09000000000003,United Kingdom
14150,1,False,2010-01-01,2010-12-31,2011-01-01,2011-06-30,2010-12-15 10:04:00,2010-12-15 10:04:00,1,12,12,262,306.18,United Kingdom
14151,1,False,2010-01-01,2010-12-31,2011-01-01,2011-06-30,2010-02-04 15:35:00,2010-02-04 15:35:00,1,21,21,229,327.4,United Kingdom
14152,0,True,2010-01-01,2010-12-31,2011-01-01,2011-06-30,2010-02-18 13:57:00,2010-11-17 14:20:00,5,84,75,1133,1376.05,United Kingdom
14153,1,False,2010-01-01,2010-12-31,2011-01-01,2011-06-30,2010-08-13 14:35:00,2010-08-13 14:35:00,1,17,17,312,233.4,United Kingdom
14154,0,True,2010-01-01,2010-12-31,2011-01-01,2011-06-30,2010-01-13 12:47:00,2010-11-23 17:53:00,6,240,204,2757,5115.08,United Kingdom
14156,0,True,2010-01-01,2010-12-31,2011-01-01,2011-06-30,2010-01-07 12:34:00,2010-12-03 11:48:00,95,2397,1051,101829,185498.52,EIRE
14157,0,True,2010-01-01,2010-12-31,2011-01-01,2011-06-30,2010-03-03 16:49:00,2010-11-15 15:10:00,3,39,33,250,553.8000000000001,United Kingdom
14159,0,True,2010-01-01,2010-12-31,2011-01-01,2011-06-30,2010-02-22 11:11:00,2010-12-12 11:17:00,9,612,341,2017,3026.72,United Kingdom
14160,1,False,2010-01-01,2010-12-31,2011-01-01,2011-06-30,2010-01-10 12:06:00,2010-04-08 14:30:00,7,107,80,4661,8421.47,United Kingdom
14161,0,True,2010-01-01,2010-12-31,2011-01-01,2011-06-30,2010-03-14 12:37:00,2010-12-05 13:18:00,4,155,120,860,1677.33,United Kingdom
14163,0,True,2010-01-01,2010-12-31,2011-01-01,2011-06-30,2010-09-03 17:15:00,2010-09-03 17:15:00,1,6,6,57,148.71,United Kingdom
14166,1,False,2010-01-01,2010-12-31,2011-01-01,2011-06-30,2010-03-23 15:10:00,2010-07-22 19:42:00,2,51,39,82,251.15,United Kingdom
14167,0,True,2010-01-01,2010-12-31,2011-01-01,2011-06-30,2010-01-27 16:07:00,2010-09-01 17:15:00,4,65,32,193,711.7,United Kingdom
14168,1,False,2010-01-01,2010-12-31,2011-01-01,2011-06-30,2010-05-24 12:28:00,2010-10-15 10:49:00,2,15,11,147,370.45,United Kingdom
14169,1,False,2010-01-01,2010-12-31,2011-01-01,2011-06-30,2010-09-21 13:39:00,2010-10-05 08:45:00,2,64,50,205,621.51,United Kingdom
14170,1,False,2010-01-01,2010-12-31,2011-01-01,2011-06-30,2010-11-09 14:06:00,2010-11-29 13:10:00,3,145,123,270,570.18,United Kingdom
14172,1,False,2010-01-01,2010-12-31,2011-01-01,2011-06-30,2010-03-07 10:58:00,2010-04-13 13:26:00,3,44,38,78,369.02,United Kingdom
14173,0,True,2010-01-01,2010-12-31,2011-01-01,2011-06-30,2010-03-08 13:24:00,2010-03-08 13:24:00,1,3,3,36,111.56,United Kingdom
14175,0,True,2010-01-01,2010-12-31,2011-01-01,2011-06-30,2010-03-22 10:43:00,2010-10-17 13:59:00,5,182,125,1494,4456.58,United Kingdom
14176,0,True,2010-01-01,2010-12-31,2011-01-01,2011-06-30,2010-11-23 13:21:00,2010-12-07 11:45:00,2,15,14,117,339.11,United Kingdom
14177,0,True,2010-01-01,2010-12-31,2011-01-01,2011-06-30,2010-02-26 11:59:00,2010-11-23 14:23:00,9,164,118,839,1660.23,United Kingdom
14180,0,True,2010-01-01,2010-12-31,2011-01-01,2011-06-30,2010-06-09 14:56:00,2010-12-16 17:30:00,12,98,63,275,2265.23,United Kingdom
14181,1,False,2010-01-01,2010-12-31,2011-01-01,2011-06-30,2010-05-26 12:32:00,2010-10-25 08:27:00,2,52,48,120,308.35,United Kingdom
14182,1,False,2010-01-01,2010-12-31,2011-01-01,2011-06-30,2010-04-22 15:36:00,2010-09-22 11:45:00,4,50,42,174,678.77,United Kingdom
14183,1,False,2010-01-01,2010-12-31,2011-01-01,2011-06-30,2010-08-15 15:36:00,2010-10-24 14:45:00,2,34,27,60,278.34000000000003,United Kingdom
14186,1,False,2010-01-01,2010-12-31,2011-01-01,2011-06-30,2010-03-05 11:17:00,2010-10-08 13:30:00,5,104,75,1550,1550.63,United Kingdom
14187,1,False,2010-01-01,2010-12-31,2011-01-01,2011-06-30,2010-08-23 12:06:00,2010-08-23 12:06:00,1,8,8,50,123.5,United Kingdom
14189,0,True,2010-01-01,2010-12-31,2011-01-01,2011-06-30,2010-11-16 09:28:00,2010-12-06 11:42:00,2,51,46,709,1160.31,United Kingdom
14190,1,False,2010-01-01,2010-12-31,2011-01-01,2011-06-30,2010-02-11 14:27:00,2010-02-11 14:27:00,1,1,1,2,79.9,United Kingdom
14191,0,True,2010-01-01,2010-12-31,2011-01-01,2011-06-30,2010-11-10 12:27:00,2010-11-10 12:27:00,1,5,5,60,117.0,United Kingdom
14192,1,False,2010-01-01,2010-12-31,2011-01-01,2011-06-30,2010-11-16 17:44:00,2010-11-16 17:44:00,1,14,14,218,293.74,United Kingdom
14193,0,True,2010-01-01,2010-12-31,2011-01-01,2011-06-30,2010-11-08 12:31:00,2010-11-08 12:31:00,1,22,22,208,356.8,United Kingdom
14194,0,True,2010-01-01,2010-12-31,2011-01-01,2011-06-30,2010-01-06 12:16:00,2010-11-12 12:26:00,15,373,246,4197,7321.07,United Kingdom
14195,0,True,2010-01-01,2010-12-31,2011-01-01,2011-06-30,2010-03-15 17:12:00,2010-09-26 14:06:00,4,9,5,1384,1603.6,United Kingdom
14197,1,False,2010-01-01,2010-12-31,2011-01-01,2011-06-30,2010-10-25 10:01:00,2010-10-25 10:01:00,1,20,20,143,390.05,United Kingdom
14198,0,True,2010-01-01,2010-12-31,2011-01-01,2011-06-30,2010-01-05 10:07:00,2010-11-04 13:50:00,5,52,33,333,868.33,United Kingdom
14199,0,True,2010-01-01,2010-12-31,2011-01-01,2011-06-30,2010-06-27 12:13:00,2010-10-12 08:25:00,3,16,15,226,906.3,United Kingdom
14200,1,False,2010-01-01,2010-12-31,2011-01-01,2011-06-30,2010-04-01 13:01:00,2010-04-01 13:01:00,1,21,21,140,379.2,United Kingdom
14201,0,True,2010-01-01,2010-12-31,2011-01-01,2011-06-30,2010-04-30 13:00:00,2010-12-15 13:25:00,4,22,20,348,513.34,United Kingdom
14202,1,False,2010-01-01,2010-12-31,2011-01-01,2011-06-30,2010-03-25 10:36:00,2010-11-23 17:13:00,3,29,27,166,847.76,United Kingdom
14203,1,False,2010-01-01,2010-12-31,2011-01-01,2011-06-30,2010-11-07 13:35:00,2010-11-07 13:35:00,1,16,16,80,339.34,United Kingdom
14204,1,False,2010-01-01,2010-12-31,2011-01-01,2011-06-30,2010-06-21 16:04:00,2010-10-13 13:32:00,2,127,116,294,502.95,United Kingdom
14205,0,True,2010-01-01,2010-12-31,2011-01-01,2011-06-30,2010-03-07 12:20:00,2010-11-10 14:37:00,7,99,65,1138,1947.5,United Kingdom
14206,0,True,2010-01-01,2010-12-31,2011-01-01,2011-06-30,2010-11-02 11:37:00,2010-11-16 18:20:00,2,51,43,654,856.85,United Kingdom
14207,1,False,2010-01-01,2010-12-31,2011-01-01,2011-06-30,2010-01-21 09:33:00,2010-01-21 09:33:00,1,2,2,36,157.8,United Kingdom
14208,1,False,2010-01-01,2010-12-31,2011-01-01,2011-06-30,2010-06-06 13:11:00,2010-06-06 13:11:00,1,25,25,415,415.31,United Kingdom
14209,0,True,2010-01-01,2010-12-31,2011-01-01,2011-06-30,2010-01-22 10:28:00,2010-11-19 13:58:00,9,144,97,1048,2919.84,United Kingdom
14210,0,True,2010-01-01,2010-12-31,2011-01-01,2011-06-30,2010-01-06 10:17:00,2010-12-03 12:43:00,11,227,128,1844,3955.6800000000003,United Kingdom
14211,0,True,2010-01-01,2010-12-31,2011-01-01,2011-06-30,2010-01-26 11:32:00,2010-10-24 12:54:00,8,120,91,1221,1973.3899999999999,United Kingdom
14212,1,False,2010-01-01,2010-12-31,2011-01-01,2011-06-30,2010-09-20 11:48:00,2010-09-20 11:48:00,1,12,12,894,1119.6599999999999,United Kingdom
14213,1,False,2010-01-01,2010-12-31,2011-01-01,2011-06-30,2010-10-31 10:37:00,2010-10-31 10:37:00,1,5,5,244,1192.2,United Kingdom
14215,0,True,2010-01-01,2010-12-31,2011-01-01,2011-06-30,2010-01-21 08:22:00,2010-12-06 15:34:00,3,64,64,706,1201.02,United Kingdom
14216,1,False,2010-01-01,2010-12-31,2011-01-01,2011-06-30,2010-10-21 15:07:00,2010-10-21 15:07:00,1,18,18,118,310.74,United Kingdom
14217,0,True,2010-01-01,2010-12-31,2011-01-01,2011-06-30,2010-06-30 12:54:00,2010-12-08 13:28:00,7,81,68,567,1411.91,United Kingdom
14219,1,False,2010-01-01,2010-12-31,2011-01-01,2011-06-30,2010-08-03 14:42:00,2010-10-26 10:34:00,2,36,32,285,543.89,United Kingdom
14220,0,True,2010-01-01,2010-12-31,2011-01-01,2011-06-30,2010-05-19 13:26:00,2010-12-16 18:18:00,3,28,22,330,1195.58,United Kingdom
14221,0,True,2010-01-01,2010-12-31,2011-01-01,2011-06-30,2010-04-06 14:10:00,2010-09-16 14:41:00,8,154,67,1617,3084.69,United Kingdom
14224,0,True,2010-01-01,2010-12-31,2011-01-01,2011-06-30,2010-06-13 13:46:00,2010-11-14 13:53:00,5,116,101,343,831.98,United Kingdom
14225,1,False,2010-01-01,2010-12-31,2011-01-01,2011-06-30,2010-01-12 15:02:00,2010-10-01 10:32:00,4,86,70,1167,2031.07,United Kingdom
14226,0,True,2010-01-01,2010-12-31,2011-01-01,2011-06-30,2010-09-24 14:32:00,2010-09-24 14:32:00,1,31,31,418,770.34,United Kingdom
14227,0,True,2010-01-01,2010-12-31,2011-01-01,2011-06-30,2010-02-08 09:38:00,2010-10-21 10:49:00,5,202,164,2228,3017.75,United Kingdom
14228,1,False,2010-01-01,2010-12-31,2011-01-01,2011-06-30,2010-06-11 12:29:00,2010-09-28 09:45:00,3,38,38,260,745.5,United Kingdom
14229,0,True,2010-01-01,2010-12-31,2011-01-01,2011-06-30,2010-08-25 11:47:00,2010-11-01 13:04:00,4,32,21,324,1046.84,United Kingdom
14230,1,False,2010-01-01,2010-12-31,2011-01-01,2011-06-30,2010-06-09 13:56:00,2010-09-30 09:07:00,3,33,27,246,979.8000000000001,United Kingdom
14231,0,True,2010-01-01,2010-12-31,2011-01-01,2011-06-30,2010-09-15 09:52:00,2010-09-15 09:52:00,1,19,19,201,309.91,United Kingdom
14233,0,True,2010-01-01,2010-12-31,2011-01-01,2011-06-30,2010-03-05 16:35:00,2010-08-31 15:03:00,3,38,30,581,1441.55,United Kingdom
14235,0,True,2010-01-01,2010-12-31,2011-01-01,2011-06-30,2010-03-30 13:36:00,2010-07-29 17:24:00,4,69,53,1055,1573.1299999999999,United Kingdom
14236,1,False,2010-01-01,2010-12-31,2011-01-01,2011-06-30,2010-07-22 14:27:00,2010-12-02 18:49:00,4,35,29,502,1253.78,United Kingdom
14237,1,False,2010-01-01,2010-12-31,2011-01-01,2011-06-30,2010-04-28 10:04:00,2010-12-01 13:20:00,2,26,26,238,471.14,United Kingdom
14238,0,True,2010-01-01,2010-12-31,2011-01-01,2011-06-30,2010-02-15 11:39:00,2010-02-15 11:39:00,1,3,3,60,128.28,United Kingdom
14239,0,True,2010-01-01,2010-12-31,2011-01-01,2011-06-30,2010-01-12 11:33:00,2010-10-04 15:01:00,8,84,39,643,1667.77,United Kingdom
14240,0,True,2010-01-01,2010-12-31,2011-01-01,2011-06-30,2010-10-12 12:48:00,2010-10-12 12:48:00,1,19,19,237,357.15,United Kingdom
14241,0,True,2010-01-01,2010-12-31,2011-01-01,2011-06-30,2010-01-12 15:11:00,2010-01-12 15:11:00,1,2,2,96,120.0,United Kingdom
14243,0,True,2010-01-01,2010-12-31,2011-01-01,2011-06-30,2010-08-20 13:41:00,2010-12-17 13:29:00,9,241,180,2580,5100.9800000000005,United Kingdom
14244,1,False,2010-01-01,2010-12-31,2011-01-01,2011-06-30,2010-02-17 11:40:00,2010-02-17 11:40:00,1,16,16,814,366.41999999999996,United Kingdom
14247,0,True,2010-01-01,2010-12-31,2011-01-01,2011-06-30,2010-06-06 15:07:00,2010-10-31 13:58:00,4,93,72,331,616.79,United Kingdom
14248,0,True,2010-01-01,2010-12-31,2011-01-01,2011-06-30,2010-07-12 14:27:00,2010-09-06 14:04:00,2,39,33,590,730.37,United Kingdom
14249,1,False,2010-01-01,2010-12-31,2011-01-01,2011-06-30,2010-01-29 14:21:00,2010-10-25 12:34:00,12,272,178,2383,5400.461,United Kingdom
14252,1,False,2010-01-01,2010-12-31,2011-01-01,2011-06-30,2010-11-23 13:36:00,2010-11-23 13:36:00,1,10,10,111,350.99,United Kingdom
14253,1,False,2010-01-01,2010-12-31,2011-01-01,2011-06-30,2010-03-26 15:08:00,2010-08-03 14:55:00,2,12,11,88,363.40000000000003,United Kingdom
14254,1,False,2010-01-01,2010-12-31,2011-01-01,2011-06-30,2010-10-03 11:52:00,2010-10-03 11:52:00,1,23,23,263,601.03,United Kingdom
14255,1,False,2010-01-01,2010-12-31,2011-01-01,2011-06-30,2010-06-11 15:54:00,2010-06-11 15:54:00,1,1,1,1,1000.63,United Kingdom
14256,0,True,2010-01-01,2010-12-31,2011-01-01,2011-06-30,2010-01-14 10:35:00,2010-12-10 11:44:00,4,112,81,1035,2015.5900000000001,United Kingdom
14257,0,True,2010-01-01,2010-12-31,2011-01-01,2011-06-30,2010-03-01 15:36:00,2010-11-24 16:00:00,4,134,97,1650,2854.73,United Kingdom
14258,0,True,2010-01-01,2010-12-31,2011-01-01,2011-06-30,2010-01-06 14:54:00,2010-11-09 10:08:00,15,175,84,10032,18120.36,United Kingdom
14260,1,False,2010-01-01,2010-12-31,2011-01-01,2011-06-30,2010-06-09 11:23:00,2010-08-25 14:55:00,3,51,50,544,824.28,United Kingdom
14263,1,False,2010-01-01,2010-12-31,2011-01-01,2011-06-30,2010-10-12 14:09:00,2010-10-12 14:09:00,1,16,16,171,322.93,United Kingdom
14264,0,True,2010-01-01,2010-12-31,2011-01-01,2011-06-30,2010-04-07 13:21:00,2010-11-25 17:42:00,4,62,49,483,1183.39,United Kingdom
14265,1,False,2010-01-01,2010-12-31,2011-01-01,2011-06-30,2010-04-06 14:39:00,2010-09-01 12:20:00,2,48,47,385,843.17,Unspecified
14266,1,False,2010-01-01,2010-12-31,2011-01-01,2011-06-30,2010-10-07 13:32:00,2010-10-07 13:32:00,1,1,1,24,40.56,United Kingdom
14268,1,False,2010-01-01,2010-12-31,2011-01-01,2011-06-30,2010-08-26 10:45:00,2010-08-26 10:45:00,1,19,19,147,354.85,United Kingdom
14269,1,False,2010-01-01,2010-12-31,2011-01-01,2011-06-30,2010-09-26 12:53:00,2010-09-26 12:53:00,1,16,16,123,295.73,United Kingdom
14271,0,True,2010-01-01,2010-12-31,2011-01-01,2011-06-30,2010-10-26 17:01:00,2010-10-26 17:01:00,1,28,28,60,101.86,United Kingdom
14272,0,True,2010-01-01,2010-12-31,2011-01-01,2011-06-30,2010-05-06 14:01:00,2010-05-26 09:49:00,2,31,31,498,482.85,United Kingdom
14274,1,False,2010-01-01,2010-12-31,2011-01-01,2011-06-30,2010-01-22 12:51:00,2010-01-22 12:51:00,1,15,15,178,256.6,United Kingdom
14275,1,False,2010-01-01,2010-12-31,2011-01-01,2011-06-30,2010-04-11 12:32:00,2010-11-09 09:06:00,6,23,14,538,1189.3799999999999,United Kingdom
14276,0,True,2010-01-01,2010-12-31,2011-01-01,2011-06-30,2010-02-17 13:10:00,2010-10-28 17:13:00,4,57,38,662,982.94,United Kingdom
14277,0,True,2010-01-01,2010-12-31,2011-01-01,2011-06-30,2010-01-13 14:48:00,2010-10-24 12:44:00,5,142,138,87599,12776.19,France
14278,1,False,2010-01-01,2010-12-31,2011-01-01,2011-06-30,2010-10-26 12:07:00,2010-10-26 12:07:00,1,13,13,131,205.83,United Kingdom
14279,1,False,2010-01-01,2010-12-31,2011-01-01,2011-06-30,2010-01-27 16:34:00,2010-07-07 08:42:00,2,3,3,46,191.86,United Kingdom
14281,1,False,2010-01-01,2010-12-31,2011-01-01,2011-06-30,2010-10-27 14:45:00,2010-10-27 14:45:00,1,7,7,45,245.15,United Kingdom
14282,0,True,2010-01-01,2010-12-31,2011-01-01,2011-06-30,2010-02-15 11:22:00,2010-12-07 12:21:00,11,98,59,2810,4120.32,United Kingdom
14283,1,False,2010-01-01,2010-12-31,2011-01-01,2011-06-30,2010-05-19 12:22:00,2010-09-02 14:46:00,4,41,36,550,628.4399999999999,United Kingdom
14284,1,False,2010-01-01,2010-12-31,2011-01-01,2011-06-30,2010-02-24 12:06:00,2010-02-24 12:06:00,1,35,35,349,704.4,United Kingdom
14285,0,True,2010-01-01,2010-12-31,2011-01-01,2011-06-30,2010-02-19 09:36:00,2010-07-14 14:07:00,3,32,31,365,1223.21,United Kingdom
14286,0,True,2010-01-01,2010-12-31,2011-01-01,2011-06-30,2010-03-10 10:50:00,2010-10-31 15:39:00,3,143,128,2770,2240.4900000000002,United Kingdom
14290,1,False,2010-01-01,2010-12-31,2011-01-01,2011-06-30,2010-03-08 10:49:00,2010-12-13 10:24:00,3,47,42,632,2108.84,United Kingdom
14291,0,True,2010-01-01,2010-12-31,2011-01-01,2011-06-30,2010-03-28 13:38:00,2010-11-24 09:47:00,11,233,153,3136,3612.34,United Kingdom
14292,0,True,2010-01-01,2010-12-31,2011-01-01,2011-06-30,2010-03-19 11:10:00,2010-10-25 12:18:00,7,93,66,1766,4354.32,United Kingdom
14293,0,True,2010-01-01,2010-12-31,2011-01-01,2011-06-30,2010-01-21 15:02:00,2010-12-06 10:18:00,4,53,50,558,1286.92,United Kingdom
14294,1,False,2010-01-01,2010-12-31,2011-01-01,2011-06-30,2010-10-28 16:25:00,2010-10-28 16:25:00,1,23,23,190,375.34,United Kingdom
14295,1,False,2010-01-01,2010-12-31,2011-01-01,2011-06-30,2010-06-28 12:22:00,2010-09-27 09:48:00,2,49,44,773,1597.8600000000001,United Kingdom
14296,1,False,2010-01-01,2010-12-31,2011-01-01,2011-06-30,2010-05-14 14:34:00,2010-10-14 14:14:00,2,27,27,314,456.40000000000003,United Kingdom
14298,0,True,2010-01-01,2010-12-31,2011-01-01,2011-06-30,2010-02-05 08:53:00,2010-12-20 13:10:00,41,1333,785,43873,42182.85,United Kingdom
14299,0,True,2010-01-01,2010-12-31,2011-01-01,2011-06-30,2010-01-10 12:40:00,2010-12-09 10:30:00,17,160,75,4359,7725.6,United Kingdom
14301,1,False,2010-01-01,2010-12-31,2011-01-01,2011-06-30,2010-02-11 13:07:00,2010-10-19 14:09:00,3,40,29,1080,1352.04,United Kingdom
14302,1,False,2010-01-01,2010-12-31,2011-01-01,2011-06-30,2010-02-15 09:20:00,2010-10-05 08:10:00,2,26,24,270,628.3000000000001,United Kingdom
14303,1,False,2010-01-01,2010-12-31,2011-01-01,2011-06-30,2010-10-01 10:31:00,2010-10-28 15:37:00,2,22,21,218,277.94,United Kingdom
14304,0,True,2010-01-01,2010-12-31,2011-01-01,2011-06-30,2010-05-18 10:50:00,2010-11-25 10:20:00,2,71,63,636,1341.56,United Kingdom
14306,1,False,2010-01-01,2010-12-31,2011-01-01,2011-06-30,2010-01-31 13:42:00,2010-11-26 10:44:00,4,13,12,990,1058.0800000000002,United Kingdom
14307,0,True,2010-01-01,2010-12-31,2011-01-01,2011-06-30,2010-02-04 17:50:00,2010-12-01 11:41:00,4,116,102,1210,1833.21,United Kingdom
14308,1,False,2010-01-01,2010-12-31,2011-01-01,2011-06-30,2010-06-08 16:39:00,2010-06-08 16:48:00,2,2,1,2,1147.02,United Kingdom
14309,0,True,2010-01-01,2010-12-31,2011-01-01,2011-06-30,2010-06-07 10:24:00,2010-12-16 13:05:00,3,78,72,1053,1576.03,United Kingdom
14310,1,False,2010-01-01,2010-12-31,2011-01-01,2011-06-30,2010-10-03 12:34:00,2010-10-03 12:34:00,1,22,22,230,492.1,United Kingdom
14311,0,True,2010-01-01,2010-12-31,2011-01-01,2011-06-30,2010-05-21 10:28:00,2010-05-21 10:28:00,1,11,11,89,206.19,United Kingdom
14312,0,True,2010-01-01,2010-12-31,2011-01-01,2011-06-30,2010-07-23 15:05:00,2010-11-26 11:40:00,5,93,88,892,1478.7,United Kingdom
14314,1,False,2010-01-01,2010-12-31,2011-01-01,2011-06-30,2010-10-05 08:00:00,2010-10-05 08:00:00,1,2,2,36,109.80000000000001,United Kingdom
14315,0,True,2010-01-01,2010-12-31,2011-01-01,2011-06-30,2010-03-15 12:49:00,2010-05-24 13:56:00,2,32,26,323,716.69,United Kingdom
14316,1,False,2010-01-01,2010-12-31,2011-01-01,2011-06-30,2010-03-19 15:18:00,2010-10-13 16:31:00,5,31,21,4494,1370.34,United Kingdom
14318,1,False,2010-01-01,2010-12-31,2011-01-01,2011-06-30,2010-09-05 15:32:00,2010-09-05 15:32:00,1,9,9,152,158.02,United Kingdom
14319,1,False,2010-01-01,2010-12-31,2011-01-01,2011-06-30,2010-10-11 13:38:00,2010-10-11 13:38:00,1,26,26,329,494.85,United Kingdom
14320,0,True,2010-01-01,2010-12-31,2011-01-01,2011-06-30,2010-01-21 11:44:00,2010-06-11 12:45:00,3,50,46,388,868.96,United Kingdom
14321,0,True,2010-01-01,2010-12-31,2011-01-01,2011-06-30,2010-08-23 12:56:00,2010-10-04 12:48:00,2,56,56,869,687.3100000000001,United Kingdom
14322,1,False,2010-01-01,2010-12-31,2011-01-01,2011-06-30,2010-02-18 08:49:00,2010-10-06 15:17:00,4,13,10,158,474.1,United Kingdom
14324,1,False,2010-01-01,2010-12-31,2011-01-01,2011-06-30,2010-01-15 13:31:00,2010-10-26 11:44:00,2,41,41,402,701.61,United Kingdom
14325,1,False,2010-01-01,2010-12-31,2011-01-01,2011-06-30,2010-05-19 09:20:00,2010-05-19 09:20:00,1,18,18,320,245.48000000000002,United Kingdom
14326,0,True,2010-01-01,2010-12-31,2011-01-01,2011-06-30,2010-06-25 12:10:00,2010-09-02 13:29:00,2,49,48,469,757.13,United Kingdom
14327,0,True,2010-01-01,2010-12-31,2011-01-01,2011-06-30,2010-01-08 14:04:00,2010-11-22 15:24:00,5,94,89,1157,1583.28,United Kingdom
14328,1,False,2010-01-01,2010-12-31,2011-01-01,2011-06-30,2010-09-27 16:01:00,2010-09-27 16:01:00,1,1,1,1,445.05,United Kingdom
14329,0,True,2010-01-01,2010-12-31,2011-01-01,2011-06-30,2010-01-25 09:38:00,2010-11-29 15:53:00,7,273,195,2658,4591.73,United Kingdom
14330,1,False,2010-01-01,2010-12-31,2011-01-01,2011-06-30,2010-03-26 09:10:00,2010-03-26 09:10:00,1,13,13,103,200.63,United Kingdom
14332,1,False,2010-01-01,2010-12-31,2011-01-01,2011-06-30,2010-10-19 13:01:00,2010-11-23 15:24:00,2,37,31,412,1077.2,United Kingdom
14334,0,True,2010-01-01,2010-12-31,2011-01-01,2011-06-30,2010-05-20 10:04:00,2010-12-16 17:37:00,5,116,88,1480,2086.42,United Kingdom
14338,0,True,2010-01-01,2010-12-31,2011-01-01,2011-06-30,2010-06-21 10:32:00,2010-06-21 10:32:00,1,19,19,287,339.88,United Kingdom
14339,0,True,2010-01-01,2010-12-31,2011-01-01,2011-06-30,2010-10-07 08:50:00,2010-10-07 08:50:00,1,9,9,288,310.75,United Kingdom
14341,0,True,2010-01-01,2010-12-31,2011-01-01,2011-06-30,2010-02-14 12:09:00,2010-10-15 15:52:00,8,103,79,973,1692.35,United Kingdom
14342,0,True,2010-01-01,2010-12-31,2011-01-01,2011-06-30,2010-08-24 13:03:00,2010-10-03 12:46:00,2,12,12,174,249.88,United Kingdom
14343,1,False,2010-01-01,2010-12-31,2011-01-01,2011-06-30,2010-01-18 16:47:00,2010-10-14 13:05:00,4,234,193,626,1079.66,United Kingdom
14344,0,True,2010-01-01,2010-12-31,2011-01-01,2011-06-30,2010-03-23 15:47:00,2010-12-16 17:51:00,15,173,102,1196,2458.77,United Kingdom
14346,0,True,2010-01-01,2010-12-31,2011-01-01,2011-06-30,2010-07-30 10:44:00,2010-10-10 14:19:00,3,86,78,1273,1294.17,United Kingdom
14350,0,True,2010-01-01,2010-12-31,2011-01-01,2011-06-30,2010-10-05 15:52:00,2010-11-24 12:01:00,2,41,38,360,689.1,United Kingdom
14353,0,True,2010-01-01,2010-12-31,2011-01-01,2011-06-30,2010-10-04 12:38:00,2010-10-25 14:46:00,2,19,14,280,285.9,United Kingdom
14355,1,False,2010-01-01,2010-12-31,2011-01-01,2011-06-30,2010-03-22 15:08:00,2010-12-09 12:16:00,3,60,57,617,840.0500000000001,United Kingdom
14358,1,False,2010-01-01,2010-12-31,2011-01-01,2011-06-30,2010-10-07 17:26:00,2010-11-15 15:51:00,2,25,21,338,400.06,United Kingdom
14361,1,False,2010-01-01,2010-12-31,2011-01-01,2011-06-30,2010-05-10 12:29:00,2010-05-10 12:29:00,1,14,14,251,214.70999999999998,United Kingdom
14363,1,False,2010-01-01,2010-12-31,2011-01-01,2011-06-30,2010-09-14 14:39:00,2010-11-02 17:01:00,2,8,8,105,227.47000000000003,United Kingdom
14365,1,False,2010-01-01,2010-12-31,2011-01-01,2011-06-30,2010-01-27 09:44:00,2010-11-10 09:52:00,2,51,50,557,634.68,United Kingdom
14366,1,False,2010-01-01,2010-12-31,2011-01-01,2011-06-30,2010-07-02 17:23:00,2010-07-02 17:23:00,1,1,1,16,136.0,United Kingdom
14369,1,False,2010-01-01,2010-12-31,2011-01-01,2011-06-30,2010-02-16 10:28:00,2010-03-07 15:47:00,2,26,24,255,469.13,United Kingdom
14370,1,False,2010-01-01,2010-12-31,2011-01-01,2011-06-30,2010-02-01 08:35:00,2010-09-15 10:53:00,6,44,37,266,1175.78,United Kingdom
14372,1,False,2010-01-01,2010-12-31,2011-01-01,2011-06-30,2010-04-19 15:57:00,2010-09-22 16:17:00,2,38,36,378,860.08,United Kingdom
14373,1,False,2010-01-01,2010-12-31,2011-01-01,2011-06-30,2010-12-16 15:40:00,2010-12-16 15:40:00,1,4,4,17,76.55,United Kingdom
14374,1,False,2010-01-01,2010-12-31,2011-01-01,2011-06-30,2010-06-16 14:25:00,2010-06-16 14:25:00,1,7,7,20,108.0,United Kingdom
14375,0,True,2010-01-01,2010-12-31,2011-01-01,2011-06-30,2010-06-16 14:34:00,2010-09-15 14:45:00,2,139,128,463,871.26,United Kingdom
14376,1,False,2010-01-01,2010-12-31,2011-01-01,2011-06-30,2010-01-25 15:36:00,2010-01-25 15:36:00,1,18,17,50,215.46,United Kingdom
14378,1,False,2010-01-01,2010-12-31,2011-01-01,2011-06-30,2010-03-28 12:22:00,2010-03-28 12:22:00,1,9,9,57,131.25,United Kingdom
14379,0,True,2010-01-01,2010-12-31,2011-01-01,2011-06-30,2010-08-16 15:31:00,2010-11-11 16:29:00,2,82,68,420,917.06,United Kingdom
14380,1,False,2010-01-01,2010-12-31,2011-01-01,2011-06-30,2010-01-26 17:11:00,2010-01-26 17:11:00,1,1,1,1,48.96,United Kingdom
14381,1,False,2010-01-01,2010-12-31,2011-01-01,2011-06-30,2010-09-14 16:15:00,2010-09-14 16:15:00,1,56,56,303,423.26,United Kingdom
14382,1,False,2010-01-01,2010-12-31,2011-01-01,2011-06-30,2010-11-14 16:32:00,2010-11-14 16:32:00,1,153,137,436,578.14,United Kingdom
14384,1,False,2010-01-01,2010-12-31,2011-01-01,2011-06-30,2010-07-27 09:53:00,2010-07-27 09:53:00,1,3,3,30,58.5,United Kingdom
14388,0,True,2010-01-01,2010-12-31,2011-01-01,2011-06-30,2010-01-20 11:54:00,2010-12-02 11:02:00,9,228,109,2419,3488.16,United Kingdom
14389,0,True,2010-01-01,2010-12-31,2011-01-01,2011-06-30,2010-04-28 14:57:00,2010-10-11 10:04:00,3,42,29,659,854.55,United Kingdom
14390,0,True,2010-01-01,2010-12-31,2011-01-01,2011-06-30,2010-10-10 14:30:00,2010-12-02 11:57:00,5,202,112,771,1731.16,United Kingdom
14391,1,False,2010-01-01,2010-12-31,2011-01-01,2011-06-30,2010-05-12 09:42:00,2010-05-12 09:42:00,1,14,14,168,135.6,United Kingdom
14392,1,False,2010-01-01,2010-12-31,2011-01-01,2011-06-30,2010-10-03 12:56:00,2010-10-03 12:56:00,1,14,14,114,266.4,United Kingdom
14394,1,False,2010-01-01,2010-12-31,2011-01-01,2011-06-30,2010-05-24 10:43:00,2010-05-24 10:43:00,1,6,6,58,93.8,United Kingdom
14395,0,True,2010-01-01,2010-12-31,2011-01-01,2011-06-30,2010-04-18 13:12:00,2010-12-02 18:15:00,12,458,227,2357,4630.7,United Kingdom
14396,1,False,2010-01-01,2010-12-31,2011-01-01,2011-06-30,2010-01-24 12:58:00,2010-12-03 15:19:00,5,164,144,505,1084.27,United Kingdom
14398,1,False,2010-01-01,2010-12-31,2011-01-01,2011-06-30,2010-06-30 11:57:00,2010-11-03 13:46:00,2,53,50,267,707.79,United Kingdom
14399,1,False,2010-01-01,2010-12-31,2011-01-01,2011-06-30,2010-02-03 13:09:00,2010-11-10 13:23:00,8,192,119,965,2108.21,United Kingdom
14400,1,False,2010-01-01,2010-12-31,2011-01-01,2011-06-30,2010-03-18 12:11:00,2010-10-27 13:59:00,2,48,47,1252,1157.77,United Kingdom
14401,0,True,2010-01-01,2010-12-31,2011-01-01,2011-06-30,2010-02-11 15:02:00,2010-12-15 09:07:00,8,74,61,1489,2160.77,United Kingdom
14402,1,False,2010-01-01,2010-12-31,2011-01-01,2011-06-30,2010-02-25 13:20:00,2010-02-25 13:20:00,1,8,8,240,285.6,United Kingdom
14403,0,True,2010-01-01,2010-12-31,2011-01-01,2011-06-30,2010-03-10 14:00:00,2010-04-29 08:47:00,2,5,4,218,404.7,United Kingdom
14404,0,True,2010-01-01,2010-12-31,2011-01-01,2011-06-30,2010-01-17 15:46:00,2010-12-05 16:00:00,6,84,65,631,1165.15,United Kingdom
14405,1,False,2010-01-01,2010-12-31,2011-01-01,2011-06-30,2010-11-18 11:40:00,2010-11-18 11:40:00,1,2,2,100,195.0,United Kingdom
14408,0,True,2010-01-01,2010-12-31,2011-01-01,2011-06-30,2010-03-19 15:40:00,2010-08-25 13:08:00,3,14,8,672,1182.24,United Kingdom
14409,0,True,2010-01-01,2010-12-31,2011-01-01,2011-06-30,2010-05-21 16:45:00,2010-12-06 15:06:00,5,52,45,1171,1696.64,United Kingdom
14410,0,True,2010-01-01,2010-12-31,2011-01-01,2011-06-30,2010-09-28 15:46:00,2010-11-28 14:57:00,2,196,179,802,1531.63,United Kingdom
14412,1,False,2010-01-01,2010-12-31,2011-01-01,2011-06-30,2010-10-11 12:33:00,2010-10-11 12:33:00,1,41,41,642,656.16,United Kingdom
14413,1,False,2010-01-01,2010-12-31,2011-01-01,2011-06-30,2010-01-19 14:27:00,2010-12-12 13:37:00,4,96,93,277,764.52,United Kingdom
14414,1,False,2010-01-01,2010-12-31,2011-01-01,2011-06-30,2010-11-30 10:12:00,2010-12-16 11:11:00,2,29,28,511,1119.55,United Kingdom
14415,0,True,2010-01-01,2010-12-31,2011-01-01,2011-06-30,2010-02-12 14:46:00,2010-12-14 13:31:00,10,690,308,3419,6469.22,United Kingdom
14417,1,False,2010-01-01,2010-12-31,2011-01-01,2011-06-30,2010-11-17 10:55:00,2010-11-17 10:55:00,1,117,106,543,524.65,United Kingdom
14419,0,True,2010-01-01,2010-12-31,2011-01-01,2011-06-30,2010-11-22 11:09:00,2010-12-10 10:56:00,2,44,28,124,326.95,United Kingdom
14420,1,False,2010-01-01,2010-12-31,2011-01-01,2011-06-30,2010-01-17 12:41:00,2010-11-08 10:49:00,3,64,58,786,1251.65,United Kingdom
14421,0,True,2010-01-01,2010-12-31,2011-01-01,2011-06-30,2010-01-17 11:30:00,2010-07-15 12:30:00,4,69,57,977,1656.26,United Kingdom
14422,0,True,2010-01-01,2010-12-31,2011-01-01,2011-06-30,2010-01-05 13:45:00,2010-11-30 10:43:00,12,304,183,2894,5587.47,United Kingdom
14423,0,True,2010-01-01,2010-12-31,2011-01-01,2011-06-30,2010-01-14 11:49:00,2010-09-28 10:42:00,2,12,11,299,651.41,United Kingdom
14425,1,False,2010-01-01,2010-12-31,2011-01-01,2011-06-30,2010-10-01 10:24:00,2010-10-01 10:24:00,1,13,13,90,239.1,United Kingdom
14426,0,True,2010-01-01,2010-12-31,2011-01-01,2011-06-30,2010-03-04 14:36:00,2010-11-01 16:24:00,7,380,314,4324,7246.27,United Kingdom
14427,1,False,2010-01-01,2010-12-31,2011-01-01,2011-06-30,2010-03-18 09:49:00,2010-08-02 11:25:00,2,27,27,310,900.1800000000001,United Kingdom
14429,1,False,2010-01-01,2010-12-31,2011-01-01,2011-06-30,2010-11-01 10:08:00,2010-11-01 10:08:00,1,22,22,286,516.28,United Kingdom
14430,1,False,2010-01-01,2010-12-31,2011-01-01,2011-06-30,2010-04-11 15:59:00,2010-07-16 11:35:00,3,35,29,446,1220.9,United Kingdom
14431,0,True,2010-01-01,2010-12-31,2011-01-01,2011-06-30,2010-01-21 10:49:00,2010-11-25 14:03:00,3,64,61,1072,2143.84,United Kingdom
14433,1,False,2010-01-01,2010-12-31,2011-01-01,2011-06-30,2010-08-31 12:35:00,2010-08-31 12:35:00,1,74,72,131,280.7,United Kingdom
14435,1,False,2010-01-01,2010-12-31,2011-01-01,2011-06-30,2010-07-26 12:33:00,2010-07-26 12:33:00,1,3,3,282,90.42,United Kingdom
14436,1,False,2010-01-01,2010-12-31,2011-01-01,2011-06-30,2010-06-04 11:32:00,2010-06-04 11:32:00,1,2,2,168,182.64000000000001,United Kingdom
14437,1,False,2010-01-01,2010-12-31,2011-01-01,2011-06-30,2010-05-05 12:20:00,2010-12-09 09:27:00,5,42,34,420,873.34,United Kingdom
14439,0,True,2010-01-01,2010-12-31,2011-01-01,2011-06-30,2010-01-21 14:01:00,2010-09-22 14:47:00,4,97,83,1718,6781.8,Greece
14440,0,True,2010-01-01,2010-12-31,2011-01-01,2011-06-30,2010-01-22 11:43:00,2010-12-09 12:49:00,8,73,44,880,3346.04,United Kingdom
14441,0,True,2010-01-01,2010-12-31,2011-01-01,2011-06-30,2010-01-18 10:40:00,2010-11-30 19:35:00,7,103,71,814,2898.8,United Kingdom
14442,0,True,2010-01-01,2010-12-31,2011-01-01,2011-06-30,2010-01-18 12:59:00,2010-10-21 15:39:00,5,120,97,949,3777.2,Channel Islands
14443,0,True,2010-01-01,2010-12-31,2011-01-01,2011-06-30,2010-11-25 14:18:00,2010-12-06 11:03:00,2,60,57,582,966.27,United Kingdom
14444,1,False,2010-01-01,2010-12-31,2011-01-01,2011-06-30,2010-09-09 18:56:00,2010-09-09 18:56:00,1,11,11,172,120.44,United Kingdom
14445,1,False,2010-01-01,2010-12-31,2011-01-01,2011-06-30,2010-09-10 11:09:00,2010-09-10 11:09:00,1,32,32,83,221.65,United Kingdom
14446,0,True,2010-01-01,2010-12-31,2011-01-01,2011-06-30,2010-11-18 12:08:00,2010-11-18 12:08:00,1,42,42,175,189.93,United Kingdom
14447,0,True,2010-01-01,2010-12-31,2011-01-01,2011-06-30,2010-11-04 13:32:00,2010-11-04 13:32:00,1,36,36,342,548.5,United Kingdom
14448,1,False,2010-01-01,2010-12-31,2011-01-01,2011-06-30,2010-12-10 17:26:00,2010-12-10 17:26:00,1,18,18,44,102.35000000000001,United Kingdom
14449,0,True,2010-01-01,2010-12-31,2011-01-01,2011-06-30,2010-09-29 13:15:00,2010-12-02 14:09:00,5,283,173,1005,1555.4,United Kingdom
14450,0,True,2010-01-01,2010-12-31,2011-01-01,2011-06-30,2010-04-08 12:09:00,2010-11-25 11:58:00,4,36,24,281,645.19,United Kingdom
14451,0,True,2010-01-01,2010-12-31,2011-01-01,2011-06-30,2010-01-17 10:35:00,2010-11-15 14:09:00,10,407,194,1359,2614.78,United Kingdom
14452,1,False,2010-01-01,2010-12-31,2011-01-01,2011-06-30,2010-07-06 13:13:00,2010-11-09 14:13:00,2,69,62,169,399.9,United Kingdom
14454,1,False,2010-01-01,2010-12-31,2011-01-01,2011-06-30,2010-02-07 12:15:00,2010-11-28 13:26:00,4,93,82,337,851.36,United Kingdom
14455,1,False,2010-01-01,2010-12-31,2011-01-01,2011-06-30,2010-08-01 13:26:00,2010-10-03 15:48:00,4,77,65,706,617.72,United Kingdom
14458,1,False,2010-01-01,2010-12-31,2011-01-01,2011-06-30,2010-11-24 12:43:00,2010-11-24 12:43:00,1,47,46,317,228.07,United Kingdom
14459,1,False,2010-01-01,2010-12-31,2011-01-01,2011-06-30,2010-02-26 13:26:00,2010-02-26 13:26:00,1,76,76,1543,3537.821,United Kingdom
14460,0,True,2010-01-01,2010-12-31,2011-01-01,2011-06-30,2010-02-09 15:45:00,2010-11-08 15:00:00,5,19,17,740,503.82,United Kingdom
14461,0,True,2010-01-01,2010-12-31,2011-01-01,2011-06-30,2010-01-18 12:48:00,2010-11-22 12:33:00,10,456,368,2239,4573.85,United Kingdom
14462,0,True,2010-01-01,2010-12-31,2011-01-01,2011-06-30,2010-10-03 14:13:00,2010-10-03 14:13:00,1,48,48,107,262.24,United Kingdom
14463,0,True,2010-01-01,2010-12-31,2011-01-01,2011-06-30,2010-07-28 11:35:00,2010-07-28 11:35:00,1,2,2,31,256.95,United Kingdom
14464,1,False,2010-01-01,2010-12-31,2011-01-01,2011-06-30,2010-03-22 15:20:00,2010-05-20 18:00:00,2,4,4,62,111.0,United Kingdom
14465,0,True,2010-01-01,2010-12-31,2011-01-01,2011-06-30,2010-01-07 15:03:00,2010-10-07 15:09:00,8,70,31,2141,2887.4100000000003,United Kingdom
14466,0,True,2010-01-01,2010-12-31,2011-01-01,2011-06-30,2010-01-14 12:11:00,2010-12-02 13:36:00,6,128,68,1492,2156.7,United Kingdom
14467,0,True,2010-01-01,2010-12-31,2011-01-01,2011-06-30,2010-03-16 12:34:00,2010-11-15 11:01:00,7,197,106,829,1497.14,United Kingdom
14469,1,False,2010-01-01,2010-12-31,2011-01-01,2011-06-30,2010-01-29 11:12:00,2010-10-19 14:30:00,4,145,120,973,2093.46,United Kingdom
14470,0,True,2010-01-01,2010-12-31,2011-01-01,2011-06-30,2010-10-05 12:39:00,2010-10-05 12:39:00,1,17,17,89,250.85,United Kingdom
14471,1,False,2010-01-01,2010-12-31,2011-01-01,2011-06-30,2010-04-27 17:12:00,2010-04-27 17:12:00,1,14,14,68,192.12,United Kingdom
14472,0,True,2010-01-01,2010-12-31,2011-01-01,2011-06-30,2010-01-19 13:09:00,2010-12-19 14:03:00,2,75,65,232,512.43,United Kingdom
14474,1,False,2010-01-01,2010-12-31,2011-01-01,2011-06-30,2010-05-09 12:12:00,2010-05-09 12:12:00,1,98,97,308,711.23,United Kingdom
14475,0,True,2010-01-01,2010-12-31,2011-01-01,2011-06-30,2010-10-27 09:20:00,2010-10-27 09:20:00,1,6,6,94,225.3,United Kingdom
14477,0,True,2010-01-01,2010-12-31,2011-01-01,2011-06-30,2010-01-04 15:41:00,2010-09-29 14:05:00,3,4,3,400,660.0,United Kingdom
14478,1,False,2010-01-01,2010-12-31,2011-01-01,2011-06-30,2010-01-26 13:06:00,2010-11-22 15:29:00,3,50,45,914,994.38,United Kingdom
14479,0,True,2010-01-01,2010-12-31,2011-01-01,2011-06-30,2010-10-17 11:58:00,2010-12-09 12:59:00,2,98,92,315,627.73,United Kingdom
14480,1,False,2010-01-01,2010-12-31,2011-01-01,2011-06-30,2010-09-28 12:27:00,2010-11-02 12:35:00,2,35,30,376,716.62,United Kingdom
14481,0,True,2010-01-01,2010-12-31,2011-01-01,2011-06-30,2010-01-31 12:43:00,2010-10-28 19:20:00,3,120,103,1079,1648.18,United Kingdom
14482,0,True,2010-01-01,2010-12-31,2011-01-01,2011-06-30,2010-08-26 14:13:00,2010-11-25 15:26:00,6,107,91,1242,2283.91,United Kingdom
14484,1,False,2010-01-01,2010-12-31,2011-01-01,2011-06-30,2010-03-12 10:30:00,2010-11-03 13:50:00,2,18,18,289,313.61,United Kingdom
14486,1,False,2010-01-01,2010-12-31,2011-01-01,2011-06-30,2010-06-04 10:30:00,2010-07-16 09:42:00,2,6,4,90,175.5,United Kingdom
14487,1,False,2010-01-01,2010-12-31,2011-01-01,2011-06-30,2010-11-25 13:36:00,2010-12-06 13:22:00,2,41,32,86,225.89000000000001,United Kingdom
14489,0,True,2010-01-01,2010-12-31,2011-01-01,2011-06-30,2010-04-06 09:52:00,2010-09-28 15:26:00,3,70,54,712,1111.55,United Kingdom
14490,1,False,2010-01-01,2010-12-31,2011-01-01,2011-06-30,2010-10-07 11:36:00,2010-10-29 15:04:00,2,80,72,933,1273.47,United Kingdom
14491,0,True,2010-01-01,2010-12-31,2011-01-01,2011-06-30,2010-12-02 12:10:00,2010-12-02 12:10:00,1,4,4,40,127.2,United Kingdom
14492,1,False,2010-01-01,2010-12-31,2011-01-01,2011-06-30,2010-03-30 14:23:00,2010-10-05 13:21:00,7,92,70,751,1921.91,United Kingdom
14493,1,False,2010-01-01,2010-12-31,2011-01-01,2011-06-30,2010-03-08 08:33:00,2010-11-14 16:16:00,5,235,204,1863,2704.62,United Kingdom
14494,1,False,2010-01-01,2010-12-31,2011-01-01,2011-06-30,2010-11-03 13:13:00,2010-11-03 13:13:00,1,9,9,88,147.6,United Kingdom
14495,1,False,2010-01-01,2010-12-31,2011-01-01,2011-06-30,2010-02-18 08:49:00,2010-02-18 08:49:00,1,1,1,6,51.0,United Kingdom
14496,0,True,2010-01-01,2010-12-31,2011-01-01,2011-06-30,2010-03-16 13:15:00,2010-12-01 15:35:00,6,92,58,832,2129.42,United Kingdom
14497,0,True,2010-01-01,2010-12-31,2011-01-01,2011-06-30,2010-02-04 09:59:00,2010-02-04 09:59:00,1,11,11,97,221.69,United Kingdom
14498,0,True,2010-01-01,2010-12-31,2011-01-01,2011-06-30,2010-06-07 16:05:00,2010-12-13 11:29:00,6,190,154,1092,2109.73,United Kingdom
14499,0,True,2010-01-01,2010-12-31,2011-01-01,2011-06-30,2010-08-27 11:57:00,2010-11-30 14:28:00,4,121,86,735,1293.3500000000001,United Kingdom
14505,0,True,2010-01-01,2010-12-31,2011-01-01,2011-06-30,2010-02-21 12:25:00,2010-12-12 16:14:00,10,774,537,2458,5680.57,United Kingdom
14506,0,True,2010-01-01,2010-12-31,2011-01-01,2011-06-30,2010-04-19 08:27:00,2010-12-05 14:25:00,3,148,111,338,1256.6000000000001,United Kingdom
14507,0,True,2010-01-01,2010-12-31,2011-01-01,2011-06-30,2010-02-28 12:16:00,2010-11-26 11:24:00,4,148,117,841,1677.3600000000001,United Kingdom
14508,1,False,2010-01-01,2010-12-31,2011-01-01,2011-06-30,2010-06-17 13:02:00,2010-11-28 13:21:00,3,122,100,218,554.87,United Kingdom
14509,1,False,2010-01-01,2010-12-31,2011-01-01,2011-06-30,2010-06-23 13:21:00,2010-06-23 13:21:00,1,25,25,38,110.95,United Kingdom
14510,1,False,2010-01-01,2010-12-31,2011-01-01,2011-06-30,2010-09-29 13:35:00,2010-11-29 12:46:00,3,75,67,793,979.85,United Kingdom
14512,0,True,2010-01-01,2010-12-31,2011-01-01,2011-06-30,2010-04-29 11:56:00,2010-11-21 13:00:00,4,47,37,508,787.41,United Kingdom
14513,0,True,2010-01-01,2010-12-31,2011-01-01,2011-06-30,2010-05-20 17:57:00,2010-09-29 12:11:00,3,7,5,232,332.42,United Kingdom
14514,0,True,2010-01-01,2010-12-31,2011-01-01,2011-06-30,2010-01-25 13:22:00,2010-09-29 13:14:00,5,213,163,1371,2561.5,United Kingdom
14515,0,True,2010-01-01,2010-12-31,2011-01-01,2011-06-30,2010-06-07 12:37:00,2010-11-17 12:24:00,6,75,55,783,1647.17,United Kingdom
14516,1,False,2010-01-01,2010-12-31,2011-01-01,2011-06-30,2010-07-11 14:07:00,2010-07-11 14:07:00,1,35,35,63,151.17,United Kingdom
14519,1,False,2010-01-01,2010-12-31,2011-01-01,2011-06-30,2010-01-25 11:18:00,2010-01-25 11:18:00,1,15,15,31,80.19,United Kingdom
14521,1,False,2010-01-01,2010-12-31,2011-01-01,2011-06-30,2010-08-05 16:35:00,2010-08-05 16:35:00,1,17,17,211,199.45000000000002,United Kingdom
14522,0,True,2010-01-01,2010-12-31,2011-01-01,2011-06-30,2010-01-24 13:55:00,2010-04-23 10:45:00,4,28,23,431,773.8800000000001,United Kingdom
14524,0,True,2010-01-01,2010-12-31,2011-01-01,2011-06-30,2010-10-19 11:44:00,2010-12-14 11:01:00,5,151,129,637,1341.48,United Kingdom
14525,0,True,2010-01-01,2010-12-31,2011-01-01,2011-06-30,2010-01-19 12:50:00,2010-12-13 17:40:00,8,228,150,2482,3873.14,United Kingdom
14526,1,False,2010-01-01,2010-12-31,2011-01-01,2011-06-30,2010-11-15 13:32:00,2010-11-15 13:32:00,1,41,41,178,258.65,United Kingdom
14527,0,True,2010-01-01,2010-12-31,2011-01-01,2011-06-30,2010-01-04 13:39:00,2010-12-20 13:11:00,64,1418,443,3612,14036.86,United Kingdom
14530,0,True,2010-01-01,2010-12-31,2011-01-01,2011-06-30,2010-01-21 11:25:00,2010-11-08 13:05:00,10,260,180,1594,3226.76,United Kingdom
14531,1,False,2010-01-01,2010-12-31,2011-01-01,2011-06-30,2010-08-17 10:16:00,2010-08-17 10:16:00,1,29,29,260,376.34,United Kingdom
14532,0,True,2010-01-01,2010-12-31,2011-01-01,2011-06-30,2010-01-10 11:47:00,2010-12-22 13:48:00,8,264,190,855,3135.53,United Kingdom
14533,1,False,2010-01-01,2010-12-31,2011-01-01,2011-06-30,2010-04-08 12:13:00,2010-12-22 11:07:00,5,37,32,2559,1950.15,United Kingdom
14534,0,True,2010-01-01,2010-12-31,2011-01-01,2011-06-30,2010-03-15 14:16:00,2010-11-07 10:44:00,8,207,164,795,1790.36,United Kingdom
14535,0,True,2010-01-01,2010-12-31,2011-01-01,2011-06-30,2010-02-24 15:03:00,2010-11-09 16:03:00,6,497,381,1390,3118.39,United Kingdom
14537,1,False,2010-01-01,2010-12-31,2011-01-01,2011-06-30,2010-03-26 13:44:00,2010-03-26 13:44:00,1,13,13,108,285.84000000000003,United Kingdom
14538,0,True,2010-01-01,2010-12-31,2011-01-01,2011-06-30,2010-01-25 15:42:00,2010-06-27 10:23:00,3,33,28,129,982.59,United Kingdom
14540,0,True,2010-01-01,2010-12-31,2011-01-01,2011-06-30,2010-01-25 09:29:00,2010-11-25 10:51:00,6,120,93,948,2212.7400000000002,United Kingdom
14541,0,True,2010-01-01,2010-12-31,2011-01-01,2011-06-30,2010-01-07 11:59:00,2010-10-19 15:07:00,6,70,49,482,1038.03,United Kingdom
14543,0,True,2010-01-01,2010-12-31,2011-01-01,2011-06-30,2010-02-15 12:54:00,2010-12-10 11:51:00,20,119,73,1654,9995.34,United Kingdom
14544,1,False,2010-01-01,2010-12-31,2011-01-01,2011-06-30,2010-08-26 16:00:00,2010-12-13 12:50:00,2,130,111,1712,2036.0,United Kingdom
14545,1,False,2010-01-01,2010-12-31,2011-01-01,2011-06-30,2010-02-03 15:23:00,2010-02-03 15:23:00,1,23,23,236,349.25,United Kingdom
14546,0,True,2010-01-01,2010-12-31,2011-01-01,2011-06-30,2010-02-07 11:48:00,2010-11-28 12:15:00,5,308,195,1063,2064.43,United Kingdom
14548,0,True,2010-01-01,2010-12-31,2011-01-01,2011-06-30,2010-04-08 17:05:00,2010-08-12 15:48:00,5,52,34,489,1292.31,United Kingdom
14549,0,True,2010-01-01,2010-12-31,2011-01-01,2011-06-30,2010-04-25 11:43:00,2010-10-15 08:26:00,2,33,27,137,311.09000000000003,United Kingdom
14550,1,False,2010-01-01,2010-12-31,2011-01-01,2011-06-30,2010-08-13 12:05:00,2010-11-16 14:05:00,2,50,46,382,587.69,United Kingdom
14551,0,True,2010-01-01,2010-12-31,2011-01-01,2011-06-30,2010-01-27 12:06:00,2010-10-24 14:45:00,5,69,62,380,691.86,United Kingdom
14552,1,False,2010-01-01,2010-12-31,2011-01-01,2011-06-30,2010-04-26 13:44:00,2010-11-24 12:36:00,2,97,80,168,343.71,United Kingdom
14553,0,True,2010-01-01,2010-12-31,2011-01-01,2011-06-30,2010-07-18 12:07:00,2010-10-24 12:00:00,4,175,141,625,959.33,United Kingdom
14555,0,True,2010-01-01,2010-12-31,2011-01-01,2011-06-30,2010-05-18 13:04:00,2010-11-23 11:35:00,3,89,79,619,1700.84,United Kingdom
14556,1,False,2010-01-01,2010-12-31,2011-01-01,2011-06-30,2010-01-20 11:49:00,2010-04-22 14:57:00,3,196,158,323,815.69,United Kingdom
14558,1,False,2010-01-01,2010-12-31,2011-01-01,2011-06-30,2010-01-28 14:59:00,2010-02-23 12:51:00,2,5,5,55,349.04999999999995,United Kingdom
14559,1,False,2010-01-01,2010-12-31,2011-01-01,2011-06-30,2010-11-14 16:05:00,2010-11-14 16:05:00,1,2,2,72,75.6,United Kingdom
14560,0,True,2010-01-01,2010-12-31,2011-01-01,2011-06-30,2010-01-17 15:46:00,2010-12-17 09:22:00,21,124,46,2823,3605.21,United Kingdom
14562,0,True,2010-01-01,2010-12-31,2011-01-01,2011-06-30,2010-02-07 14:10:00,2010-11-14 11:10:00,8,182,116,759,1631.38,United Kingdom
14563,1,False,2010-01-01,2010-12-31,2011-01-01,2011-06-30,2010-04-26 12:51:00,2010-07-18 12:01:00,2,106,95,279,640.54,United Kingdom
14564,1,False,2010-01-01,2010-12-31,2011-01-01,2011-06-30,2010-10-01 09:02:00,2010-10-01 09:02:00,1,68,68,856,1616.44,Channel Islands
14565,0,True,2010-01-01,2010-12-31,2011-01-01,2011-06-30,2010-08-23 09:48:00,2010-12-13 13:25:00,2,87,85,1040,1927.51,United Kingdom
14566,1,False,2010-01-01,2010-12-31,2011-01-01,2011-06-30,2010-06-24 10:34:00,2010-10-18 14:57:00,3,12,8,1600,2660.0,Channel Islands
14568,1,False,2010-01-01,2010-12-31,2011-01-01,2011-06-30,2010-09-30 17:15:00,2010-09-30 17:15:00,1,47,47,645,919.7,Channel Islands
14569,1,False,2010-01-01,2010-12-31,2011-01-01,2011-06-30,2010-04-15 11:49:00,2010-09-13 10:51:00,3,22,21,178,369.94,United Kingdom
14570,0,True,2010-01-01,2010-12-31,2011-01-01,2011-06-30,2010-09-22 13:07:00,2010-09-22 13:07:00,1,39,37,336,395.69,United Kingdom
14571,1,False,2010-01-01,2010-12-31,2011-01-01,2011-06-30,2010-10-10 15:06:00,2010-10-10 15:06:00,1,30,30,56,160.0,United Kingdom
14572,0,True,2010-01-01,2010-12-31,2011-01-01,2011-06-30,2010-03-28 13:47:00,2010-10-18 17:11:00,4,245,188,1458,2722.34,United Kingdom
14573,0,True,2010-01-01,2010-12-31,2011-01-01,2011-06-30,2010-01-08 16:34:00,2010-12-02 19:59:00,5,153,130,275,925.3,United Kingdom
14575,1,False,2010-01-01,2010-12-31,2011-01-01,2011-06-30,2010-08-08 14:51:00,2010-08-08 14:51:00,1,72,71,163,420.22,United Kingdom
14576,1,False,2010-01-01,2010-12-31,2011-01-01,2011-06-30,2010-12-02 17:51:00,2010-12-02 17:51:00,1,1,1,12,35.400000000000006,United Kingdom
14577,0,True,2010-01-01,2010-12-31,2011-01-01,2011-06-30,2010-01-27 12:11:00,2010-12-12 11:26:00,3,72,45,237,634.0,United Kingdom
14579,1,False,2010-01-01,2010-12-31,2011-01-01,2011-06-30,2010-10-03 14:36:00,2010-10-03 14:36:00,1,25,24,56,105.56,United Kingdom
14580,1,False,2010-01-01,2010-12-31,2011-01-01,2011-06-30,2010-07-09 15:20:00,2010-07-09 15:20:00,1,1,1,3,14.850000000000001,United Kingdom
14581,1,False,2010-01-01,2010-12-31,2011-01-01,2011-06-30,2010-06-13 15:48:00,2010-06-13 15:48:00,1,43,43,87,271.05,United Kingdom
14583,0,True,2010-01-01,2010-12-31,2011-01-01,2011-06-30,2010-03-28 15:16:00,2010-11-21 15:28:00,3,162,149,320,673.33,United Kingdom
14584,0,True,2010-01-01,2010-12-31,2011-01-01,2011-06-30,2010-02-17 14:01:00,2010-10-14 13:48:00,4,120,79,579,705.1,United Kingdom
14585,1,False,2010-01-01,2010-12-31,2011-01-01,2011-06-30,2010-10-19 12:17:00,2010-11-22 12:44:00,4,82,64,539,986.22,United Kingdom
14588,1,False,2010-01-01,2010-12-31,2011-01-01,2011-06-30,2010-05-10 15:08:00,2010-05-10 15:08:00,1,16,16,62,135.39,United Kingdom
14589,1,False,2010-01-01,2010-12-31,2011-01-01,2011-06-30,2010-12-03 11:42:00,2010-12-03 11:42:00,1,3,3,5,39.75,United Kingdom
14590,1,False,2010-01-01,2010-12-31,2011-01-01,2011-06-30,2010-01-04 10:28:00,2010-10-11 12:06:00,17,155,104,793,2643.71,United Kingdom
14593,0,True,2010-01-01,2010-12-31,2011-01-01,2011-06-30,2010-02-10 11:21:00,2010-11-07 12:51:00,8,394,282,1356,2630.33,United Kingdom
14594,1,False,2010-01-01,2010-12-31,2011-01-01,2011-06-30,2010-12-01 13:54:00,2010-12-01 13:54:00,1,31,31,146,255.0,United Kingdom
14595,0,True,2010-01-01,2010-12-31,2011-01-01,2011-06-30,2010-01-20 13:59:00,2010-09-12 12:47:00,2,34,28,250,423.85,United Kingdom
14596,1,False,2010-01-01,2010-12-31,2011-01-01,2011-06-30,2010-03-23 12:13:00,2010-03-23 12:13:00,1,53,50,75,222.22000000000003,United Kingdom
14597,0,True,2010-01-01,2010-12-31,2011-01-01,2011-06-30,2010-09-28 13:17:00,2010-11-25 13:38:00,4,48,41,870,1318.3899999999999,United Kingdom
14598,1,False,2010-01-01,2010-12-31,2011-01-01,2011-06-30,2010-05-19 13:07:00,2010-05-19 13:07:00,1,40,40,165,162.07,United Kingdom
14599,1,False,2010-01-01,2010-12-31,2011-01-01,2011-06-30,2010-07-18 15:54:00,2010-11-14 14:49:00,2,79,77,292,457.89,United Kingdom
14600,0,True,2010-01-01,2010-12-31,2011-01-01,2011-06-30,2010-11-11 15:56:00,2010-11-11 15:56:00,1,29,29,362,471.84000000000003,United Kingdom
14602,1,False,2010-01-01,2010-12-31,2011-01-01,2011-06-30,2010-02-21 15:47:00,2010-02-21 15:47:00,1,31,31,80,205.35999999999999,United Kingdom
14604,1,False,2010-01-01,2010-12-31,2011-01-01,2011-06-30,2010-03-16 13:00:00,2010-03-16 13:00:00,1,23,20,88,143.85999999999999,United Kingdom
14605,1,False,2010-01-01,2010-12-31,2011-01-01,2011-06-30,2010-04-21 15:24:00,2010-11-30 14:07:00,2,76,68,283,712.96,United Kingdom
14606,0,True,2010-01-01,2010-12-31,2011-01-01,2011-06-30,2010-01-05 13:23:00,2010-12-22 13:17:00,99,3603,1054,8961,17631.38,United Kingdom
14607,0,True,2010-01-01,2010-12-31,2011-01-01,2011-06-30,2010-02-04 10:56:00,2010-08-29 13:35:00,7,113,74,2793,5233.43,United Kingdom
14608,1,False,2010-01-01,2010-12-31,2011-01-01,2011-06-30,2010-05-24 11:03:00,2010-12-12 14:49:00,6,19,10,344,1190.57,United Kingdom
14609,0,True,2010-01-01,2010-12-31,2011-01-01,2011-06-30,2010-02-09 09:48:00,2010-11-14 10:14:00,6,9,6,5694,884.64,United Kingdom
14610,1,False,2010-01-01,2010-12-31,2011-01-01,2011-06-30,2010-07-13 16:06:00,2010-11-09 10:58:00,2,10,10,15,24.35,United Kingdom
14611,1,False,2010-01-01,2010-12-31,2011-01-01,2011-06-30,2010-04-20 10:19:00,2010-09-22 09:19:00,2,38,37,582,604.3299999999999,United Kingdom
14612,1,False,2010-01-01,2010-12-31,2011-01-01,2011-06-30,2010-10-20 16:01:00,2010-10-20 16:01:00,1,14,14,134,877.7,United Kingdom
14613,1,False,2010-01-01,2010-12-31,2011-01-01,2011-06-30,2010-01-28 13:02:00,2010-01-28 13:02:00,1,1,1,72,76.32000000000001,United Kingdom
14614,1,False,2010-01-01,2010-12-31,2011-01-01,2011-06-30,2010-11-18 13:04:00,2010-11-18 13:04:00,1,19,19,189,295.13,United Kingdom
14615,1,False,2010-01-01,2010-12-31,2011-01-01,2011-06-30,2010-06-09 13:59:00,2010-11-10 13:36:00,5,48,40,495,951.76,United Kingdom
14616,0,True,2010-01-01,2010-12-31,2011-01-01,2011-06-30,2010-06-09 09:42:00,2010-11-19 16:33:00,2,2,2,66,121.7,United Kingdom
14617,1,False,2010-01-01,2010-12-31,2011-01-01,2011-06-30,2010-10-20 10:40:00,2010-11-02 11:41:00,2,9,7,81,190.47000000000003,United Kingdom
14618,0,True,2010-01-01,2010-12-31,2011-01-01,2011-06-30,2010-06-11 10:11:00,2010-11-28 10:24:00,4,35,33,440,788.88,United Kingdom
14619,0,True,2010-01-01,2010-12-31,2011-01-01,2011-06-30,2010-06-16 14:41:00,2010-06-16 14:41:00,1,40,40,442,896.8000000000001,United Kingdom
14621,0,True,2010-01-01,2010-12-31,2011-01-01,2011-06-30,2010-01-25 09:08:00,2010-12-16 13:00:00,5,83,74,843,1517.91,United Kingdom
14623,0,True,2010-01-01,2010-12-31,2011-01-01,2011-06-30,2010-04-16 17:12:00,2010-11-24 15:26:00,5,149,110,607,1130.28,United Kingdom
14624,1,False,2010-01-01,2010-12-31,2011-01-01,2011-06-30,2010-04-14 10:44:00,2010-10-20 15:16:00,4,38,30,483,588.22,United Kingdom
14625,0,True,2010-01-01,2010-12-31,2011-01-01,2011-06-30,2010-01-28 09:09:00,2010-12-13 15:36:00,9,210,140,1715,3599.6800000000003,United Kingdom
14626,0,True,2010-01-01,2010-12-31,2011-01-01,2011-06-30,2010-01-07 11:23:00,2010-11-09 09:23:00,6,98,77,1380,2183.25,United Kingdom
14627,1,False,2010-01-01,2010-12-31,2011-01-01,2011-06-30,2010-11-25 16:32:00,2010-11-25 16:32:00,1,29,29,284,462.75,United Kingdom
14628,0,True,2010-01-01,2010-12-31,2011-01-01,2011-06-30,2010-01-25 14:40:00,2010-09-23 18:24:00,3,62,52,875,1326.04,United Kingdom
14630,1,False,2010-01-01,2010-12-31,2011-01-01,2011-06-30,2010-08-12 16:38:00,2010-08-12 16:38:00,1,21,21,111,338.65,United Kingdom
14631,0,True,2010-01-01,2010-12-31,2011-01-01,2011-06-30,2010-08-09 14:45:00,2010-11-18 10:37:00,3,50,39,785,1018.71,United Kingdom
14634,1,False,2010-01-01,2010-12-31,2011-01-01,2011-06-30,2010-06-16 09:48:00,2010-09-28 10:40:00,4,109,105,1906,2124.46,United Kingdom
14635,1,False,2010-01-01,2010-12-31,2011-01-01,2011-06-30,2010-09-12 10:47:00,2010-09-12 10:47:00,1,15,15,118,215.22,United Kingdom
14637,1,False,2010-01-01,2010-12-31,2011-01-01,2011-06-30,2010-01-31 15:52:00,2010-01-31 15:52:00,1,7,7,100,106.67999999999999,United Kingdom
14639,0,True,2010-01-01,2010-12-31,2011-01-01,2011-06-30,2010-02-16 12:35:00,2010-12-13 13:50:00,4,161,117,1251,2671.01,United Kingdom
14640,0,True,2010-01-01,2010-12-31,2011-01-01,2011-06-30,2010-01-22 15:44:00,2010-10-26 09:45:00,4,98,91,765,1541.98,United Kingdom
14643,0,True,2010-01-01,2010-12-31,2011-01-01,2011-06-30,2010-03-22 15:49:00,2010-12-16 17:53:00,3,32,29,568,993.34,United Kingdom
14644,0,True,2010-01-01,2010-12-31,2011-01-01,2011-06-30,2010-08-02 12:44:00,2010-10-21 10:10:00,4,25,21,362,1078.46,United Kingdom
14645,0,True,2010-01-01,2010-12-31,2011-01-01,2011-06-30,2010-03-15 11:33:00,2010-03-15 11:33:00,1,18,18,206,279.8,United Kingdom
14646,0,True,2010-01-01,2010-12-31,2011-01-01,2011-06-30,2010-01-11 14:37:00,2010-12-21 15:05:00,75,1710,590,166451,242291.91,Netherlands
14647,0,True,2010-01-01,2010-12-31,2011-01-01,2011-06-30,2010-07-04 13:27:00,2010-07-04 13:27:00,1,20,18,84,270.0,United Kingdom
14648,1,False,2010-01-01,2010-12-31,2011-01-01,2011-06-30,2010-02-04 13:34:00,2010-10-19 13:12:00,14,383,257,3100,4271.42,United Kingdom
14649,0,True,2010-01-01,2010-12-31,2011-01-01,2011-06-30,2010-01-20 13:10:00,2010-11-22 13:59:00,5,341,270,1411,2248.6,United Kingdom
14650,1,False,2010-01-01,2010-12-31,2011-01-01,2011-06-30,2010-04-29 20:27:00,2010-04-29 20:27:00,1,4,4,22,62.5,United Kingdom
14651,0,True,2010-01-01,2010-12-31,2011-01-01,2011-06-30,2010-03-18 11:39:00,2010-11-10 16:05:00,7,182,146,537,1371.77,United Kingdom
14653,0,True,2010-01-01,2010-12-31,2011-01-01,2011-06-30,2010-01-05 12:20:00,2010-07-14 12:19:00,4,129,117,776,1333.32,United Kingdom
14655,0,True,2010-01-01,2010-12-31,2011-01-01,2011-06-30,2010-04-22 14:29:00,2010-11-16 12:28:00,3,54,48,1252,1946.28,United Kingdom
14656,0,True,2010-01-01,2010-12-31,2011-01-01,2011-06-30,2010-04-15 12:10:00,2010-10-20 13:26:00,3,127,95,189,498.95,United Kingdom
14657,0,True,2010-01-01,2010-12-31,2011-01-01,2011-06-30,2010-09-30 19:57:00,2010-10-06 15:33:00,2,83,66,413,601.97,United Kingdom
14662,0,True,2010-01-01,2010-12-31,2011-01-01,2011-06-30,2010-03-17 11:21:00,2010-10-08 13:31:00,2,73,65,299,524.36,United Kingdom
14663,1,False,2010-01-01,2010-12-31,2011-01-01,2011-06-30,2010-10-05 13:12:00,2010-10-05 13:21:00,2,68,60,397,490.6,United Kingdom
14665,0,True,2010-01-01,2010-12-31,2011-01-01,2011-06-30,2010-04-26 11:17:00,2010-10-08 14:40:00,2,42,40,404,913.95,United Kingdom
14667,0,True,2010-01-01,2010-12-31,2011-01-01,2011-06-30,2010-01-14 14:15:00,2010-12-14 10:34:00,32,801,417,7548,12442.02,United Kingdom
14668,1,False,2010-01-01,2010-12-31,2011-01-01,2011-06-30,2010-09-20 15:03:00,2010-09-20 15:03:00,1,12,10,49,111.63,United Kingdom
14669,0,True,2010-01-01,2010-12-31,2011-01-01,2011-06-30,2010-02-16 12:11:00,2010-03-16 09:39:00,3,135,128,770,1146.01,United Kingdom
14671,1,False,2010-01-01,2010-12-31,2011-01-01,2011-06-30,2010-05-20 18:21:00,2010-06-08 13:39:00,2,55,48,571,1127.45,United Kingdom
14672,0,True,2010-01-01,2010-12-31,2011-01-01,2011-06-30,2010-01-28 11:33:00,2010-07-12 10:23:00,2,45,38,192,347.59,United Kingdom
14673,1,False,2010-01-01,2010-12-31,2011-01-01,2011-06-30,2010-10-26 10:14:00,2010-12-07 12:49:00,3,89,65,1031,1674.41,United Kingdom
14674,1,False,2010-01-01,2010-12-31,2011-01-01,2011-06-30,2010-07-18 14:25:00,2010-07-18 14:25:00,1,14,14,103,173.66,United Kingdom
14675,1,False,2010-01-01,2010-12-31,2011-01-01,2011-06-30,2010-11-16 12:22:00,2010-11-16 12:22:00,1,124,114,324,419.22,United Kingdom
14676,0,True,2010-01-01,2010-12-31,2011-01-01,2011-06-30,2010-03-10 09:30:00,2010-11-10 12:32:00,6,91,63,6292,5808.55,United Kingdom
14677,1,False,2010-01-01,2010-12-31,2011-01-01,2011-06-30,2010-04-26 09:48:00,2010-04-26 09:48:00,1,14,14,139,184.91,United Kingdom
14678,1,False,2010-01-01,2010-12-31,2011-01-01,2011-06-30,2010-05-09 14:32:00,2010-05-09 14:32:00,1,24,24,179,403.39,United Kingdom
14679,1,False,2010-01-01,2010-12-31,2011-01-01,2011-06-30,2010-07-06 09:58:00,2010-11-23 11:51:00,2,42,36,626,850.6999999999999,United Kingdom
14680,0,True,2010-01-01,2010-12-31,2011-01-01,2011-06-30,2010-01-04 12:30:00,2010-12-14 13:19:00,41,919,181,13718,28491.05,United Kingdom
14681,0,True,2010-01-01,2010-12-31,2011-01-01,2011-06-30,2010-02-24 08:54:00,2010-11-17 15:42:00,3,13,13,96,376.20000000000005,United Kingdom
14682,0,True,2010-01-01,2010-12-31,2011-01-01,2011-06-30,2010-02-05 14:47:00,2010-10-07 09:53:00,4,84,78,869,1462.81,United Kingdom
14683,1,False,2010-01-01,2010-12-31,2011-01-01,2011-06-30,2010-04-30 17:18:00,2010-04-30 17:18:00,1,21,21,386,146.56,United Kingdom
14684,0,True,2010-01-01,2010-12-31,2011-01-01,2011-06-30,2010-11-14 14:07:00,2010-12-12 12:44:00,2,140,119,254,396.88,United Kingdom
14685,1,False,2010-01-01,2010-12-31,2011-01-01,2011-06-30,2010-01-10 12:43:00,2010-05-12 13:08:00,5,141,87,1264,3243.73,United Kingdom
14686,1,False,2010-01-01,2010-12-31,2011-01-01,2011-06-30,2010-02-18 18:29:00,2010-10-21 18:31:00,5,219,185,457,852.53,United Kingdom
14687,1,False,2010-01-01,2010-12-31,2011-01-01,2011-06-30,2010-06-06 10:36:00,2010-11-04 18:56:00,2,25,23,380,773.6800000000001,United Kingdom
14688,0,True,2010-01-01,2010-12-31,2011-01-01,2011-06-30,2010-09-09 12:35:00,2010-12-01 09:37:00,8,184,94,1911,2056.3,United Kingdom
14690,1,False,2010-01-01,2010-12-31,2011-01-01,2011-06-30,2010-10-25 12:20:00,2010-11-12 14:51:00,2,55,43,174,422.63,United Kingdom
14692,0,True,2010-01-01,2010-12-31,2011-01-01,2011-06-30,2010-04-01 14:04:00,2010-11-24 12:40:00,8,91,60,625,1123.59,United Kingdom
14693,0,True,2010-01-01,2010-12-31,2011-01-01,2011-06-30,2010-07-02 08:28:00,2010-10-10 13:26:00,6,67,39,354,992.46,United Kingdom
14694,1,False,2010-01-01,2010-12-31,2011-01-01,2011-06-30,2010-04-01 19:46:00,2010-04-01 19:46:00,1,15,15,193,244.31,United Kingdom
14695,1,False,2010-01-01,2010-12-31,2011-01-01,2011-06-30,2010-07-08 14:18:00,2010-07-08 14:18:00,1,32,32,310,622.5400000000001,United Kingdom
14696,0,True,2010-01-01,2010-12-31,2011-01-01,2011-06-30,2010-10-14 11:43:00,2010-12-01 15:37:00,2,42,41,521,688.95,United Kingdom
14699,0,True,2010-01-01,2010-12-31,2011-01-01,2011-06-30,2010-07-02 12:04:00,2010-09-30 15:14:00,3,42,40,407,593.47,United Kingdom
14700,0,True,2010-01-01,2010-12-31,2011-01-01,2011-06-30,2010-08-11 12:19:00,2010-10-20 12:26:00,2,55,45,292,880.96,United Kingdom
14701,0,True,2010-01-01,2010-12-31,2011-01-01,2011-06-30,2010-01-24 12:15:00,2010-09-23 11:46:00,6,268,230,823,1961.02,United Kingdom
14702,0,True,2010-01-01,2010-12-31,2011-01-01,2011-06-30,2010-01-28 19:28:00,2010-12-09 19:23:00,11,262,161,1130,2421.59,United Kingdom
14704,0,True,2010-01-01,2010-12-31,2011-01-01,2011-06-30,2010-03-25 17:21:00,2010-10-11 11:53:00,2,62,53,121,258.96,United Kingdom
14706,1,False,2010-01-01,2010-12-31,2011-01-01,2011-06-30,2010-03-31 11:09:00,2010-03-31 11:09:00,1,25,25,246,367.54,United Kingdom
14707,1,False,2010-01-01,2010-12-31,2011-01-01,2011-06-30,2010-05-12 11:07:00,2010-09-30 11:37:00,2,2,1,96,139.2,United Kingdom
14708,1,False,2010-01-01,2010-12-31,2011-01-01,2011-06-30,2010-09-10 10:26:00,2010-12-06 12:23:00,3,25,14,888,1085.91,United Kingdom
14709,0,True,2010-01-01,2010-12-31,2011-01-01,2011-06-30,2010-01-04 12:51:00,2010-12-16 13:43:00,12,168,65,1661,4023.19,United Kingdom
14710,1,False,2010-01-01,2010-12-31,2011-01-01,2011-06-30,2010-04-01 18:23:00,2010-11-25 13:29:00,7,277,188,724,1226.81,United Kingdom
14712,1,False,2010-01-01,2010-12-31,2011-01-01,2011-06-30,2010-10-17 14:49:00,2010-10-17 14:49:00,1,7,7,96,411.0,United Kingdom
14713,0,True,2010-01-01,2010-12-31,2011-01-01,2011-06-30,2010-01-21 19:11:00,2010-12-16 19:22:00,11,361,148,1814,2718.72,United Kingdom
14714,1,False,2010-01-01,2010-12-31,2011-01-01,2011-06-30,2010-01-21 11:51:00,2010-10-28 17:46:00,3,83,59,413,746.05,United Kingdom
14715,0,True,2010-01-01,2010-12-31,2011-01-01,2011-06-30,2010-01-19 12:18:00,2010-09-23 13:04:00,4,66,57,509,958.0699999999999,United Kingdom
14716,1,False,2010-01-01,2010-12-31,2011-01-01,2011-06-30,2010-09-21 12:07:00,2010-09-21 12:07:00,1,45,44,148,235.77,United Kingdom
14718,1,False,2010-01-01,2010-12-31,2011-01-01,2011-06-30,2010-10-25 13:07:00,2010-10-25 13:07:00,1,11,11,202,226.42,United Kingdom
14721,1,False,2010-01-01,2010-12-31,2011-01-01,2011-06-30,2010-11-25 13:08:00,2010-11-25 13:08:00,1,25,24,57,109.07,United Kingdom
14722,1,False,2010-01-01,2010-12-31,2011-01-01,2011-06-30,2010-08-10 13:28:00,2010-08-19 14:34:00,2,59,53,96,309.1,United Kingdom
14723,1,False,2010-01-01,2010-12-31,2011-01-01,2011-06-30,2010-04-13 14:55:00,2010-12-16 19:19:00,7,224,166,579,994.72,United Kingdom
14724,1,False,2010-01-01,2010-12-31,2011-01-01,2011-06-30,2010-04-28 13:26:00,2010-04-28 13:26:00,1,41,40,184,341.9,United Kingdom
14725,1,False,2010-01-01,2010-12-31,2011-01-01,2011-06-30,2010-06-23 11:34:00,2010-11-10 11:47:00,3,53,41,747,597.16,United Kingdom
14726,1,False,2010-01-01,2010-12-31,2011-01-01,2011-06-30,2010-02-23 12:35:00,2010-02-23 12:35:00,1,15,15,82,116.5,United Kingdom
14727,0,True,2010-01-01,2010-12-31,2011-01-01,2011-06-30,2010-06-11 13:23:00,2010-06-11 13:30:00,2,36,33,396,195.15,United Kingdom
14728,1,False,2010-01-01,2010-12-31,2011-01-01,2011-06-30,2010-10-22 15:57:00,2010-10-22 15:57:00,1,14,14,68,190.58,United Kingdom
14729,1,False,2010-01-01,2010-12-31,2011-01-01,2011-06-30,2010-03-24 13:30:00,2010-12-01 12:43:00,3,132,126,372,586.24,United Kingdom
14732,0,True,2010-01-01,2010-12-31,2011-01-01,2011-06-30,2010-01-07 13:19:00,2010-11-12 16:42:00,9,107,71,703,2258.4300000000003,United Kingdom
14733,0,True,2010-01-01,2010-12-31,2011-01-01,2011-06-30,2010-11-02 15:42:00,2010-12-20 13:21:00,6,195,109,3919,9106.46,United Kingdom
14734,1,False,2010-01-01,2010-12-31,2011-01-01,2011-06-30,2010-06-06 15:15:00,2010-10-10 12:04:00,4,63,48,378,1056.42,United Kingdom
14735,0,True,2010-01-01,2010-12-31,2011-01-01,2011-06-30,2010-01-08 11:55:00,2010-12-16 16:05:00,23,164,115,2130,6047.02,United Kingdom
14736,1,False,2010-01-01,2010-12-31,2011-01-01,2011-06-30,2010-08-11 15:13:00,2010-08-11 15:21:00,2,88,70,148,374.05,United Kingdom
14737,1,False,2010-01-01,2010-12-31,2011-01-01,2011-06-30,2010-11-04 11:29:00,2010-12-21 13:49:00,2,36,28,876,2823.62,United Kingdom
14738,0,True,2010-01-01,2010-12-31,2011-01-01,2011-06-30,2010-05-27 20:31:00,2010-05-27 20:31:00,1,14,13,68,196.25,United Kingdom
14739,0,True,2010-01-01,2010-12-31,2011-01-01,2011-06-30,2010-02-01 08:13:00,2010-12-07 14:58:00,17,173,100,5347,7131.91,United Kingdom
14740,0,True,2010-01-01,2010-12-31,2011-01-01,2011-06-30,2010-02-25 11:40:00,2010-10-26 09:47:00,8,142,116,1346,2712.85,United Kingdom
14741,0,True,2010-01-01,2010-12-31,2011-01-01,2011-06-30,2010-10-18 09:33:00,2010-12-13 11:44:00,3,36,26,575,808.05,United Kingdom
14742,1,False,2010-01-01,2010-12-31,2011-01-01,2011-06-30,2010-09-30 14:07:00,2010-09-30 14:07:00,1,34,34,374,579.85,United Kingdom
14743,1,False,2010-01-01,2010-12-31,2011-01-01,2011-06-30,2010-04-26 10:26:00,2010-04-26 10:26:00,1,3,3,40,50.48,United Kingdom
14744,0,True,2010-01-01,2010-12-31,2011-01-01,2011-06-30,2010-05-18 14:06:00,2010-12-08 10:21:00,8,95,45,1920,2785.1,United Kingdom
14745,0,True,2010-01-01,2010-12-31,2011-01-01,2011-06-30,2010-03-12 10:33:00,2010-07-26 13:07:00,7,71,39,931,1331.15,United Kingdom
14746,1,False,2010-01-01,2010-12-31,2011-01-01,2011-06-30,2010-10-12 11:06:00,2010-10-29 14:44:00,4,9,7,398,593.5,United Kingdom
14748,0,True,2010-01-01,2010-12-31,2011-01-01,2011-06-30,2010-03-04 17:08:00,2010-12-06 10:24:00,7,102,77,1529,1736.57,United Kingdom
14749,1,False,2010-01-01,2010-12-31,2011-01-01,2011-06-30,2010-08-17 12:36:00,2010-08-17 12:36:00,1,18,18,403,310.15,United Kingdom
14751,1,False,2010-01-01,2010-12-31,2011-01-01,2011-06-30,2010-01-24 13:37:00,2010-01-24 13:37:00,1,4,4,47,61.349999999999994,United Kingdom
14753,1,False,2010-01-01,2010-12-31,2011-01-01,2011-06-30,2010-09-05 11:04:00,2010-09-05 11:04:00,1,18,18,201,306.36,United Kingdom
14754,0,True,2010-01-01,2010-12-31,2011-01-01,2011-06-30,2010-01-18 11:04:00,2010-10-10 10:22:00,4,95,82,524,909.88,United Kingdom
14755,0,True,2010-01-01,2010-12-31,2011-01-01,2011-06-30,2010-01-15 09:10:00,2010-11-23 14:42:00,12,218,136,1965,4517.12,United Kingdom
14756,1,False,2010-01-01,2010-12-31,2011-01-01,2011-06-30,2010-10-11 11:50:00,2010-11-22 09:22:00,2,81,68,1007,1914.8,United Kingdom
14758,0,True,2010-01-01,2010-12-31,2011-01-01,2011-06-30,2010-04-08 08:27:00,2010-11-08 09:42:00,3,65,52,421,1380.9099999999999,United Kingdom
14761,0,True,2010-01-01,2010-12-31,2011-01-01,2011-06-30,2010-09-21 14:22:00,2010-09-21 14:22:00,1,13,13,88,192.02,United Kingdom
14762,0,True,2010-01-01,2010-12-31,2011-01-01,2011-06-30,2010-03-23 15:36:00,2010-03-23 15:36:00,1,9,9,87,117.05000000000001,United Kingdom
14766,0,True,2010-01-01,2010-12-31,2011-01-01,2011-06-30,2010-06-06 11:11:00,2010-12-08 15:33:00,6,205,164,2714,4082.76,United Kingdom
14767,1,False,2010-01-01,2010-12-31,2011-01-01,2011-06-30,2010-08-22 14:54:00,2010-08-22 14:54:00,1,18,18,117,382.81,United Kingdom
14769,0,True,2010-01-01,2010-12-31,2011-01-01,2011-06-30,2010-01-08 09:08:00,2010-12-17 11:40:00,9,296,214,3031,4474.4800000000005,United Kingdom
14770,0,True,2010-01-01,2010-12-31,2011-01-01,2011-06-30,2010-02-25 18:58:00,2010-08-29 10:45:00,6,145,119,1108,2761.2200000000003,United Kingdom
14771,1,False,2010-01-01,2010-12-31,2011-01-01,2011-06-30,2010-03-28 12:52:00,2010-03-28 12:52:00,1,28,28,369,307.25,United Kingdom
14773,1,False,2010-01-01,2010-12-31,2011-01-01,2011-06-30,2010-04-26 10:29:00,2010-04-26 10:29:00,1,10,10,53,140.55,United Kingdom
14774,1,False,2010-01-01,2010-12-31,2011-01-01,2011-06-30,2010-06-29 12:26:00,2010-06-29 12:26:00,1,13,13,99,241.45,United Kingdom
14775,1,False,2010-01-01,2010-12-31,2011-01-01,2011-06-30,2010-12-02 16:38:00,2010-12-02 16:38:00,1,20,20,384,406.56,United Kingdom
14776,0,True,2010-01-01,2010-12-31,2011-01-01,2011-06-30,2010-09-19 14:12:00,2010-11-17 09:53:00,4,73,45,1524,1170.0,United Kingdom
14777,1,False,2010-01-01,2010-12-31,2011-01-01,2011-06-30,2010-11-01 12:50:00,2010-11-01 12:50:00,1,16,16,212,307.56,United Kingdom
14783,1,False,2010-01-01,2010-12-31,2011-01-01,2011-06-30,2010-02-18 16:16:00,2010-02-18 16:16:00,1,17,17,262,307.3,United Kingdom
14784,0,True,2010-01-01,2010-12-31,2011-01-01,2011-06-30,2010-11-15 09:49:00,2010-11-15 09:49:00,1,12,12,126,159.94,United Kingdom
14786,1,False,2010-01-01,2010-12-31,2011-01-01,2011-06-30,2010-06-07 13:42:00,2010-06-07 13:42:00,1,7,7,112,90.96,United Kingdom
14787,1,False,2010-01-01,2010-12-31,2011-01-01,2011-06-30,2010-08-25 14:38:00,2010-08-25 14:38:00,1,15,14,59,110.65,United Kingdom
14788,1,False,2010-01-01,2010-12-31,2011-01-01,2011-06-30,2010-04-22 18:16:00,2010-04-22 18:16:00,1,28,28,298,476.88,United Kingdom
14790,0,True,2010-01-01,2010-12-31,2011-01-01,2011-06-30,2010-04-01 16:13:00,2010-11-30 17:45:00,4,69,41,1411,1213.6,United Kingdom
14791,1,False,2010-01-01,2010-12-31,2011-01-01,2011-06-30,2010-04-12 10:24:00,2010-04-12 10:24:00,1,19,19,127,303.63,United Kingdom
14793,1,False,2010-01-01,2010-12-31,2011-01-01,2011-06-30,2010-06-22 16:54:00,2010-06-22 16:54:00,1,25,25,270,396.91,United Kingdom
14794,0,True,2010-01-01,2010-12-31,2011-01-01,2011-06-30,2010-08-09 15:44:00,2010-11-02 09:06:00,3,24,23,110,633.99,United Kingdom
14796,0,True,2010-01-01,2010-12-31,2011-01-01,2011-06-30,2010-01-29 11:59:00,2010-12-13 10:31:00,11,422,198,1776,2956.64,United Kingdom
14797,1,False,2010-01-01,2010-12-31,2011-01-01,2011-06-30,2010-07-20 14:07:00,2010-07-20 14:07:00,1,16,16,99,300.31,United Kingdom
14798,0,True,2010-01-01,2010-12-31,2011-01-01,2011-06-30,2010-03-01 08:38:00,2010-11-23 15:59:00,5,37,22,451,550.5699999999999,United Kingdom
14800,0,True,2010-01-01,2010-12-31,2011-01-01,2011-06-30,2010-09-30 14:38:00,2010-12-12 10:48:00,7,311,195,3929,4079.39,United Kingdom
14802,1,False,2010-01-01,2010-12-31,2011-01-01,2011-06-30,2010-09-27 16:32:00,2010-09-27 16:34:00,2,2,1,2,1502.98,United Kingdom
14805,0,True,2010-01-01,2010-12-31,2011-01-01,2011-06-30,2010-03-28 12:34:00,2010-10-31 14:50:00,3,81,72,302,536.15,United Kingdom
14806,1,False,2010-01-01,2010-12-31,2011-01-01,2011-06-30,2010-09-26 15:50:00,2010-09-26 15:50:00,1,9,9,93,110.03999999999999,United Kingdom
14807,1,False,2010-01-01,2010-12-31,2011-01-01,2011-06-30,2010-02-28 11:33:00,2010-11-14 12:47:00,2,38,37,234,504.14,United Kingdom
14809,1,False,2010-01-01,2010-12-31,2011-01-01,2011-06-30,2010-03-28 15:42:00,2010-03-28 15:44:00,2,18,18,232,686.76,United Kingdom
14810,0,True,2010-01-01,2010-12-31,2011-01-01,2011-06-30,2010-10-06 13:12:00,2010-12-05 12:08:00,3,69,51,230,446.59,United Kingdom
14811,1,False,2010-01-01,2010-12-31,2011-01-01,2011-06-30,2010-11-17 13:09:00,2010-11-17 13:09:00,1,28,28,74,170.5,United Kingdom
14812,1,False,2010-01-01,2010-12-31,2011-01-01,2011-06-30,2010-04-20 12:13:00,2010-04-20 12:13:00,1,36,36,135,178.85,United Kingdom
14813,1,False,2010-01-01,2010-12-31,2011-01-01,2011-06-30,2010-04-08 11:49:00,2010-12-05 11:57:00,4,138,110,392,888.91,United Kingdom
14814,1,False,2010-01-01,2010-12-31,2011-01-01,2011-06-30,2010-05-07 14:10:00,2010-05-07 14:10:00,1,30,28,93,154.21,United Kingdom
14817,0,True,2010-01-01,2010-12-31,2011-01-01,2011-06-30,2010-03-22 12:10:00,2010-11-09 12:15:00,5,167,107,1807,2849.52,United Kingdom
14818,0,True,2010-01-01,2010-12-31,2011-01-01,2011-06-30,2010-03-02 12:48:00,2010-09-07 14:16:00,3,56,52,219,495.76,United Kingdom
14819,0,True,2010-01-01,2010-12-31,2011-01-01,2011-06-30,2010-08-02 17:19:00,2010-08-02 17:19:00,1,30,29,38,154.55,United Kingdom
14820,0,True,2010-01-01,2010-12-31,2011-01-01,2011-06-30,2010-01-31 12:49:00,2010-11-24 17:15:00,5,35,31,471,767.47,United Kingdom
14821,1,False,2010-01-01,2010-12-31,2011-01-01,2011-06-30,2010-02-01 13:33:00,2010-12-08 08:43:00,7,69,65,459,1230.15,United Kingdom
14822,1,False,2010-01-01,2010-12-31,2011-01-01,2011-06-30,2010-08-11 12:52:00,2010-08-11 12:52:00,1,9,9,94,157.70000000000002,United Kingdom
14824,1,False,2010-01-01,2010-12-31,2011-01-01,2011-06-30,2010-03-12 13:07:00,2010-11-25 12:40:00,6,129,76,1429,2895.2000000000003,United Kingdom
14825,0,True,2010-01-01,2010-12-31,2011-01-01,2011-06-30,2010-04-06 14:14:00,2010-12-16 10:43:00,14,197,134,1926,2910.5,United Kingdom
14826,1,False,2010-01-01,2010-12-31,2011-01-01,2011-06-30,2010-01-13 13:08:00,2010-05-07 09:00:00,2,10,10,152,385.2,United Kingdom
14828,0,True,2010-01-01,2010-12-31,2011-01-01,2011-06-30,2010-01-07 09:34:00,2010-11-16 17:23:00,9,76,61,6934,7017.3,United Kingdom
14829,0,True,2010-01-01,2010-12-31,2011-01-01,2011-06-30,2010-09-29 13:14:00,2010-12-14 09:50:00,5,75,66,795,1143.65,United Kingdom
14831,1,False,2010-01-01,2010-12-31,2011-01-01,2011-06-30,2010-01-28 14:31:00,2010-01-28 14:31:00,1,46,46,430,842.82,United Kingdom
14832,1,False,2010-01-01,2010-12-31,2011-01-01,2011-06-30,2010-03-19 15:14:00,2010-03-19 15:14:00,1,1,1,1,322.69,United Kingdom
14833,1,False,2010-01-01,2010-12-31,2011-01-01,2011-06-30,2010-07-29 10:06:00,2010-07-29 10:06:00,1,7,7,58,94.8,United Kingdom
14834,0,True,2010-01-01,2010-12-31,2011-01-01,2011-06-30,2010-10-28 17:37:00,2010-10-28 17:37:00,1,20,20,138,485.86,United Kingdom
14835,1,False,2010-01-01,2010-12-31,2011-01-01,2011-06-30,2010-04-01 19:34:00,2010-06-29 10:08:00,2,2,1,180,297.0,United Kingdom
14837,0,True,2010-01-01,2010-12-31,2011-01-01,2011-06-30,2010-01-24 10:20:00,2010-09-23 09:11:00,5,101,91,1594,1810.82,United Kingdom
14838,1,False,2010-01-01,2010-12-31,2011-01-01,2011-06-30,2010-10-12 15:46:00,2010-10-12 15:46:00,1,66,66,343,650.82,United Kingdom
14839,1,False,2010-01-01,2010-12-31,2011-01-01,2011-06-30,2010-01-04 16:29:00,2010-10-17 13:01:00,3,74,61,927,915.28,United Kingdom
14840,0,True,2010-01-01,2010-12-31,2011-01-01,2011-06-30,2010-06-18 15:42:00,2010-06-18 15:42:00,1,18,18,148,299.86,United Kingdom
14841,0,True,2010-01-01,2010-12-31,2011-01-01,2011-06-30,2010-03-04 18:46:00,2010-12-16 10:28:00,6,132,103,1392,3046.6,United Kingdom
14843,1,False,2010-01-01,2010-12-31,2011-01-01,2011-06-30,2010-09-29 12:39:00,2010-09-29 12:39:00,1,9,9,132,211.79999999999998,United Kingdom
14844,0,True,2010-01-01,2010-12-31,2011-01-01,2011-06-30,2010-04-12 12:50:00,2010-10-05 11:54:00,6,147,98,2536,3512.62,United Kingdom
14845,1,False,2010-01-01,2010-12-31,2011-01-01,2011-06-30,2010-04-19 10:19:00,2010-04-19 10:19:00,1,1,1,600,150.0,United Kingdom
14846,1,False,2010-01-01,2010-12-31,2011-01-01,2011-06-30,2010-10-08 17:07:00,2010-10-08 17:07:00,1,12,12,193,437.4,United Kingdom
14847,1,False,2010-01-01,2010-12-31,2011-01-01,2011-06-30,2010-05-24 12:29:00,2010-10-28 09:45:00,2,49,47,413,1039.55,United Kingdom
14848,1,False,2010-01-01,2010-12-31,2011-01-01,2011-06-30,2010-10-31 12:22:00,2010-10-31 12:22:00,1,11,11,260,310.56,United Kingdom
14849,0,True,2010-01-01,2010-12-31,2011-01-01,2011-06-30,2010-01-10 11:40:00,2010-12-16 11:35:00,23,378,185,6450,8043.96,United Kingdom
14850,0,True,2010-01-01,2010-12-31,2011-01-01,2011-06-30,2010-05-20 13:28:00,2010-10-18 15:52:00,6,174,120,1100,1445.21,United Kingdom
14851,0,True,2010-01-01,2010-12-31,2011-01-01,2011-06-30,2010-03-19 11:52:00,2010-03-19 11:52:00,1,14,14,306,318.06,United Kingdom
14852,0,True,2010-01-01,2010-12-31,2011-01-01,2011-06-30,2010-03-05 14:51:00,2010-10-11 14:46:00,12,166,73,2619,3295.7400000000002,United Kingdom
14853,0,True,2010-01-01,2010-12-31,2011-01-01,2011-06-30,2010-04-13 09:26:00,2010-10-12 17:17:00,3,22,19,263,901.0699999999999,United Kingdom
14854,0,True,2010-01-01,2010-12-31,2011-01-01,2011-06-30,2010-01-22 09:48:00,2010-11-14 14:37:00,4,88,75,1167,1563.03,United Kingdom
14855,1,False,2010-01-01,2010-12-31,2011-01-01,2011-06-30,2010-04-08 10:30:00,2010-08-22 13:37:00,5,187,156,3243,5874.65,United Kingdom
14857,1,False,2010-01-01,2010-12-31,2011-01-01,2011-06-30,2010-03-15 11:00:00,2010-09-23 14:09:00,5,153,125,1617,2478.731,United Kingdom
14858,1,False,2010-01-01,2010-12-31,2011-01-01,2011-06-30,2010-07-22 10:51:00,2010-07-22 10:51:00,1,11,11,105,180.75,United Kingdom
14859,0,True,2010-01-01,2010-12-31,2011-01-01,2011-06-30,2010-06-03 10:26:00,2010-06-03 10:26:00,1,8,8,217,351.9,United Kingdom
14861,1,False,2010-01-01,2010-12-31,2011-01-01,2011-06-30,2010-01-12 13:39:00,2010-11-24 11:18:00,8,68,52,865,1039.94,United Kingdom
14865,1,False,2010-01-01,2010-12-31,2011-01-01,2011-06-30,2010-11-30 13:24:00,2010-12-02 18:23:00,2,4,3,144,46.32,United Kingdom
14866,1,False,2010-01-01,2010-12-31,2011-01-01,2011-06-30,2010-08-26 11:54:00,2010-12-08 14:58:00,8,38,13,2481,6460.32,United Kingdom
14867,0,True,2010-01-01,2010-12-31,2011-01-01,2011-06-30,2010-01-12 09:48:00,2010-11-09 10:31:00,12,92,51,612,2038.46,United Kingdom
14868,0,True,2010-01-01,2010-12-31,2011-01-01,2011-06-30,2010-10-15 14:52:00,2010-11-24 13:53:00,4,67,56,825,1230.42,United Kingdom
14869,1,False,2010-01-01,2010-12-31,2011-01-01,2011-06-30,2010-02-14 15:38:00,2010-11-16 14:09:00,3,153,129,1285,1685.21,United Kingdom
14870,0,True,2010-01-01,2010-12-31,2011-01-01,2011-06-30,2010-01-25 09:05:00,2010-10-22 14:58:00,5,52,34,364,1511.7,United Kingdom
14871,0,True,2010-01-01,2010-12-31,2011-01-01,2011-06-30,2010-03-30 13:38:00,2010-12-14 12:18:00,4,93,69,201,528.19,United Kingdom
14872,1,False,2010-01-01,2010-12-31,2011-01-01,2011-06-30,2010-03-16 14:41:00,2010-08-13 12:34:00,3,43,34,662,816.6,United Kingdom
14873,0,True,2010-01-01,2010-12-31,2011-01-01,2011-06-30,2010-03-16 10:51:00,2010-03-16 10:51:00,1,21,21,143,334.45,United Kingdom
14874,1,False,2010-01-01,2010-12-31,2011-01-01,2011-06-30,2010-06-22 14:58:00,2010-06-22 14:58:00,1,6,6,148,116.18,United Kingdom
14875,0,True,2010-01-01,2010-12-31,2011-01-01,2011-06-30,2010-09-24 10:28:00,2010-09-24 10:29:00,1,42,42,774,1397.08,United Kingdom
14876,1,False,2010-01-01,2010-12-31,2011-01-01,2011-06-30,2010-05-27 13:49:00,2010-07-06 14:57:00,2,13,12,162,256.7,United Kingdom
14877,1,False,2010-01-01,2010-12-31,2011-01-01,2011-06-30,2010-03-07 12:25:00,2010-10-17 13:09:00,2,63,57,168,425.85,United Kingdom
14878,0,True,2010-01-01,2010-12-31,2011-01-01,2011-06-30,2010-02-21 11:14:00,2010-12-16 12:11:00,17,260,122,1752,2922.42,United Kingdom
14879,1,False,2010-01-01,2010-12-31,2011-01-01,2011-06-30,2010-01-24 11:35:00,2010-01-24 11:35:00,1,27,27,104,185.06,United Kingdom
14882,1,False,2010-01-01,2010-12-31,2011-01-01,2011-06-30,2010-03-30 15:02:00,2010-11-14 13:04:00,12,54,31,1456,2956.9500000000003,United Kingdom
14884,1,False,2010-01-01,2010-12-31,2011-01-01,2011-06-30,2010-02-08 12:56:00,2010-02-08 12:56:00,1,8,8,72,120.6,United Kingdom
14885,1,False,2010-01-01,2010-12-31,2011-01-01,2011-06-30,2010-08-31 10:11:00,2010-10-08 12:08:00,2,16,16,584,832.8,United Kingdom
14890,0,True,2010-01-01,2010-12-31,2011-01-01,2011-06-30,2010-02-18 09:00:00,2010-03-31 09:40:00,2,50,49,585,691.6,United Kingdom
14891,0,True,2010-01-01,2010-12-31,2011-01-01,2011-06-30,2010-09-29 12:41:00,2010-10-19 12:10:00,2,30,29,283,552.35,United Kingdom
14892,1,False,2010-01-01,2010-12-31,2011-01-01,2011-06-30,2010-01-18 08:58:00,2010-01-18 08:58:00,1,13,13,79,202.35000000000002,United Kingdom
14893,1,False,2010-01-01,2010-12-31,2011-01-01,2011-06-30,2010-04-01 09:03:00,2010-04-01 09:03:00,1,33,33,248,571.76,United Kingdom
14894,1,False,2010-01-01,2010-12-31,2011-01-01,2011-06-30,2010-09-22 15:23:00,2010-09-22 15:23:00,1,20,20,284,537.36,United Kingdom
14895,0,True,2010-01-01,2010-12-31,2011-01-01,2011-06-30,2010-02-21 15:19:00,2010-11-21 13:51:00,16,363,247,5119,12163.28,United Kingdom
14896,0,True,2010-01-01,2010-12-31,2011-01-01,2011-06-30,2010-01-31 10:31:00,2010-12-09 12:24:00,6,201,124,708,1316.2,United Kingdom
14897,0,True,2010-01-01,2010-12-31,2011-01-01,2011-06-30,2010-04-26 09:13:00,2010-10-26 11:17:00,3,53,46,490,1473.0,United Kingdom
14898,0,True,2010-01-01,2010-12-31,2011-01-01,2011-06-30,2010-02-25 16:58:00,2010-12-03 15:25:00,7,126,88,773,1532.43,United Kingdom
14899,1,False,2010-01-01,2010-12-31,2011-01-01,2011-06-30,2010-11-09 15:20:00,2010-11-09 15:20:00,1,129,126,570,1331.38,United Kingdom
14900,1,False,2010-01-01,2010-12-31,2011-01-01,2011-06-30,2010-07-05 15:09:00,2010-07-05 15:09:00,1,1,1,48,13.919999999999998,United Kingdom
14901,1,False,2010-01-01,2010-12-31,2011-01-01,2011-06-30,2010-07-29 11:11:00,2010-12-14 11:29:00,6,76,61,425,994.76,United Kingdom
14902,1,False,2010-01-01,2010-12-31,2011-01-01,2011-06-30,2010-06-04 12:35:00,2010-11-09 10:29:00,2,39,34,498,702.96,United Kingdom
14904,1,False,2010-01-01,2010-12-31,2011-01-01,2011-06-30,2010-10-08 12:48:00,2010-10-27 15:40:00,2,72,62,537,605.05,United Kingdom
14905,0,True,2010-01-01,2010-12-31,2011-01-01,2011-06-30,2010-03-03 14:43:00,2010-11-30 11:07:00,5,48,34,550,1097.14,United Kingdom
14906,1,False,2010-01-01,2010-12-31,2011-01-01,2011-06-30,2010-09-20 16:30:00,2010-09-20 16:30:00,1,1,1,1,68.44,United Kingdom
14907,1,False,2010-01-01,2010-12-31,2011-01-01,2011-06-30,2010-04-16 13:40:00,2010-12-14 11:04:00,12,150,82,1256,3007.31,United Kingdom
14908,1,False,2010-01-01,2010-12-31,2011-01-01,2011-06-30,2010-09-02 16:39:00,2010-09-02 16:39:00,1,5,5,50,104.10000000000001,United Kingdom
14909,1,False,2010-01-01,2010-12-31,2011-01-01,2011-06-30,2010-02-14 15:47:00,2010-09-28 16:56:00,3,80,61,888,1404.68,United Kingdom
14911,0,True,2010-01-01,2010-12-31,2011-01-01,2011-06-30,2010-01-07 19:34:00,2010-12-23 14:58:00,201,5446,1712,68714,148328.34,EIRE
14912,0,True,2010-01-01,2010-12-31,2011-01-01,2011-06-30,2010-01-26 16:29:00,2010-11-03 09:51:00,4,36,28,848,1021.4,Italy
14913,0,True,2010-01-01,2010-12-31,2011-01-01,2011-06-30,2010-08-11 08:40:00,2010-12-15 14:35:00,5,177,134,2635,3146.57,United Kingdom
14915,0,True,2010-01-01,2010-12-31,2011-01-01,2011-06-30,2010-03-03 12:45:00,2010-11-29 08:23:00,8,67,49,491,1301.71,United Kingdom
14916,0,True,2010-01-01,2010-12-31,2011-01-01,2011-06-30,2010-04-01 10:57:00,2010-10-04 14:33:00,4,57,52,1279,1773.97,United Kingdom
14917,1,False,2010-01-01,2010-12-31,2011-01-01,2011-06-30,2010-04-22 09:44:00,2010-04-22 11:28:00,2,29,29,891,1123.75,United Kingdom
14918,1,False,2010-01-01,2010-12-31,2011-01-01,2011-06-30,2010-04-08 11:18:00,2010-10-31 12:41:00,7,96,64,1876,4345.66,United Kingdom
14919,1,False,2010-01-01,2010-12-31,2011-01-01,2011-06-30,2010-06-18 13:06:00,2010-06-18 13:06:00,1,13,13,129,359.35,United Kingdom
14920,0,True,2010-01-01,2010-12-31,2011-01-01,2011-06-30,2010-05-23 15:25:00,2010-05-23 15:25:00,1,40,40,377,629.4,United Kingdom
14922,1,False,2010-01-01,2010-12-31,2011-01-01,2011-06-30,2010-07-20 09:45:00,2010-11-11 11:14:00,2,50,49,376,843.74,United Kingdom
14924,0,True,2010-01-01,2010-12-31,2011-01-01,2011-06-30,2010-03-10 12:51:00,2010-04-08 15:40:00,2,21,20,248,620.96,United Kingdom
14926,1,False,2010-01-01,2010-12-31,2011-01-01,2011-06-30,2010-04-20 09:59:00,2010-11-23 07:13:00,2,3,2,204,359.4,United Kingdom
14927,1,False,2010-01-01,2010-12-31,2011-01-01,2011-06-30,2010-11-08 12:30:00,2010-11-08 12:30:00,1,20,20,196,308.2,United Kingdom
14928,1,False,2010-01-01,2010-12-31,2011-01-01,2011-06-30,2010-03-22 09:14:00,2010-03-22 09:14:00,1,21,21,268,223.91000000000003,United Kingdom
14929,1,False,2010-01-01,2010-12-31,2011-01-01,2011-06-30,2010-10-14 12:22:00,2010-10-14 12:22:00,1,23,23,351,612.8100000000001,United Kingdom
14930,0,True,2010-01-01,2010-12-31,2011-01-01,2011-06-30,2010-04-12 11:22:00,2010-08-26 11:43:00,3,151,129,1033,2873.77,Channel Islands
14932,1,False,2010-01-01,2010-12-31,2011-01-01,2011-06-30,2010-11-19 09:16:00,2010-12-09 11:48:00,2,32,29,257,666.13,Channel Islands
14933,1,False,2010-01-01,2010-12-31,2011-01-01,2011-06-30,2010-09-21 17:29:00,2010-09-22 10:47:00,4,4,1,600,1770.0,Channel Islands
14934,0,True,2010-01-01,2010-12-31,2011-01-01,2011-06-30,2010-09-24 12:08:00,2010-11-26 11:24:00,3,98,66,1058,1612.56,Channel Islands
14935,0,True,2010-01-01,2010-12-31,2011-01-01,2011-06-30,2010-03-30 11:48:00,2010-03-30 11:48:00,1,16,16,996,1065.12,Channel Islands
14936,0,True,2010-01-01,2010-12-31,2011-01-01,2011-06-30,2010-05-05 12:26:00,2010-11-14 11:32:00,4,163,129,2189,4273.79,Channel Islands
14938,1,False,2010-01-01,2010-12-31,2011-01-01,2011-06-30,2010-05-26 13:35:00,2010-05-26 13:38:00,2,71,71,1369,2322.43,Channel Islands
14940,1,False,2010-01-01,2010-12-31,2011-01-01,2011-06-30,2010-10-18 10:47:00,2010-10-18 10:47:00,1,22,22,279,349.48,United Kingdom
14941,1,False,2010-01-01,2010-12-31,2011-01-01,2011-06-30,2010-05-10 11:30:00,2010-05-10 11:30:00,1,7,7,80,182.1,United Kingdom
14942,1,False,2010-01-01,2010-12-31,2011-01-01,2011-06-30,2010-03-11 12:31:00,2010-11-03 10:51:00,3,16,10,317,637.21,United Kingdom
14943,1,False,2010-01-01,2010-12-31,2011-01-01,2011-06-30,2010-02-14 16:04:00,2010-02-14 16:04:00,1,5,5,46,107.62,United Kingdom
14944,0,True,2010-01-01,2010-12-31,2011-01-01,2011-06-30,2010-02-17 08:47:00,2010-11-15 10:46:00,7,133,110,2049,3884.42,United Kingdom
14945,1,False,2010-01-01,2010-12-31,2011-01-01,2011-06-30,2010-10-22 11:26:00,2010-10-22 11:26:00,1,11,11,156,179.4,United Kingdom
14947,1,False,2010-01-01,2010-12-31,2011-01-01,2011-06-30,2010-03-25 11:29:00,2010-11-16 18:30:00,4,40,37,237,758.97,United Kingdom
14949,1,False,2010-01-01,2010-12-31,2011-01-01,2011-06-30,2010-01-18 13:47:00,2010-08-27 15:38:00,3,22,15,208,428.54,United Kingdom
14952,0,True,2010-01-01,2010-12-31,2011-01-01,2011-06-30,2010-01-28 10:06:00,2010-12-10 12:48:00,20,164,140,3752,9625.92,United Kingdom
14953,1,False,2010-01-01,2010-12-31,2011-01-01,2011-06-30,2010-09-30 12:16:00,2010-10-17 12:52:00,3,191,153,790,685.65,United Kingdom
14954,1,False,2010-01-01,2010-12-31,2011-01-01,2011-06-30,2010-01-05 16:38:00,2010-01-05 16:38:00,1,41,41,92,167.27,United Kingdom
14956,1,False,2010-01-01,2010-12-31,2011-01-01,2011-06-30,2010-10-14 16:40:00,2010-10-14 16:40:00,1,4,4,2500,1325.0,United Kingdom
14957,0,True,2010-01-01,2010-12-31,2011-01-01,2011-06-30,2010-03-05 10:50:00,2010-03-05 10:50:00,1,16,15,63,203.2,United Kingdom
14958,0,True,2010-01-01,2010-12-31,2011-01-01,2011-06-30,2010-03-23 13:26:00,2010-04-23 14:31:00,2,18,18,66,271.9,United Kingdom
14961,0,True,2010-01-01,2010-12-31,2011-01-01,2011-06-30,2010-04-09 10:17:00,2010-12-14 11:39:00,13,292,182,3874,7939.7,United Kingdom
14962,0,True,2010-01-01,2010-12-31,2011-01-01,2011-06-30,2010-05-04 14:57:00,2010-06-18 15:57:00,3,9,9,79,240.21000000000004,United Kingdom
14963,0,True,2010-01-01,2010-12-31,2011-01-01,2011-06-30,2010-07-02 12:43:00,2010-11-25 11:19:00,7,284,193,1128,1651.23,United Kingdom
14966,1,False,2010-01-01,2010-12-31,2011-01-01,2011-06-30,2010-11-02 12:37:00,2010-11-17 13:14:00,3,71,58,346,556.77,United Kingdom
14967,1,False,2010-01-01,2010-12-31,2011-01-01,2011-06-30,2010-02-18 12:22:00,2010-09-24 11:11:00,4,18,15,444,1282.56,United Kingdom
14968,1,False,2010-01-01,2010-12-31,2011-01-01,2011-06-30,2010-09-07 13:28:00,2010-09-07 13:28:00,1,47,47,130,353.65,United Kingdom
14969,1,False,2010-01-01,2010-12-31,2011-01-01,2011-06-30,2010-01-05 12:43:00,2010-01-05 12:43:00,1,13,13,665,906.23,United Kingdom
14970,0,True,2010-01-01,2010-12-31,2011-01-01,2011-06-30,2010-02-14 13:37:00,2010-10-26 16:35:00,8,79,54,732,3327.29,United Kingdom
14972,1,False,2010-01-01,2010-12-31,2011-01-01,2011-06-30,2010-11-23 16:17:00,2010-11-23 16:17:00,1,2,2,12,30.300000000000004,United Kingdom
14975,1,False,2010-01-01,2010-12-31,2011-01-01,2011-06-30,2010-10-14 14:11:00,2010-10-14 14:11:00,1,15,15,127,192.45,United Kingdom
14978,0,True,2010-01-01,2010-12-31,2011-01-01,2011-06-30,2010-04-28 10:50:00,2010-10-05 13:52:00,5,76,56,213,1190.82,United Kingdom
14981,0,True,2010-01-01,2010-12-31,2011-01-01,2011-06-30,2010-10-12 11:04:00,2010-10-12 11:04:00,1,14,14,144,270.8,United Kingdom
14982,1,False,2010-01-01,2010-12-31,2011-01-01,2011-06-30,2010-05-16 15:52:00,2010-05-16 15:52:00,1,39,39,125,237.78,United Kingdom
14983,1,False,2010-01-01,2010-12-31,2011-01-01,2011-06-30,2010-01-19 17:32:00,2010-01-19 17:32:00,1,30,30,90,183.20000000000002,United Kingdom
14984,0,True,2010-01-01,2010-12-31,2011-01-01,2011-06-30,2010-01-11 13:22:00,2010-11-16 10:36:00,4,15,11,290,1058.1399999999999,United Kingdom
14985,0,True,2010-01-01,2010-12-31,2011-01-01,2011-06-30,2010-12-16 19:51:00,2010-12-16 19:51:00,1,46,45,85,119.77,United Kingdom
14986,1,False,2010-01-01,2010-12-31,2011-01-01,2011-06-30,2010-01-24 15:54:00,2010-11-28 15:25:00,2,98,87,338,563.1,United Kingdom
14987,1,False,2010-01-01,2010-12-31,2011-01-01,2011-06-30,2010-11-14 11:12:00,2010-12-09 12:13:00,3,6,3,325,820.75,United Kingdom
14988,0,True,2010-01-01,2010-12-31,2011-01-01,2011-06-30,2010-04-16 13:34:00,2010-11-24 12:53:00,6,195,140,1119,1704.11,United Kingdom
14989,1,False,2010-01-01,2010-12-31,2011-01-01,2011-06-30,2010-02-16 10:40:00,2010-02-16 10:40:00,1,18,18,200,342.4,United Kingdom
14990,1,False,2010-01-01,2010-12-31,2011-01-01,2011-06-30,2010-04-06 13:54:00,2010-04-06 13:54:00,1,28,28,65,103.93,United Kingdom
14991,1,False,2010-01-01,2010-12-31,2011-01-01,2011-06-30,2010-10-05 13:01:00,2010-10-05 13:01:00,1,21,21,191,314.67,United Kingdom
14992,1,False,2010-01-01,2010-12-31,2011-01-01,2011-06-30,2010-09-23 17:48:00,2010-09-23 17:48:00,1,27,27,145,210.5,United Kingdom
14993,1,False,2010-01-01,2010-12-31,2011-01-01,2011-06-30,2010-05-25 12:47:00,2010-05-25 12:47:00,1,10,9,21,36.13,United Kingdom
14994,1,False,2010-01-01,2010-12-31,2011-01-01,2011-06-30,2010-03-26 14:16:00,2010-11-22 12:59:00,5,302,233,568,946.72,United Kingdom
14996,1,False,2010-01-01,2010-12-31,2011-01-01,2011-06-30,2010-08-15 13:41:00,2010-08-15 13:44:00,2,41,37,404,442.28999999999996,United Kingdom
14997,0,True,2010-01-01,2010-12-31,2011-01-01,2011-06-30,2010-02-22 12:11:00,2010-02-22 12:11:00,1,12,12,288,230.4,United Kingdom
14998,0,True,2010-01-01,2010-12-31,2011-01-01,2011-06-30,2010-04-13 16:07:00,2010-10-07 18:48:00,2,51,49,94,338.31,United Kingdom
14999,1,False,2010-01-01,2010-12-31,2011-01-01,2011-06-30,2010-04-26 10:47:00,2010-04-26 10:47:00,1,9,9,88,129.48000000000002,United Kingdom
15001,1,False,2010-01-01,2010-12-31,2011-01-01,2011-06-30,2010-11-10 13:31:00,2010-11-10 13:51:00,2,46,44,70,199.10999999999999,United Kingdom
15002,0,True,2010-01-01,2010-12-31,2011-01-01,2011-06-30,2010-01-12 11:40:00,2010-12-07 13:16:00,6,253,172,1631,3127.9700000000003,United Kingdom
15003,1,False,2010-01-01,2010-12-31,2011-01-01,2011-06-30,2010-01-26 13:04:00,2010-08-23 15:44:00,6,329,253,525,1027.03,United Kingdom
15005,0,True,2010-01-01,2010-12-31,2011-01-01,2011-06-30,2010-01-18 15:03:00,2010-12-15 13:24:00,27,1226,390,4220,7036.96,United Kingdom
15006,1,False,2010-01-01,2010-12-31,2011-01-01,2011-06-30,2010-09-12 13:03:00,2010-09-12 13:03:00,1,50,47,101,277.4,United Kingdom
15008,1,False,2010-01-01,2010-12-31,2011-01-01,2011-06-30,2010-03-12 11:13:00,2010-08-16 13:09:00,2,12,6,1500,360.0,United Kingdom
15011,1,False,2010-01-01,2010-12-31,2011-01-01,2011-06-30,2010-10-19 12:05:00,2010-11-09 11:10:00,2,20,17,289,416.6,United Kingdom
15012,1,False,2010-01-01,2010-12-31,2011-01-01,2011-06-30,2010-05-12 11:49:00,2010-12-01 12:49:00,2,121,107,242,429.78,United Kingdom
15013,1,False,2010-01-01,2010-12-31,2011-01-01,2011-06-30,2010-01-31 12:15:00,2010-08-09 12:05:00,10,340,177,1715,1610.82,United Kingdom
15015,1,False,2010-01-01,2010-12-31,2011-01-01,2011-06-30,2010-01-13 14:32:00,2010-07-26 13:50:00,12,277,150,1484,2225.37,United Kingdom
15016,0,True,2010-01-01,2010-12-31,2011-01-01,2011-06-30,2010-06-14 13:06:00,2010-11-11 16:30:00,4,85,77,167,450.85,United Kingdom
15018,0,True,2010-01-01,2010-12-31,2011-01-01,2011-06-30,2010-12-07 10:47:00,2010-12-07 10:47:00,1,5,5,21,111.25,United Kingdom
15020,1,False,2010-01-01,2010-12-31,2011-01-01,2011-06-30,2010-11-25 13:29:00,2010-11-25 13:29:00,1,27,27,111,198.47,United Kingdom
15021,0,True,2010-01-01,2010-12-31,2011-01-01,2011-06-30,2010-07-29 16:35:00,2010-12-08 12:17:00,4,228,154,350,826.91,United Kingdom
15022,1,False,2010-01-01,2010-12-31,2011-01-01,2011-06-30,2010-01-31 16:02:00,2010-01-31 16:02:00,1,19,19,113,281.05,United Kingdom
15023,0,True,2010-01-01,2010-12-31,2011-01-01,2011-06-30,2010-02-03 15:45:00,2010-12-05 13:49:00,10,439,264,2157,5287.64,United Kingdom
15024,0,True,2010-01-01,2010-12-31,2011-01-01,2011-06-30,2010-10-11 16:14:00,2010-12-07 17:05:00,8,216,120,1281,2414.18,United Kingdom
15025,1,False,2010-01-01,2010-12-31,2011-01-01,2011-06-30,2010-05-20 13:28:00,2010-05-20 13:28:00,1,72,72,319,617.83,United Kingdom
15026,0,True,2010-01-01,2010-12-31,2011-01-01,2011-06-30,2010-09-17 13:52:00,2010-11-29 13:50:00,2,77,65,370,579.89,United Kingdom
15027,0,True,2010-01-01,2010-12-31,2011-01-01,2011-06-30,2010-03-25 14:39:00,2010-11-09 16:53:00,6,56,46,2217,2129.45,United Kingdom
15028,1,False,2010-01-01,2010-12-31,2011-01-01,2011-06-30,2010-11-10 14:32:00,2010-12-06 12:47:00,3,68,45,333,521.78,United Kingdom
15029,1,False,2010-01-01,2010-12-31,2011-01-01,2011-06-30,2010-03-30 12:16:00,2010-03-30 12:16:00,1,10,10,234,365.1,United Kingdom
15030,0,True,2010-01-01,2010-12-31,2011-01-01,2011-06-30,2010-03-04 17:10:00,2010-11-24 14:57:00,6,26,19,853,1461.63,United Kingdom
15031,0,True,2010-01-01,2010-12-31,2011-01-01,2011-06-30,2010-01-14 19:50:00,2010-11-10 16:14:00,9,250,175,1055,2200.58,United Kingdom
15032,0,True,2010-01-01,2010-12-31,2011-01-01,2011-06-30,2010-04-15 14:38:00,2010-12-08 13:30:00,6,67,38,4367,7316.15,United Kingdom
15034,0,True,2010-01-01,2010-12-31,2011-01-01,2011-06-30,2010-05-11 13:30:00,2010-12-21 09:47:00,7,400,239,2783,4777.44,United Kingdom
15037,1,False,2010-01-01,2010-12-31,2011-01-01,2011-06-30,2010-11-28 12:14:00,2010-11-28 13:05:00,2,45,40,298,397.76,United Kingdom
15038,0,True,2010-01-01,2010-12-31,2011-01-01,2011-06-30,2010-10-10 14:35:00,2010-12-05 10:54:00,4,142,119,212,579.67,United Kingdom
15039,0,True,2010-01-01,2010-12-31,2011-01-01,2011-06-30,2010-01-18 11:49:00,2010-12-14 11:48:00,45,1282,384,8969,20087.03,United Kingdom
15040,1,False,2010-01-01,2010-12-31,2011-01-01,2011-06-30,2010-06-16 11:40:00,2010-06-16 11:40:00,1,1,1,1,7.49,United Kingdom
15041,0,True,2010-01-01,2010-12-31,2011-01-01,2011-06-30,2010-09-21 13:16:00,2010-09-21 13:16:00,1,38,35,91,109.47,United Kingdom
15042,0,True,2010-01-01,2010-12-31,2011-01-01,2011-06-30,2010-04-23 14:01:00,2010-04-23 14:01:00,1,4,4,208,179.52,United Kingdom
15043,1,False,2010-01-01,2010-12-31,2011-01-01,2011-06-30,2010-06-24 15:50:00,2010-09-02 15:09:00,5,48,39,719,2333.3199999999997,United Kingdom
15044,0,True,2010-01-01,2010-12-31,2011-01-01,2011-06-30,2010-01-11 11:30:00,2010-12-22 12:44:00,20,472,213,2654,8770.470000000001,United Kingdom
15046,0,True,2010-01-01,2010-12-31,2011-01-01,2011-06-30,2010-01-14 14:29:00,2010-10-10 12:09:00,10,193,139,1213,2533.37,United Kingdom
15048,0,True,2010-01-01,2010-12-31,2011-01-01,2011-06-30,2010-12-06 12:15:00,2010-12-06 12:15:00,1,23,23,32,98.7,United Kingdom
15050,1,False,2010-01-01,2010-12-31,2011-01-01,2011-06-30,2010-08-16 12:00:00,2010-10-14 14:18:00,2,73,58,1384,2349.5,United Kingdom
15051,1,False,2010-01-01,2010-12-31,2011-01-01,2011-06-30,2010-02-16 10:44:00,2010-11-25 16:46:00,5,115,92,1736,1963.53,United Kingdom
15055,1,False,2010-01-01,2010-12-31,2011-01-01,2011-06-30,2010-04-25 13:40:00,2010-08-22 11:06:00,2,29,29,130,304.7,United Kingdom
15056,1,False,2010-01-01,2010-12-31,2011-01-01,2011-06-30,2010-07-07 15:58:00,2010-07-07 15:58:00,1,6,6,69,113.64999999999999,United Kingdom
15057,0,True,2010-01-01,2010-12-31,2011-01-01,2011-06-30,2010-03-24 11:51:00,2010-09-22 14:22:00,2,34,29,626,1462.36,United Kingdom
15058,0,True,2010-01-01,2010-12-31,2011-01-01,2011-06-30,2010-02-24 14:07:00,2010-11-28 10:42:00,5,81,52,591,1285.04,United Kingdom
15059,0,True,2010-01-01,2010-12-31,2011-01-01,2011-06-30,2010-01-15 15:13:00,2010-11-28 11:14:00,9,308,186,826,1872.54,United Kingdom
15061,0,True,2010-01-01,2010-12-31,2011-01-01,2011-06-30,2010-01-10 14:17:00,2010-12-15 12:08:00,82,542,108,46297,77493.0,United Kingdom
15062,0,True,2010-01-01,2010-12-31,2011-01-01,2011-06-30,2010-04-08 15:41:00,2010-12-15 15:37:00,5,113,80,1273,1806.8400000000001,United Kingdom
15064,1,False,2010-01-01,2010-12-31,2011-01-01,2011-06-30,2010-05-13 10:42:00,2010-10-25 14:32:00,3,60,57,684,929.42,United Kingdom
15065,0,True,2010-01-01,2010-12-31,2011-01-01,2011-06-30,2010-10-25 09:13:00,2010-10-25 09:13:00,1,11,11,63,168.73,United Kingdom
15067,0,True,2010-01-01,2010-12-31,2011-01-01,2011-06-30,2010-04-11 15:54:00,2010-10-22 14:30:00,2,95,94,1197,2118.12,United Kingdom
15068,0,True,2010-01-01,2010-12-31,2011-01-01,2011-06-30,2010-03-28 13:18:00,2010-10-17 16:08:00,2,114,104,468,621.54,United Kingdom
15070,1,False,2010-01-01,2010-12-31,2011-01-01,2011-06-30,2010-04-27 15:21:00,2010-12-02 11:23:00,2,18,18,207,412.25,United Kingdom
15071,0,True,2010-01-01,2010-12-31,2011-01-01,2011-06-30,2010-05-18 12:45:00,2010-11-18 13:30:00,2,28,27,147,473.49,United Kingdom
15072,1,False,2010-01-01,2010-12-31,2011-01-01,2011-06-30,2010-08-17 15:46:00,2010-08-17 15:46:00,1,13,13,164,187.51999999999998,United Kingdom
15073,0,True,2010-01-01,2010-12-31,2011-01-01,2011-06-30,2010-01-27 08:48:00,2010-11-04 10:26:00,5,105,89,919,1744.61,United Kingdom
15074,1,False,2010-01-01,2010-12-31,2011-01-01,2011-06-30,2010-08-29 11:47:00,2010-10-06 15:49:00,2,31,31,608,817.46,United Kingdom
15076,0,True,2010-01-01,2010-12-31,2011-01-01,2011-06-30,2010-07-05 14:11:00,2010-08-04 13:37:00,2,31,30,295,566.89,United Kingdom
15077,1,False,2010-01-01,2010-12-31,2011-01-01,2011-06-30,2010-08-02 11:13:00,2010-08-02 11:13:00,1,13,13,300,1554.6,United Kingdom
15078,0,True,2010-01-01,2010-12-31,2011-01-01,2011-06-30,2010-02-16 13:57:00,2010-12-20 12:06:00,23,335,52,3573,7608.610000000001,United Kingdom
15079,0,True,2010-01-01,2010-12-31,2011-01-01,2011-06-30,2010-03-23 13:40:00,2010-12-09 09:25:00,6,67,60,824,2133.21,United Kingdom
15080,1,False,2010-01-01,2010-12-31,2011-01-01,2011-06-30,2010-07-26 10:03:00,2010-10-08 11:52:00,2,31,31,287,546.25,United Kingdom
15081,0,True,2010-01-01,2010-12-31,2011-01-01,2011-06-30,2010-06-22 10:25:00,2010-12-07 16:20:00,8,76,58,616,1460.92,United Kingdom
15082,1,False,2010-01-01,2010-12-31,2011-01-01,2011-06-30,2010-02-09 10:23:00,2010-02-09 10:23:00,1,6,6,43,93.35000000000001,United Kingdom
15084,1,False,2010-01-01,2010-12-31,2011-01-01,2011-06-30,2010-03-04 10:45:00,2010-11-25 11:58:00,2,31,31,600,965.2,United Kingdom
15086,1,False,2010-01-01,2010-12-31,2011-01-01,2011-06-30,2010-03-24 13:56:00,2010-05-24 12:27:00,2,11,10,95,218.53,United Kingdom
15091,1,False,2010-01-01,2010-12-31,2011-01-01,2011-06-30,2010-02-03 11:46:00,2010-02-03 11:50:00,2,27,27,236,565.9,United Kingdom
15092,0,True,2010-01-01,2010-12-31,2011-01-01,2011-06-30,2010-09-03 12:33:00,2010-09-03 12:33:00,1,19,19,95,318.65,United Kingdom
15093,0,True,2010-01-01,2010-12-31,2011-01-01,2011-06-30,2010-01-12 14:33:00,2010-12-02 18:25:00,17,215,85,7526,9479.45,United Kingdom
15094,1,False,2010-01-01,2010-12-31,2011-01-01,2011-06-30,2010-03-05 12:56:00,2010-09-02 16:55:00,2,5,4,28,83.0,United Kingdom
15095,0,True,2010-01-01,2010-12-31,2011-01-01,2011-06-30,2010-01-21 09:37:00,2010-10-15 11:47:00,6,77,60,1154,1771.04,United Kingdom
15097,1,False,2010-01-01,2010-12-31,2011-01-01,2011-06-30,2010-05-05 14:22:00,2010-05-05 14:33:00,2,41,39,254,660.27,United Kingdom
15100,0,True,2010-01-01,2010-12-31,2011-01-01,2011-06-30,2010-01-07 14:33:00,2010-12-08 12:09:00,6,15,11,254,2018.6999999999998,United Kingdom
15101,1,False,2010-01-01,2010-12-31,2011-01-01,2011-06-30,2010-04-28 15:00:00,2010-12-15 12:54:00,5,54,48,469,1262.69,United Kingdom
15102,1,False,2010-01-01,2010-12-31,2011-01-01,2011-06-30,2010-06-11 10:16:00,2010-06-27 12:16:00,2,27,26,339,554.67,United Kingdom
15105,1,False,2010-01-01,2010-12-31,2011-01-01,2011-06-30,2010-03-23 12:18:00,2010-10-05 14:12:00,2,50,50,536,795.98,United Kingdom
15107,0,True,2010-01-01,2010-12-31,2011-01-01,2011-06-30,2010-09-14 10:47:00,2010-12-14 14:50:00,5,34,29,230,681.9,United Kingdom
15109,0,True,2010-01-01,2010-12-31,2011-01-01,2011-06-30,2010-05-09 13:44:00,2010-05-09 13:44:00,1,12,12,77,266.95,United Kingdom
15110,0,True,2010-01-01,2010-12-31,2011-01-01,2011-06-30,2010-08-11 15:49:00,2010-11-01 10:31:00,2,18,14,91,509.75,United Kingdom
15111,1,False,2010-01-01,2010-12-31,2011-01-01,2011-06-30,2010-04-26 13:12:00,2010-12-02 11:45:00,3,67,60,454,1163.39,United Kingdom
15112,1,False,2010-01-01,2010-12-31,2011-01-01,2011-06-30,2010-04-07 14:17:00,2010-04-07 14:17:00,1,7,7,72,209.4,United Kingdom
15114,0,True,2010-01-01,2010-12-31,2011-01-01,2011-06-30,2010-10-14 16:44:00,2010-11-21 16:14:00,2,34,33,436,639.56,United Kingdom
15117,0,True,2010-01-01,2010-12-31,2011-01-01,2011-06-30,2010-03-15 13:39:00,2010-09-17 14:45:00,3,52,46,1145,934.19,United Kingdom
15122,0,True,2010-01-01,2010-12-31,2011-01-01,2011-06-30,2010-03-30 14:05:00,2010-10-13 09:42:00,8,145,107,1233,2853.4900000000002,United Kingdom
15123,0,True,2010-01-01,2010-12-31,2011-01-01,2011-06-30,2010-03-16 09:49:00,2010-10-14 16:30:00,3,77,66,1329,2456.86,United Kingdom
15124,0,True,2010-01-01,2010-12-31,2011-01-01,2011-06-30,2010-02-26 10:49:00,2010-08-20 12:31:00,2,16,16,229,266.63,United Kingdom
15125,0,True,2010-01-01,2010-12-31,2011-01-01,2011-06-30,2010-03-31 13:29:00,2010-08-17 09:54:00,9,113,72,2240,5496.39,United Kingdom
15126,1,False,2010-01-01,2010-12-31,2011-01-01,2011-06-30,2010-01-21 17:09:00,2010-06-21 12:31:00,2,25,25,273,449.49,United Kingdom
15127,1,False,2010-01-01,2010-12-31,2011-01-01,2011-06-30,2010-07-08 10:07:00,2010-07-08 10:07:00,1,12,12,213,304.97,United Kingdom
15128,0,True,2010-01-01,2010-12-31,2011-01-01,2011-06-30,2010-10-05 16:46:00,2010-10-05 16:46:00,1,21,21,240,312.68,United Kingdom
15129,0,True,2010-01-01,2010-12-31,2011-01-01,2011-06-30,2010-04-08 17:15:00,2010-11-19 11:48:00,12,123,56,2208,3412.78,United Kingdom
15131,1,False,2010-01-01,2010-12-31,2011-01-01,2011-06-30,2010-11-10 12:07:00,2010-11-10 12:07:00,1,7,7,88,80.28,United Kingdom
15133,0,True,2010-01-01,2010-12-31,2011-01-01,2011-06-30,2010-07-07 12:31:00,2010-11-22 15:16:00,2,20,20,280,824.48,United Kingdom
15134,0,True,2010-01-01,2010-12-31,2011-01-01,2011-06-30,2010-10-13 12:44:00,2010-11-23 14:59:00,2,12,12,170,208.3,United Kingdom
15135,0,True,2010-01-01,2010-12-31,2011-01-01,2011-06-30,2010-06-01 13:33:00,2010-06-01 13:33:00,1,11,11,41,166.63,United Kingdom
15137,1,False,2010-01-01,2010-12-31,2011-01-01,2011-06-30,2010-01-28 15:45:00,2010-07-07 09:41:00,2,34,34,596,823.4,United Kingdom
15138,1,False,2010-01-01,2010-12-31,2011-01-01,2011-06-30,2010-11-11 09:16:00,2010-11-11 09:16:00,1,31,31,300,502.52,United Kingdom
15140,0,True,2010-01-01,2010-12-31,2011-01-01,2011-06-30,2010-09-23 13:07:00,2010-09-23 13:07:00,1,32,32,438,889.44,United Kingdom
15141,1,False,2010-01-01,2010-12-31,2011-01-01,2011-06-30,2010-03-28 15:58:00,2010-09-08 11:33:00,7,80,44,1197,1388.47,United Kingdom
15142,1,False,2010-01-01,2010-12-31,2011-01-01,2011-06-30,2010-07-27 09:05:00,2010-10-25 15:36:00,5,116,97,1790,2121.18,United Kingdom
15143,0,True,2010-01-01,2010-12-31,2011-01-01,2011-06-30,2010-10-03 13:58:00,2010-10-03 13:58:00,1,17,17,170,304.18,United Kingdom
15144,0,True,2010-01-01,2010-12-31,2011-01-01,2011-06-30,2010-02-24 12:51:00,2010-11-25 18:50:00,11,126,96,2117,5209.67,United Kingdom
15149,1,False,2010-01-01,2010-12-31,2011-01-01,2011-06-30,2010-02-28 11:13:00,2010-05-12 16:04:00,4,46,44,252,1033.81,United Kingdom
15150,0,True,2010-01-01,2010-12-31,2011-01-01,2011-06-30,2010-06-14 12:01:00,2010-09-09 17:19:00,3,232,231,2525,3686.61,United Kingdom
15151,1,False,2010-01-01,2010-12-31,2011-01-01,2011-06-30,2010-07-18 12:19:00,2010-10-12 16:37:00,2,57,56,795,2085.61,United Kingdom
15152,0,True,2010-01-01,2010-12-31,2011-01-01,2011-06-30,2010-01-07 15:15:00,2010-01-07 15:15:00,1,29,29,290,518.14,United Kingdom
15154,1,False,2010-01-01,2010-12-31,2011-01-01,2011-06-30,2010-08-18 17:41:00,2010-08-18 17:43:00,2,102,101,244,1089.44,United Kingdom
15155,1,False,2010-01-01,2010-12-31,2011-01-01,2011-06-30,2010-11-21 12:59:00,2010-11-21 12:59:00,1,24,24,192,383.96999999999997,United Kingdom
15157,1,False,2010-01-01,2010-12-31,2011-01-01,2011-06-30,2010-05-19 13:29:00,2010-12-16 13:44:00,2,66,66,1508,1355.3,United Kingdom
15158,1,False,2010-01-01,2010-12-31,2011-01-01,2011-06-30,2010-11-03 13:46:00,2010-11-03 13:46:00,1,4,4,21,204.62,United Kingdom
15159,0,True,2010-01-01,2010-12-31,2011-01-01,2011-06-30,2010-10-04 09:31:00,2010-12-13 15:45:00,6,148,131,3059,5336.7,United Kingdom
15160,1,False,2010-01-01,2010-12-31,2011-01-01,2011-06-30,2010-10-14 15:26:00,2010-12-17 14:15:00,4,23,17,307,589.27,United Kingdom
15161,1,False,2010-01-01,2010-12-31,2011-01-01,2011-06-30,2010-11-16 16:08:00,2010-11-16 16:08:00,1,33,33,144,119.92,United Kingdom
15164,0,True,2010-01-01,2010-12-31,2011-01-01,2011-06-30,2010-01-18 13:34:00,2010-11-15 17:11:00,6,251,193,561,1203.53,United Kingdom
15165,1,False,2010-01-01,2010-12-31,2011-01-01,2011-06-30,2010-12-01 14:03:00,2010-12-01 14:03:00,1,27,27,160,487.75,United Kingdom
15166,1,False,2010-01-01,2010-12-31,2011-01-01,2011-06-30,2010-08-29 12:31:00,2010-08-29 12:31:00,1,12,12,140,167.16,United Kingdom
15167,0,True,2010-01-01,2010-12-31,2011-01-01,2011-06-30,2010-02-04 14:13:00,2010-10-28 14:19:00,4,265,233,798,1468.82,United Kingdom
15169,1,False,2010-01-01,2010-12-31,2011-01-01,2011-06-30,2010-11-22 13:04:00,2010-11-22 13:04:00,1,10,10,131,213.05,United Kingdom
15170,1,False,2010-01-01,2010-12-31,2011-01-01,2011-06-30,2010-10-29 10:34:00,2010-10-29 10:34:00,1,4,4,33,81.15,United Kingdom
15173,1,False,2010-01-01,2010-12-31,2011-01-01,2011-06-30,2010-04-01 12:26:00,2010-11-24 10:21:00,7,86,68,840,1494.6,United Kingdom
15174,0,True,2010-01-01,2010-12-31,2011-01-01,2011-06-30,2010-10-25 09:40:00,2010-10-25 09:40:00,1,23,23,237,345.71,United Kingdom
15176,1,False,2010-01-01,2010-12-31,2011-01-01,2011-06-30,2010-02-10 10:36:00,2010-02-10 10:36:00,1,52,52,448,988.04,United Kingdom
15177,1,False,2010-01-01,2010-12-31,2011-01-01,2011-06-30,2010-10-10 12:48:00,2010-10-10 12:48:00,1,26,26,485,948.93,United Kingdom
15179,0,True,2010-01-01,2010-12-31,2011-01-01,2011-06-30,2010-01-22 10:51:00,2010-11-12 15:35:00,7,194,142,3139,4521.62,United Kingdom
15180,1,False,2010-01-01,2010-12-31,2011-01-01,2011-06-30,2010-04-29 15:27:00,2010-12-07 14:57:00,3,52,46,654,816.9300000000001,United Kingdom
15181,0,True,2010-01-01,2010-12-31,2011-01-01,2011-06-30,2010-10-15 11:47:00,2010-10-15 11:47:00,1,3,3,96,348.0,United Kingdom
15182,0,True,2010-01-01,2010-12-31,2011-01-01,2011-06-30,2010-02-21 12:03:00,2010-11-19 10:31:00,9,96,68,933,2376.1020000000003,United Kingdom
15183,1,False,2010-01-01,2010-12-31,2011-01-01,2011-06-30,2010-05-04 11:31:00,2010-06-10 10:43:00,3,38,33,297,639.93,United Kingdom
15184,0,True,2010-01-01,2010-12-31,2011-01-01,2011-06-30,2010-11-17 12:41:00,2010-11-17 12:41:00,1,11,11,102,160.0,United Kingdom
15186,0,True,2010-01-01,2010-12-31,2011-01-01,2011-06-30,2010-01-12 10:14:00,2010-08-22 15:00:00,3,33,22,501,991.7900000000001,United Kingdom
15189,0,True,2010-01-01,2010-12-31,2011-01-01,2011-06-30,2010-07-18 13:37:00,2010-11-23 18:47:00,5,29,20,753,1298.99,United Kingdom
15190,1,False,2010-01-01,2010-12-31,2011-01-01,2011-06-30,2010-10-01 13:09:00,2010-10-01 13:09:00,1,40,40,790,834.4399999999999,United Kingdom
15191,1,False,2010-01-01,2010-12-31,2011-01-01,2011-06-30,2010-01-20 12:35:00,2010-09-02 15:37:00,3,35,33,287,588.05,United Kingdom
15192,0,True,2010-01-01,2010-12-31,2011-01-01,2011-06-30,2010-01-29 10:13:00,2010-12-09 14:56:00,3,55,40,726,937.07,United Kingdom
15194,0,True,2010-01-01,2010-12-31,2011-01-01,2011-06-30,2010-03-17 13:28:00,2010-12-16 13:15:00,12,181,122,3197,4476.95,United Kingdom
15196,1,False,2010-01-01,2010-12-31,2011-01-01,2011-06-30,2010-10-03 10:50:00,2010-10-03 10:50:00,1,19,17,64,164.0,United Kingdom
15197,0,True,2010-01-01,2010-12-31,2011-01-01,2011-06-30,2010-09-27 14:38:00,2010-12-16 18:01:00,3,26,21,607,1236.44,United Kingdom
15198,1,False,2010-01-01,2010-12-31,2011-01-01,2011-06-30,2010-01-19 10:01:00,2010-10-27 10:32:00,3,21,20,207,377.71,United Kingdom
15199,0,True,2010-01-01,2010-12-31,2011-01-01,2011-06-30,2010-05-13 10:14:00,2010-11-30 10:56:00,6,38,17,498,1853.7,United Kingdom
15200,1,False,2010-01-01,2010-12-31,2011-01-01,2011-06-30,2010-08-02 09:38:00,2010-08-02 09:38:00,1,30,30,195,549.05,United Kingdom
15201,0,True,2010-01-01,2010-12-31,2011-01-01,2011-06-30,2010-04-07 14:50:00,2010-09-26 10:50:00,2,31,23,450,606.4100000000001,United Kingdom
15202,1,False,2010-01-01,2010-12-31,2011-01-01,2011-06-30,2010-10-15 12:39:00,2010-10-15 13:05:00,3,3,1,3,6001.49,United Kingdom
15203,0,True,2010-01-01,2010-12-31,2011-01-01,2011-06-30,2010-01-28 12:32:00,2010-11-14 12:14:00,8,178,101,2221,2316.7,United Kingdom
15204,1,False,2010-01-01,2010-12-31,2011-01-01,2011-06-30,2010-12-17 13:49:00,2010-12-17 13:49:00,1,9,9,258,316.58,United Kingdom
15207,1,False,2010-01-01,2010-12-31,2011-01-01,2011-06-30,2010-06-10 17:29:00,2010-10-19 13:29:00,3,24,19,428,683.9200000000001,United Kingdom
15208,0,True,2010-01-01,2010-12-31,2011-01-01,2011-06-30,2010-10-12 12:17:00,2010-12-21 13:03:00,2,9,8,60,165.8,United Kingdom
15210,0,True,2010-01-01,2010-12-31,2011-01-01,2011-06-30,2010-05-13 14:42:00,2010-11-26 09:09:00,2,47,46,613,845.01,United Kingdom
15211,1,False,2010-01-01,2010-12-31,2011-01-01,2011-06-30,2010-12-09 16:08:00,2010-12-09 16:08:00,1,23,23,117,383.07,United Kingdom
15212,0,True,2010-01-01,2010-12-31,2011-01-01,2011-06-30,2010-11-28 10:45:00,2010-11-28 10:45:00,1,5,5,48,106.47999999999999,United Kingdom
15215,1,False,2010-01-01,2010-12-31,2011-01-01,2011-06-30,2010-04-06 11:21:00,2010-11-11 10:50:00,4,78,59,551,1687.49,United Kingdom
15216,1,False,2010-01-01,2010-12-31,2011-01-01,2011-06-30,2010-03-31 09:52:00,2010-03-31 09:52:00,1,22,22,189,389.49,United Kingdom
15217,1,False,2010-01-01,2010-12-31,2011-01-01,2011-06-30,2010-05-25 13:51:00,2010-05-25 13:51:00,1,28,28,190,426.24,United Kingdom
15218,0,True,2010-01-01,2010-12-31,2011-01-01,2011-06-30,2010-01-26 11:33:00,2010-11-15 11:39:00,11,230,95,3201,5711.9400000000005,United Kingdom
15219,0,True,2010-01-01,2010-12-31,2011-01-01,2011-06-30,2010-03-01 11:33:00,2010-03-01 11:33:00,1,17,17,226,379.7,United Kingdom
15221,1,False,2010-01-01,2010-12-31,2011-01-01,2011-06-30,2010-03-12 10:40:00,2010-12-08 13:08:00,4,29,21,244,2062.2000000000003,United Kingdom
15222,0,True,2010-01-01,2010-12-31,2011-01-01,2011-06-30,2010-01-14 15:24:00,2010-08-24 10:39:00,9,112,83,2910,2529.35,United Kingdom
15223,0,True,2010-01-01,2010-12-31,2011-01-01,2011-06-30,2010-01-17 14:54:00,2010-04-09 11:34:00,2,10,9,128,432.0,United Kingdom
15224,1,False,2010-01-01,2010-12-31,2011-01-01,2011-06-30,2010-01-15 16:14:00,2010-12-16 15:02:00,5,35,24,443,871.36,United Kingdom
15227,0,True,2010-01-01,2010-12-31,2011-01-01,2011-06-30,2010-03-16 08:23:00,2010-11-08 13:31:00,4,62,54,467,1269.0900000000001,United Kingdom
15228,0,True,2010-01-01,2010-12-31,2011-01-01,2011-06-30,2010-07-28 10:21:00,2010-10-07 14:24:00,2,109,94,1120,2193.56,United Kingdom
15229,1,False,2010-01-01,2010-12-31,2011-01-01,2011-06-30,2010-05-02 13:50:00,2010-05-02 13:50:00,1,9,9,114,160.5,United Kingdom
15231,1,False,2010-01-01,2010-12-31,2011-01-01,2011-06-30,2010-03-28 15:12:00,2010-03-28 15:12:00,1,14,14,190,250.26,United Kingdom
15233,1,False,2010-01-01,2010-12-31,2011-01-01,2011-06-30,2010-11-03 13:36:00,2010-11-03 13:36:00,1,1,1,12,59.400000000000006,United Kingdom
15235,0,True,2010-01-01,2010-12-31,2011-01-01,2011-06-30,2010-11-16 12:48:00,2010-12-23 11:24:00,7,78,75,744,1219.89,United Kingdom
15240,0,True,2010-01-01,2010-12-31,2011-01-01,2011-06-30,2010-05-04 10:03:00,2010-11-30 11:51:00,6,113,78,1372,2203.64,United Kingdom
15241,0,True,2010-01-01,2010-12-31,2011-01-01,2011-06-30,2010-02-23 13:59:00,2010-10-05 08:50:00,3,74,56,1510,1293.72,United Kingdom
15242,1,False,2010-01-01,2010-12-31,2011-01-01,2011-06-30,2010-10-13 15:33:00,2010-10-13 15:33:00,1,4,4,196,302.04,United Kingdom
15243,1,False,2010-01-01,2010-12-31,2011-01-01,2011-06-30,2010-09-30 17:28:00,2010-09-30 17:28:00,1,39,39,358,610.6,United Kingdom
15244,0,True,2010-01-01,2010-12-31,2011-01-01,2011-06-30,2010-02-11 14:48:00,2010-02-11 14:48:00,1,14,14,67,280.51,United Kingdom
15245,0,True,2010-01-01,2010-12-31,2011-01-01,2011-06-30,2010-04-23 14:23:00,2010-11-02 12:58:00,5,59,36,1237,2095.0,United Kingdom
15246,0,True,2010-01-01,2010-12-31,2011-01-01,2011-06-30,2010-06-02 11:28:00,2010-12-16 09:46:00,2,30,26,198,452.25,United Kingdom
15247,1,False,2010-01-01,2010-12-31,2011-01-01,2011-06-30,2010-06-20 14:08:00,2010-08-19 10:13:00,2,11,10,354,620.06,United Kingdom
15248,1,False,2010-01-01,2010-12-31,2011-01-01,2011-06-30,2010-06-23 14:34:00,2010-10-24 13:09:00,3,106,103,1065,1893.93,United Kingdom
15249,0,True,2010-01-01,2010-12-31,2011-01-01,2011-06-30,2010-03-26 14:51:00,2010-10-05 16:34:00,5,152,122,1403,2577.54,United Kingdom
15250,1,False,2010-01-01,2010-12-31,2011-01-01,2011-06-30,2010-03-09 07:35:00,2010-03-09 07:35:00,1,3,3,48,60.0,United Kingdom
15251,0,True,2010-01-01,2010-12-31,2011-01-01,2011-06-30,2010-01-29 12:42:00,2010-10-21 14:29:00,10,119,99,5937,9839.55,United Kingdom
15252,0,True,2010-01-01,2010-12-31,2011-01-01,2011-06-30,2010-04-07 10:24:00,2010-10-14 12:05:00,3,74,73,908,1362.63,United Kingdom
15253,0,True,2010-01-01,2010-12-31,2011-01-01,2011-06-30,2010-05-02 11:17:00,2010-11-01 13:46:00,3,63,58,722,1136.89,United Kingdom
15254,1,False,2010-01-01,2010-12-31,2011-01-01,2011-06-30,2010-05-28 10:08:00,2010-06-11 10:30:00,2,49,46,436,787.99,United Kingdom
15255,1,False,2010-01-01,2010-12-31,2011-01-01,2011-06-30,2010-06-13 14:31:00,2010-11-08 15:12:00,7,128,89,1549,2554.73,United Kingdom
15256,1,False,2010-01-01,2010-12-31,2011-01-01,2011-06-30,2010-05-27 11:41:00,2010-05-27 11:41:00,1,4,4,37,71.95,United Kingdom
15257,0,True,2010-01-01,2010-12-31,2011-01-01,2011-06-30,2010-10-21 14:03:00,2010-10-21 14:03:00,1,5,5,25,368.75,United Kingdom
15259,1,False,2010-01-01,2010-12-31,2011-01-01,2011-06-30,2010-01-26 09:41:00,2010-07-15 08:47:00,4,57,50,631,1182.3799999999999,United Kingdom
15260,0,True,2010-01-01,2010-12-31,2011-01-01,2011-06-30,2010-02-14 13:40:00,2010-12-02 12:09:00,18,307,154,3740,7082.61,United Kingdom
15261,1,False,2010-01-01,2010-12-31,2011-01-01,2011-06-30,2010-10-01 11:59:00,2010-11-23 09:13:00,3,73,70,536,1253.18,United Kingdom
15262,0,True,2010-01-01,2010-12-31,2011-01-01,2011-06-30,2010-08-08 15:55:00,2010-11-24 13:21:00,2,16,14,145,239.87,United Kingdom
15264,1,False,2010-01-01,2010-12-31,2011-01-01,2011-06-30,2010-06-27 13:29:00,2010-06-27 13:29:00,1,32,32,178,454.66,United Kingdom
15265,0,True,2010-01-01,2010-12-31,2011-01-01,2011-06-30,2010-04-14 11:20:00,2010-04-14 11:20:00,1,94,94,812,1545.38,United Kingdom
15266,0,True,2010-01-01,2010-12-31,2011-01-01,2011-06-30,2010-01-07 12:19:00,2010-11-25 16:36:00,4,39,36,218,732.91,United Kingdom
15268,1,False,2010-01-01,2010-12-31,2011-01-01,2011-06-30,2010-04-13 11:27:00,2010-08-18 10:33:00,3,22,21,428,961.9000000000001,United Kingdom
15269,1,False,2010-01-01,2010-12-31,2011-01-01,2011-06-30,2010-11-14 12:58:00,2010-11-24 15:32:00,2,33,32,346,816.56,United Kingdom
15270,0,True,2010-01-01,2010-12-31,2011-01-01,2011-06-30,2010-02-03 08:14:00,2010-11-04 11:48:00,12,118,54,2327,5630.17,United Kingdom
15271,0,True,2010-01-01,2010-12-31,2011-01-01,2011-06-30,2010-08-05 14:57:00,2010-12-09 13:47:00,10,330,248,1239,2146.95,United Kingdom
15272,1,False,2010-01-01,2010-12-31,2011-01-01,2011-06-30,2010-02-14 13:39:00,2010-09-15 17:07:00,4,223,209,355,1309.01,United Kingdom
15273,1,False,2010-01-01,2010-12-31,2011-01-01,2011-06-30,2010-04-19 11:31:00,2010-04-19 11:31:00,1,1,1,216,228.96,United Kingdom
15276,1,False,2010-01-01,2010-12-31,2011-01-01,2011-06-30,2010-10-01 12:24:00,2010-11-10 16:07:00,3,129,115,256,491.17,United Kingdom
15277,1,False,2010-01-01,2010-12-31,2011-01-01,2011-06-30,2010-10-10 16:02:00,2010-10-10 16:02:00,1,14,14,168,220.44,United Kingdom
15278,1,False,2010-01-01,2010-12-31,2011-01-01,2011-06-30,2010-02-12 14:53:00,2010-05-27 10:03:00,4,29,29,458,496.15999999999997,United Kingdom
15279,1,False,2010-01-01,2010-12-31,2011-01-01,2011-06-30,2010-02-02 10:15:00,2010-12-20 10:48:00,5,94,74,802,1580.54,United Kingdom
15280,0,True,2010-01-01,2010-12-31,2011-01-01,2011-06-30,2010-05-17 14:17:00,2010-08-08 12:21:00,2,44,39,353,284.4,United Kingdom
15281,0,True,2010-01-01,2010-12-31,2011-01-01,2011-06-30,2010-10-08 12:14:00,2010-11-26 16:31:00,7,383,337,4022,6211.42,United Kingdom
15282,1,False,2010-01-01,2010-12-31,2011-01-01,2011-06-30,2010-05-18 16:27:00,2010-05-18 16:27:00,1,27,27,395,348.59,United Kingdom
15283,1,False,2010-01-01,2010-12-31,2011-01-01,2011-06-30,2010-07-09 15:46:00,2010-11-14 14:54:00,3,9,9,27,148.33,United Kingdom
15284,1,False,2010-01-01,2010-12-31,2011-01-01,2011-06-30,2010-07-27 13:25:00,2010-07-27 13:25:00,1,1,1,5,24.75,United Kingdom
15285,1,False,2010-01-01,2010-12-31,2011-01-01,2011-06-30,2010-10-28 09:46:00,2010-10-28 09:46:00,1,6,6,120,94.92,United Kingdom
15287,1,False,2010-01-01,2010-12-31,2011-01-01,2011-06-30,2010-09-30 17:30:00,2010-11-25 10:29:00,2,12,11,522,311.14,United Kingdom
15288,0,True,2010-01-01,2010-12-31,2011-01-01,2011-06-30,2010-02-12 15:27:00,2010-12-09 13:59:00,6,91,78,627,1574.51,United Kingdom
15289,0,True,2010-01-01,2010-12-31,2011-01-01,2011-06-30,2010-03-28 11:45:00,2010-09-07 12:38:00,2,39,33,619,653.3100000000001,United Kingdom
15290,0,True,2010-01-01,2010-12-31,2011-01-01,2011-06-30,2010-02-24 10:15:00,2010-12-15 16:03:00,9,96,34,2234,2772.66,United Kingdom
15291,0,True,2010-01-01,2010-12-31,2011-01-01,2011-06-30,2010-01-05 08:59:00,2010-12-17 10:32:00,24,137,81,2638,8460.460000000001,United Kingdom
15293,1,False,2010-01-01,2010-12-31,2011-01-01,2011-06-30,2010-02-12 11:54:00,2010-02-12 11:54:00,1,19,19,178,247.5,United Kingdom
15294,1,False,2010-01-01,2010-12-31,2011-01-01,2011-06-30,2010-10-25 11:45:00,2010-10-25 11:45:00,1,15,15,97,233.35,United Kingdom
15295,1,False,2010-01-01,2010-12-31,2011-01-01,2011-06-30,2010-02-23 13:03:00,2010-02-23 13:03:00,1,52,50,139,207.04,United Kingdom
15296,0,True,2010-01-01,2010-12-31,2011-01-01,2011-06-30,2010-01-21 13:48:00,2010-10-15 09:33:00,6,340,253,3686,6650.17,United Kingdom
15298,0,True,2010-01-01,2010-12-31,2011-01-01,2011-06-30,2010-01-18 15:10:00,2010-12-08 13:55:00,11,241,142,3008,4356.02,United Kingdom
15299,0,True,2010-01-01,2010-12-31,2011-01-01,2011-06-30,2010-01-12 11:34:00,2010-12-02 16:51:00,6,6,5,2505,3484.5299999999997,United Kingdom
15301,0,True,2010-01-01,2010-12-31,2011-01-01,2011-06-30,2010-09-15 15:41:00,2010-12-06 12:21:00,6,137,106,1515,2533.09,United Kingdom
15303,0,True,2010-01-01,2010-12-31,2011-01-01,2011-06-30,2010-01-25 09:42:00,2010-05-23 12:14:00,2,38,36,266,650.16,United Kingdom
15304,0,True,2010-01-01,2010-12-31,2011-01-01,2011-06-30,2010-10-14 10:24:00,2010-12-06 11:42:00,2,6,5,29,225.15,United Kingdom
15305,1,False,2010-01-01,2010-12-31,2011-01-01,2011-06-30,2010-06-02 13:50:00,2010-06-02 13:50:00,1,5,5,40,93.6,United Kingdom
15306,1,False,2010-01-01,2010-12-31,2011-01-01,2011-06-30,2010-02-18 17:12:00,2010-07-27 14:39:00,6,104,80,2264,2310.38,United Kingdom
15309,1,False,2010-01-01,2010-12-31,2011-01-01,2011-06-30,2010-02-26 13:01:00,2010-04-08 11:11:00,3,34,33,297,524.21,United Kingdom
15310,1,False,2010-01-01,2010-12-31,2011-01-01,2011-06-30,2010-08-18 11:38:00,2010-08-18 11:38:00,1,45,45,1476,1634.64,United Kingdom
15311,0,True,2010-01-01,2010-12-31,2011-01-01,2011-06-30,2010-01-05 15:29:00,2010-12-23 14:40:00,112,1803,560,29410,47629.39,United Kingdom
15312,0,True,2010-01-01,2010-12-31,2011-01-01,2011-06-30,2010-01-14 10:25:00,2010-12-20 12:51:00,8,114,92,1213,1973.43,United Kingdom
15314,0,True,2010-01-01,2010-12-31,2011-01-01,2011-06-30,2010-10-07 15:41:00,2010-10-22 12:19:00,2,26,25,437,492.47999999999996,United Kingdom
15317,1,False,2010-01-01,2010-12-31,2011-01-01,2011-06-30,2010-01-31 15:55:00,2010-01-31 15:55:00,1,5,5,45,129.75,United Kingdom
15321,0,True,2010-01-01,2010-12-31,2011-01-01,2011-06-30,2010-02-03 09:47:00,2010-09-28 18:11:00,9,214,186,2472,3961.42,United Kingdom
15322,1,False,2010-01-01,2010-12-31,2011-01-01,2011-06-30,2010-08-20 13:10:00,2010-08-20 13:10:00,1,41,41,555,711.18,United Kingdom
15323,1,False,2010-01-01,2010-12-31,2011-01-01,2011-06-30,2010-02-16 09:21:00,2010-05-26 10:01:00,3,29,29,188,434.6,United Kingdom
15324,1,False,2010-01-01,2010-12-31,2011-01-01,2011-06-30,2010-01-07 14:37:00,2010-01-07 14:37:00,1,8,8,74,140.22000000000003,United Kingdom
15325,1,False,2010-01-01,2010-12-31,2011-01-01,2011-06-30,2010-02-16 13:30:00,2010-11-09 13:14:00,7,176,141,1151,1439.72,United Kingdom
15326,0,True,2010-01-01,2010-12-31,2011-01-01,2011-06-30,2010-02-05 09:53:00,2010-04-09 15:22:00,2,47,42,527,670.59,United Kingdom
15328,1,False,2010-01-01,2010-12-31,2011-01-01,2011-06-30,2010-10-28 09:05:00,2010-10-28 09:05:00,1,8,8,88,107.24,United Kingdom
15329,0,True,2010-01-01,2010-12-31,2011-01-01,2011-06-30,2010-03-19 13:32:00,2010-11-30 11:24:00,7,79,54,593,1590.77,United Kingdom
15331,1,False,2010-01-01,2010-12-31,2011-01-01,2011-06-30,2010-04-09 14:26:00,2010-07-28 09:42:00,3,44,41,701,767.91,United Kingdom
15332,1,False,2010-01-01,2010-12-31,2011-01-01,2011-06-30,2010-07-14 13:01:00,2010-12-08 14:43:00,6,154,113,2306,4892.68,Lithuania
15336,1,False,2010-01-01,2010-12-31,2011-01-01,2011-06-30,2010-11-03 12:39:00,2010-11-03 12:39:00,1,15,15,84,240.5,United Kingdom
15337,1,False,2010-01-01,2010-12-31,2011-01-01,2011-06-30,2010-10-24 15:29:00,2010-10-24 15:29:00,1,21,21,200,373.02,United Kingdom
15338,1,False,2010-01-01,2010-12-31,2011-01-01,2011-06-30,2010-01-31 14:25:00,2010-01-31 14:25:00,1,58,56,148,277.93,United Kingdom
15339,0,True,2010-01-01,2010-12-31,2011-01-01,2011-06-30,2010-02-08 13:38:00,2010-10-14 14:04:00,5,134,108,722,1246.95,United Kingdom
15340,1,False,2010-01-01,2010-12-31,2011-01-01,2011-06-30,2010-05-27 10:27:00,2010-05-27 10:27:00,1,7,7,76,105.5,United Kingdom
15341,1,False,2010-01-01,2010-12-31,2011-01-01,2011-06-30,2010-09-16 16:41:00,2010-09-16 16:41:00,1,7,7,196,382.2,United Kingdom
15346,0,True,2010-01-01,2010-12-31,2011-01-01,2011-06-30,2010-10-04 15:11:00,2010-10-10 13:55:00,2,20,20,116,343.7,United Kingdom
15347,1,False,2010-01-01,2010-12-31,2011-01-01,2011-06-30,2010-09-28 12:50:00,2010-12-08 15:25:00,4,36,29,542,1162.0,United Kingdom
15350,1,False,2010-01-01,2010-12-31,2011-01-01,2011-06-30,2010-11-21 15:14:00,2010-12-01 13:33:00,2,30,26,272,547.6,United Kingdom
15351,1,False,2010-01-01,2010-12-31,2011-01-01,2011-06-30,2010-10-03 12:18:00,2010-12-05 11:49:00,4,146,103,737,1770.23,United Kingdom
15352,1,False,2010-01-01,2010-12-31,2011-01-01,2011-06-30,2010-06-09 11:28:00,2010-06-09 11:28:00,1,34,34,40,111.15,United Kingdom
15353,0,True,2010-01-01,2010-12-31,2011-01-01,2011-06-30,2010-06-08 14:00:00,2010-12-07 11:49:00,5,273,213,1093,2064.26,United Kingdom
15354,1,False,2010-01-01,2010-12-31,2011-01-01,2011-06-30,2010-04-15 16:17:00,2010-04-15 16:24:00,3,3,1,3,284.4,United Kingdom
15356,0,True,2010-01-01,2010-12-31,2011-01-01,2011-06-30,2010-10-13 13:12:00,2010-12-14 11:26:00,5,274,163,434,860.46,United Kingdom
15358,0,True,2010-01-01,2010-12-31,2011-01-01,2011-06-30,2010-01-13 09:53:00,2010-12-09 10:04:00,20,526,255,7666,7877.09,United Kingdom
15359,1,False,2010-01-01,2010-12-31,2011-01-01,2011-06-30,2010-01-15 11:30:00,2010-02-15 10:47:00,8,16,10,145,181.35,United Kingdom
15361,1,False,2010-01-01,2010-12-31,2011-01-01,2011-06-30,2010-06-14 13:27:00,2010-12-13 09:52:00,4,10,10,373,689.07,United Kingdom
15362,1,False,2010-01-01,2010-12-31,2011-01-01,2011-06-30,2010-09-17 10:37:00,2010-09-17 10:37:00,1,17,17,223,302.33,United Kingdom
15363,1,False,2010-01-01,2010-12-31,2011-01-01,2011-06-30,2010-08-04 08:41:00,2010-12-02 12:28:00,2,35,32,383,678.11,United Kingdom
15365,0,True,2010-01-01,2010-12-31,2011-01-01,2011-06-30,2010-02-04 16:43:00,2010-11-01 10:44:00,6,104,82,1047,2242.81,United Kingdom
15366,1,False,2010-01-01,2010-12-31,2011-01-01,2011-06-30,2010-02-26 10:10:00,2010-12-16 15:59:00,6,102,68,1887,1892.11,United Kingdom
15367,0,True,2010-01-01,2010-12-31,2011-01-01,2011-06-30,2010-03-02 14:36:00,2010-10-17 15:05:00,6,144,111,1631,2418.12,United Kingdom
15368,1,False,2010-01-01,2010-12-31,2011-01-01,2011-06-30,2010-11-10 15:52:00,2010-11-10 15:52:00,1,4,4,176,275.8,United Kingdom
15369,1,False,2010-01-01,2010-12-31,2011-01-01,2011-06-30,2010-01-08 11:58:00,2010-08-04 13:54:00,10,56,43,3096,5938.3,United Kingdom
15370,0,True,2010-01-01,2010-12-31,2011-01-01,2011-06-30,2010-10-25 12:08:00,2010-10-25 12:08:00,1,50,50,567,1352.96,United Kingdom
15371,1,False,2010-01-01,2010-12-31,2011-01-01,2011-06-30,2010-02-15 13:14:00,2010-02-15 13:14:00,1,1,1,12,59.400000000000006,United Kingdom
15372,1,False,2010-01-01,2010-12-31,2011-01-01,2011-06-30,2010-02-14 11:24:00,2010-09-15 14:52:00,7,30,19,3486,4009.66,United Kingdom
15373,0,True,2010-01-01,2010-12-31,2011-01-01,2011-06-30,2010-05-02 11:57:00,2010-12-15 10:40:00,7,73,50,292,1205.73,United Kingdom
15374,1,False,2010-01-01,2010-12-31,2011-01-01,2011-06-30,2010-03-25 12:03:00,2010-03-25 12:03:00,1,7,6,164,139.32,United Kingdom
15375,1,False,2010-01-01,2010-12-31,2011-01-01,2011-06-30,2010-01-18 15:38:00,2010-01-18 15:38:00,1,6,6,84,60.959999999999994,United Kingdom
15377,1,False,2010-01-01,2010-12-31,2011-01-01,2011-06-30,2010-10-20 11:42:00,2010-11-22 08:55:00,4,21,15,253,1211.75,United Kingdom
15378,1,False,2010-01-01,2010-12-31,2011-01-01,2011-06-30,2010-07-26 08:47:00,2010-09-03 11:30:00,2,12,8,130,246.5,United Kingdom
15379,0,True,2010-01-01,2010-12-31,2011-01-01,2011-06-30,2010-11-04 11:59:00,2010-12-16 13:02:00,2,130,121,1463,2666.01,United Kingdom
15380,1,False,2010-01-01,2010-12-31,2011-01-01,2011-06-30,2010-01-12 09:25:00,2010-12-09 15:01:00,5,9,3,450,1347.18,United Kingdom
15381,0,True,2010-01-01,2010-12-31,2011-01-01,2011-06-30,2010-05-05 14:35:00,2010-10-12 13:32:00,3,16,16,631,1293.72,United Kingdom
15382,0,True,2010-01-01,2010-12-31,2011-01-01,2011-06-30,2010-02-22 10:24:00,2010-11-30 09:46:00,5,290,184,4212,6254.64,United Kingdom
15384,0,True,2010-01-01,2010-12-31,2011-01-01,2011-06-30,2010-04-26 12:38:00,2010-12-15 11:34:00,3,97,77,1419,1688.95,United Kingdom
15385,1,False,2010-01-01,2010-12-31,2011-01-01,2011-06-30,2010-01-31 13:02:00,2010-11-12 12:28:00,2,9,8,267,625.2,United Kingdom
15387,1,False,2010-01-01,2010-12-31,2011-01-01,2011-06-30,2010-08-04 16:05:00,2010-08-04 16:05:00,1,20,20,335,468.65,United Kingdom
15389,0,True,2010-01-01,2010-12-31,2011-01-01,2011-06-30,2010-01-27 12:44:00,2010-11-04 19:23:00,4,5,2,3540,2233.8,United Kingdom
15390,1,False,2010-01-01,2010-12-31,2011-01-01,2011-06-30,2010-10-26 17:23:00,2010-11-08 15:19:00,2,77,77,894,1216.66,Canada
15391,1,False,2010-01-01,2010-12-31,2011-01-01,2011-06-30,2010-05-04 15:04:00,2010-05-04 15:04:00,1,12,12,109,289.87,United Kingdom
15392,1,False,2010-01-01,2010-12-31,2011-01-01,2011-06-30,2010-10-04 12:50:00,2010-12-14 15:50:00,4,79,54,1269,1715.07,United Kingdom
15393,0,True,2010-01-01,2010-12-31,2011-01-01,2011-06-30,2010-01-15 15:27:00,2010-05-21 11:34:00,2,21,20,156,471.64,United Kingdom
15394,0,True,2010-01-01,2010-12-31,2011-01-01,2011-06-30,2010-05-23 14:25:00,2010-12-16 12:46:00,7,155,107,1480,3393.52,United Kingdom
15396,1,False,2010-01-01,2010-12-31,2011-01-01,2011-06-30,2010-05-05 09:04:00,2010-05-05 09:04:00,1,2,2,156,508.20000000000005,United Kingdom
15400,0,True,2010-01-01,2010-12-31,2011-01-01,2011-06-30,2010-05-28 08:33:00,2010-10-15 12:00:00,3,15,11,272,586.1,United Kingdom
15401,1,False,2010-01-01,2010-12-31,2011-01-01,2011-06-30,2010-05-20 10:56:00,2010-09-13 13:42:00,2,14,14,93,216.95000000000002,United Kingdom
15402,0,True,2010-01-01,2010-12-31,2011-01-01,2011-06-30,2010-04-27 12:12:00,2010-11-17 12:58:00,4,89,58,1340,1203.77,United Kingdom
15403,1,False,2010-01-01,2010-12-31,2011-01-01,2011-06-30,2010-08-05 12:21:00,2010-08-05 12:21:00,1,3,3,168,75.12,United Kingdom
15404,1,False,2010-01-01,2010-12-31,2011-01-01,2011-06-30,2010-11-29 11:03:00,2010-11-29 11:03:00,1,16,16,334,257.06,United Kingdom
15405,0,True,2010-01-01,2010-12-31,2011-01-01,2011-06-30,2010-05-12 15:56:00,2010-05-12 15:56:00,1,22,22,155,310.74,United Kingdom
15406,0,True,2010-01-01,2010-12-31,2011-01-01,2011-06-30,2010-09-12 13:06:00,2010-09-12 13:10:00,2,69,66,293,465.15999999999997,United Kingdom
15410,0,True,2010-01-01,2010-12-31,2011-01-01,2011-06-30,2010-04-19 08:57:00,2010-05-20 09:53:00,2,40,32,702,1234.88,United Kingdom
15413,1,False,2010-01-01,2010-12-31,2011-01-01,2011-06-30,2010-01-10 12:37:00,2010-01-17 11:33:00,2,9,9,772,2285.3,United Kingdom
15416,0,True,2010-01-01,2010-12-31,2011-01-01,2011-06-30,2010-02-01 11:55:00,2010-08-18 09:48:00,3,36,36,330,588.5,United Kingdom
15418,1,False,2010-01-01,2010-12-31,2011-01-01,2011-06-30,2010-05-02 11:31:00,2010-10-10 13:38:00,2,68,64,264,449.42,United Kingdom
15420,1,False,2010-01-01,2010-12-31,2011-01-01,2011-06-30,2010-01-31 12:06:00,2010-10-01 15:46:00,4,40,38,564,513.38,United Kingdom
15421,0,True,2010-01-01,2010-12-31,2011-01-01,2011-06-30,2010-01-29 13:52:00,2010-11-19 13:21:00,5,250,159,1332,2613.93,United Kingdom
15422,0,True,2010-01-01,2010-12-31,2011-01-01,2011-06-30,2010-02-07 11:52:00,2010-11-25 17:00:00,5,114,79,672,1522.27,United Kingdom
15423,1,False,2010-01-01,2010-12-31,2011-01-01,2011-06-30,2010-03-28 13:42:00,2010-05-07 09:21:00,2,12,12,97,223.39,United Kingdom
15424,0,True,2010-01-01,2010-12-31,2011-01-01,2011-06-30,2010-09-02 17:17:00,2010-09-02 17:17:00,1,16,16,319,214.44,United Kingdom
15425,1,False,2010-01-01,2010-12-31,2011-01-01,2011-06-30,2010-02-14 12:36:00,2010-11-04 18:13:00,4,143,114,1041,1941.1200000000001,United Kingdom
15426,0,True,2010-01-01,2010-12-31,2011-01-01,2011-06-30,2010-05-02 15:10:00,2010-12-05 13:55:00,5,230,199,534,1134.85,United Kingdom
15428,1,False,2010-01-01,2010-12-31,2011-01-01,2011-06-30,2010-03-12 15:13:00,2010-11-17 13:46:00,2,27,25,167,484.53000000000003,United Kingdom
15430,1,False,2010-01-01,2010-12-31,2011-01-01,2011-06-30,2010-06-29 15:04:00,2010-08-29 10:42:00,2,36,36,309,954.75,United Kingdom
15431,1,False,2010-01-01,2010-12-31,2011-01-01,2011-06-30,2010-07-25 12:44:00,2010-07-25 12:44:00,1,2,2,84,153.24,United Kingdom
15432,1,False,2010-01-01,2010-12-31,2011-01-01,2011-06-30,2010-06-16 14:34:00,2010-06-16 14:34:00,1,6,6,27,149.57,United Kingdom
15434,0,True,2010-01-01,2010-12-31,2011-01-01,2011-06-30,2010-01-24 15:35:00,2010-11-30 15:46:00,6,79,60,776,1525.5800000000002,United Kingdom
15437,0,True,2010-01-01,2010-12-31,2011-01-01,2011-06-30,2010-03-09 10:45:00,2010-03-09 10:45:00,1,12,12,98,193.29000000000002,United Kingdom
15439,1,False,2010-01-01,2010-12-31,2011-01-01,2011-06-30,2010-02-24 12:05:00,2010-10-31 10:38:00,4,57,49,572,1269.05,United Kingdom
15441,1,False,2010-01-01,2010-12-31,2011-01-01,2011-06-30,2010-10-11 11:04:00,2010-11-08 15:50:00,2,44,36,448,952.64,United Kingdom
15443,0,True,2010-01-01,2010-12-31,2011-01-01,2011-06-30,2010-03-07 12:10:00,2010-08-22 12:45:00,7,253,212,1060,1900.64,United Kingdom
15445,0,True,2010-01-01,2010-12-31,2011-01-01,2011-06-30,2010-04-28 15:00:00,2010-04-28 15:00:00,1,9,9,60,171.0,United Kingdom
15446,1,False,2010-01-01,2010-12-31,2011-01-01,2011-06-30,2010-03-21 11:15:00,2010-11-28 11:59:00,2,77,69,156,276.32,United Kingdom
15447,0,True,2010-01-01,2010-12-31,2011-01-01,2011-06-30,2010-03-24 14:40:00,2010-06-30 13:06:00,4,20,20,143,337.71000000000004,United Kingdom
15448,0,True,2010-01-01,2010-12-31,2011-01-01,2011-06-30,2010-02-03 13:29:00,2010-02-03 13:29:00,1,21,21,255,294.17,United Kingdom
15451,1,False,2010-01-01,2010-12-31,2011-01-01,2011-06-30,2010-04-19 14:08:00,2010-10-01 13:40:00,2,60,56,76,226.86,United Kingdom
15452,0,True,2010-01-01,2010-12-31,2011-01-01,2011-06-30,2010-07-16 14:23:00,2010-11-14 15:14:00,3,143,126,807,1256.63,United Kingdom
15454,1,False,2010-01-01,2010-12-31,2011-01-01,2011-06-30,2010-03-31 13:15:00,2010-12-12 14:21:00,2,40,35,146,305.99,United Kingdom
15455,1,False,2010-01-01,2010-12-31,2011-01-01,2011-06-30,2010-04-21 12:43:00,2010-04-21 12:43:00,1,2,2,3,38.25,United Kingdom
15456,0,True,2010-01-01,2010-12-31,2011-01-01,2011-06-30,2010-01-13 13:22:00,2010-12-15 15:34:00,6,154,97,1886,1412.1,United Kingdom
15458,1,False,2010-01-01,2010-12-31,2011-01-01,2011-06-30,2010-11-02 19:50:00,2010-11-02 19:50:00,1,6,6,144,208.79999999999998,United Kingdom
15459,1,False,2010-01-01,2010-12-31,2011-01-01,2011-06-30,2010-07-30 14:31:00,2010-10-18 15:25:00,2,7,6,121,202.82999999999998,United Kingdom
15460,1,False,2010-01-01,2010-12-31,2011-01-01,2011-06-30,2010-12-20 16:08:00,2010-12-20 16:08:00,1,56,53,107,214.26,United Kingdom
15461,1,False,2010-01-01,2010-12-31,2011-01-01,2011-06-30,2010-03-18 12:40:00,2010-09-05 12:31:00,2,2,1,230,429.7,United Kingdom
15462,0,True,2010-01-01,2010-12-31,2011-01-01,2011-06-30,2010-09-20 10:23:00,2010-09-20 10:23:00,1,30,30,323,502.45,United Kingdom
15465,0,True,2010-01-01,2010-12-31,2011-01-01,2011-06-30,2010-01-08 14:16:00,2010-12-15 12:06:00,15,164,75,1420,5176.83,United Kingdom
15466,1,False,2010-01-01,2010-12-31,2011-01-01,2011-06-30,2010-04-12 14:48:00,2010-11-15 12:50:00,2,113,101,289,485.47,United Kingdom
15468,1,False,2010-01-01,2010-12-31,2011-01-01,2011-06-30,2010-11-12 09:39:00,2010-11-12 09:39:00,1,56,56,1245,962.97,United Kingdom
15469,1,False,2010-01-01,2010-12-31,2011-01-01,2011-06-30,2010-09-27 10:09:00,2010-09-27 10:09:00,1,19,19,134,335.7,United Kingdom
15470,1,False,2010-01-01,2010-12-31,2011-01-01,2011-06-30,2010-05-13 09:35:00,2010-05-13 09:35:00,1,4,4,232,63.419999999999995,United Kingdom
15471,1,False,2010-01-01,2010-12-31,2011-01-01,2011-06-30,2010-06-07 12:17:00,2010-11-24 14:39:00,2,82,67,414,837.53,United Kingdom
15473,1,False,2010-01-01,2010-12-31,2011-01-01,2011-06-30,2010-09-21 09:14:00,2010-09-21 09:14:00,1,3,3,104,274.8,United Kingdom
15474,1,False,2010-01-01,2010-12-31,2011-01-01,2011-06-30,2010-04-23 11:14:00,2010-04-23 11:14:00,1,19,19,55,150.35,United Kingdom
15476,1,False,2010-01-01,2010-12-31,2011-01-01,2011-06-30,2010-09-23 14:00:00,2010-11-24 15:17:00,4,79,67,1174,2209.98,United Kingdom
15477,1,False,2010-01-01,2010-12-31,2011-01-01,2011-06-30,2010-02-28 10:37:00,2010-02-28 10:37:00,1,2,2,216,368.4,United Kingdom
15478,1,False,2010-01-01,2010-12-31,2011-01-01,2011-06-30,2010-05-13 18:49:00,2010-05-13 18:49:00,1,25,24,319,583.56,United Kingdom
15480,1,False,2010-01-01,2010-12-31,2011-01-01,2011-06-30,2010-02-01 14:52:00,2010-08-31 11:04:00,4,170,162,1549,5373.5,Malta
15481,1,False,2010-01-01,2010-12-31,2011-01-01,2011-06-30,2010-11-03 14:52:00,2010-11-03 14:52:00,1,38,38,1450,1993.34,Norway
15482,0,True,2010-01-01,2010-12-31,2011-01-01,2011-06-30,2010-02-05 10:35:00,2010-12-16 10:10:00,7,51,36,1320,3760.96,United Kingdom
15483,0,True,2010-01-01,2010-12-31,2011-01-01,2011-06-30,2010-01-24 15:42:00,2010-11-19 13:24:00,6,185,149,614,592.56,United Kingdom
15484,1,False,2010-01-01,2010-12-31,2011-01-01,2011-06-30,2010-06-17 16:16:00,2010-06-17 16:16:00,1,20,20,313,372.19,United Kingdom
15485,0,True,2010-01-01,2010-12-31,2011-01-01,2011-06-30,2010-01-27 15:17:00,2010-12-01 13:23:00,3,52,33,989,2284.17,United Kingdom
15486,1,False,2010-01-01,2010-12-31,2011-01-01,2011-06-30,2010-06-30 13:15:00,2010-06-30 13:15:00,1,1,1,40,102.0,United Kingdom
15487,1,False,2010-01-01,2010-12-31,2011-01-01,2011-06-30,2010-01-29 12:07:00,2010-01-29 12:07:00,1,14,14,144,231.32,United Kingdom
15488,1,False,2010-01-01,2010-12-31,2011-01-01,2011-06-30,2010-05-05 13:03:00,2010-09-09 11:59:00,4,9,8,178,340.6,United Kingdom
15489,0,True,2010-01-01,2010-12-31,2011-01-01,2011-06-30,2010-01-15 16:58:00,2010-11-04 11:48:00,5,64,43,656,1285.3300000000002,United Kingdom
15490,1,False,2010-01-01,2010-12-31,2011-01-01,2011-06-30,2010-10-05 13:11:00,2010-10-05 13:11:00,1,25,22,82,210.85,United Kingdom
15493,0,True,2010-01-01,2010-12-31,2011-01-01,2011-06-30,2010-02-23 11:14:00,2010-11-15 12:43:00,4,323,201,655,2168.27,United Kingdom
15494,1,False,2010-01-01,2010-12-31,2011-01-01,2011-06-30,2010-07-07 13:55:00,2010-08-18 16:54:00,2,181,175,1199,1528.41,United Kingdom
15495,1,False,2010-01-01,2010-12-31,2011-01-01,2011-06-30,2010-11-25 13:46:00,2010-11-25 13:46:00,1,20,20,194,246.5,United Kingdom
15496,1,False,2010-01-01,2010-12-31,2011-01-01,2011-06-30,2010-03-18 13:16:00,2010-03-18 13:16:00,1,22,22,98,146.14000000000001,United Kingdom
15497,0,True,2010-01-01,2010-12-31,2011-01-01,2011-06-30,2010-01-13 10:21:00,2010-11-22 13:15:00,6,102,61,2249,7123.19,United Kingdom
15498,0,True,2010-01-01,2010-12-31,2011-01-01,2011-06-30,2010-02-21 13:18:00,2010-12-08 14:46:00,18,385,293,4889,9306.460000000001,United Kingdom
15501,1,False,2010-01-01,2010-12-31,2011-01-01,2011-06-30,2010-10-20 12:47:00,2010-10-31 11:15:00,2,69,64,205,399.95,United Kingdom
15502,0,True,2010-01-01,2010-12-31,2011-01-01,2011-06-30,2010-06-03 11:12:00,2010-12-06 14:55:00,5,145,114,1613,3548.34,United Kingdom
15503,1,False,2010-01-01,2010-12-31,2011-01-01,2011-06-30,2010-12-12 10:57:00,2010-12-12 10:57:00,1,66,66,70,141.04,United Kingdom
15504,1,False,2010-01-01,2010-12-31,2011-01-01,2011-06-30,2010-02-12 12:34:00,2010-07-07 12:02:00,3,51,33,108,349.87,United Kingdom
15506,1,False,2010-01-01,2010-12-31,2011-01-01,2011-06-30,2010-08-19 12:38:00,2010-11-23 12:48:00,3,112,82,795,1058.25,United Kingdom
15509,1,False,2010-01-01,2010-12-31,2011-01-01,2011-06-30,2010-11-24 14:48:00,2010-11-24 14:48:00,1,26,26,58,152.41,United Kingdom
15512,1,False,2010-01-01,2010-12-31,2011-01-01,2011-06-30,2010-02-01 13:23:00,2010-12-15 12:01:00,3,31,28,223,311.78,United Kingdom
15513,0,True,2010-01-01,2010-12-31,2011-01-01,2011-06-30,2010-01-13 14:59:00,2010-12-09 09:23:00,18,254,154,5122,12992.33,United Kingdom
15514,0,True,2010-01-01,2010-12-31,2011-01-01,2011-06-30,2010-02-24 17:23:00,2010-12-14 12:17:00,8,133,64,1444,2806.61,United Kingdom
15515,1,False,2010-01-01,2010-12-31,2011-01-01,2011-06-30,2010-11-17 13:39:00,2010-11-17 13:39:00,1,7,7,131,171.81,United Kingdom
15518,0,True,2010-01-01,2010-12-31,2011-01-01,2011-06-30,2010-01-26 12:55:00,2010-11-25 19:36:00,6,219,159,1376,2027.34,United Kingdom
15519,1,False,2010-01-01,2010-12-31,2011-01-01,2011-06-30,2010-09-19 13:57:00,2010-11-21 14:35:00,2,37,34,116,344.61,United Kingdom
15521,0,True,2010-01-01,2010-12-31,2011-01-01,2011-06-30,2010-01-05 10:19:00,2010-11-04 18:40:00,8,218,121,2671,4098.04,United Kingdom
15523,1,False,2010-01-01,2010-12-31,2011-01-01,2011-06-30,2010-02-24 12:42:00,2010-11-16 15:27:00,12,181,53,14839,15673.65,United Kingdom
15524,1,False,2010-01-01,2010-12-31,2011-01-01,2011-06-30,2010-04-12 09:19:00,2010-04-12 09:19:00,1,8,8,24,151.4,United Kingdom
15525,1,False,2010-01-01,2010-12-31,2011-01-01,2011-06-30,2010-11-22 12:10:00,2010-12-01 13:17:00,2,72,66,253,430.78,United Kingdom
15527,0,True,2010-01-01,2010-12-31,2011-01-01,2011-06-30,2010-01-10 12:25:00,2010-12-20 14:15:00,15,174,127,1144,3049.9,United Kingdom
15529,0,True,2010-01-01,2010-12-31,2011-01-01,2011-06-30,2010-11-10 14:26:00,2010-12-10 13:44:00,3,140,133,1012,1142.52,United Kingdom
15530,0,True,2010-01-01,2010-12-31,2011-01-01,2011-06-30,2010-07-15 11:10:00,2010-07-15 11:10:00,1,35,31,390,311.37,United Kingdom
15532,0,True,2010-01-01,2010-12-31,2011-01-01,2011-06-30,2010-06-08 14:52:00,2010-12-16 16:45:00,7,415,297,913,2527.92,United Kingdom
15535,0,True,2010-01-01,2010-12-31,2011-01-01,2011-06-30,2010-09-16 20:04:00,2010-10-31 14:09:00,2,58,50,179,541.47,United Kingdom
15536,1,False,2010-01-01,2010-12-31,2011-01-01,2011-06-30,2010-10-26 16:31:00,2010-10-26 16:31:00,1,16,16,242,259.09,United Kingdom
15538,1,False,2010-01-01,2010-12-31,2011-01-01,2011-06-30,2010-02-14 12:38:00,2010-06-20 10:49:00,6,14,3,1016,3358.3999999999996,United Kingdom
15540,1,False,2010-01-01,2010-12-31,2011-01-01,2011-06-30,2010-11-29 11:10:00,2010-11-29 11:10:00,1,16,16,244,247.38,United Kingdom
15542,1,False,2010-01-01,2010-12-31,2011-01-01,2011-06-30,2010-07-15 13:32:00,2010-07-15 13:32:00,1,99,98,215,345.93,United Kingdom
15543,0,True,2010-01-01,2010-12-31,2011-01-01,2011-06-30,2010-09-06 11:28:00,2010-09-06 11:28:00,1,28,28,81,114.4,United Kingdom
15544,0,True,2010-01-01,2010-12-31,2011-01-01,2011-06-30,2010-01-28 14:39:00,2010-12-02 12:47:00,12,298,125,3910,4615.72,United Kingdom
15545,1,False,2010-01-01,2010-12-31,2011-01-01,2011-06-30,2010-12-03 17:28:00,2010-12-03 17:28:00,1,31,31,75,135.32999999999998,United Kingdom
15546,1,False,2010-01-01,2010-12-31,2011-01-01,2011-06-30,2010-04-12 11:45:00,2010-04-12 11:51:00,2,12,6,198,1079.1000000000001,United Kingdom
15547,0,True,2010-01-01,2010-12-31,2011-01-01,2011-06-30,2010-01-21 11:11:00,2010-12-12 13:26:00,12,642,347,3503,5247.21,United Kingdom
15548,1,False,2010-01-01,2010-12-31,2011-01-01,2011-06-30,2010-04-23 12:20:00,2010-04-23 12:20:00,1,23,23,64,158.09,United Kingdom
15549,0,True,2010-01-01,2010-12-31,2011-01-01,2011-06-30,2010-01-11 13:16:00,2010-10-14 16:54:00,5,47,43,242,652.7,United Kingdom
15550,0,True,2010-01-01,2010-12-31,2011-01-01,2011-06-30,2010-01-12 15:27:00,2010-11-26 11:14:00,6,149,130,601,1249.27,United Kingdom
15551,1,False,2010-01-01,2010-12-31,2011-01-01,2011-06-30,2010-06-07 15:05:00,2010-11-10 14:04:00,6,114,95,578,1243.75,United Kingdom
15552,0,True,2010-01-01,2010-12-31,2011-01-01,2011-06-30,2010-03-26 16:17:00,2010-03-26 16:17:00,1,13,13,106,162.4,United Kingdom
15555,0,True,2010-01-01,2010-12-31,2011-01-01,2011-06-30,2010-02-01 15:10:00,2010-12-13 12:26:00,22,746,404,4361,6491.48,United Kingdom
15558,1,False,2010-01-01,2010-12-31,2011-01-01,2011-06-30,2010-03-10 15:25:00,2010-03-10 15:25:00,1,23,23,73,202.68,United Kingdom
15559,1,False,2010-01-01,2010-12-31,2011-01-01,2011-06-30,2010-05-20 14:06:00,2010-05-20 14:06:00,1,62,62,526,1109.4,United Kingdom
15560,1,False,2010-01-01,2010-12-31,2011-01-01,2011-06-30,2010-11-07 10:14:00,2010-11-07 10:15:00,2,10,10,72,153.52,United Kingdom
15561,0,True,2010-01-01,2010-12-31,2011-01-01,2011-06-30,2010-02-14 12:22:00,2010-11-21 10:40:00,4,65,44,1067,1133.8,United Kingdom
15562,1,False,2010-01-01,2010-12-31,2011-01-01,2011-06-30,2010-10-11 10:33:00,2010-12-23 09:55:00,2,6,6,67,312.87,United Kingdom
15563,0,True,2010-01-01,2010-12-31,2011-01-01,2011-06-30,2010-01-28 11:36:00,2010-12-16 11:27:00,4,166,128,1819,1729.21,United Kingdom
15564,1,False,2010-01-01,2010-12-31,2011-01-01,2011-06-30,2010-02-01 15:58:00,2010-09-02 15:52:00,2,4,4,42,70.74000000000001,United Kingdom
15566,1,False,2010-01-01,2010-12-31,2011-01-01,2011-06-30,2010-11-12 12:11:00,2010-11-12 12:11:00,1,7,7,43,89.65,United Kingdom
15569,0,True,2010-01-01,2010-12-31,2011-01-01,2011-06-30,2010-02-28 10:55:00,2010-11-14 10:46:00,5,109,102,1068,2207.74,United Kingdom
15570,0,True,2010-01-01,2010-12-31,2011-01-01,2011-06-30,2010-03-28 14:04:00,2010-12-17 16:53:00,16,521,330,2452,5635.61,United Kingdom
15571,1,False,2010-01-01,2010-12-31,2011-01-01,2011-06-30,2010-03-23 12:41:00,2010-11-18 14:25:00,9,527,400,2104,3123.66,United Kingdom
15572,0,True,2010-01-01,2010-12-31,2011-01-01,2011-06-30,2010-04-14 14:38:00,2010-11-24 13:16:00,3,131,113,876,1431.78,United Kingdom
15573,1,False,2010-01-01,2010-12-31,2011-01-01,2011-06-30,2010-02-25 11:41:00,2010-03-31 13:40:00,2,65,62,259,319.15,United Kingdom
15574,0,True,2010-01-01,2010-12-31,2011-01-01,2011-06-30,2010-09-01 14:37:00,2010-12-16 12:48:00,5,221,186,704,989.34,United Kingdom
15575,1,False,2010-01-01,2010-12-31,2011-01-01,2011-06-30,2010-03-30 12:50:00,2010-03-30 12:50:00,1,3,3,6,30.1,United Kingdom
15579,0,True,2010-01-01,2010-12-31,2011-01-01,2011-06-30,2010-10-03 14:37:00,2010-11-21 15:38:00,3,113,106,596,923.03,United Kingdom
15580,1,False,2010-01-01,2010-12-31,2011-01-01,2011-06-30,2010-02-07 11:21:00,2010-11-28 11:00:00,8,225,150,955,1375.39,United Kingdom
15581,0,True,2010-01-01,2010-12-31,2011-01-01,2011-06-30,2010-01-04 14:27:00,2010-12-21 09:48:00,20,416,347,2226,3368.05,United Kingdom
15583,1,False,2010-01-01,2010-12-31,2011-01-01,2011-06-30,2010-11-28 15:04:00,2010-11-28 15:04:00,1,39,37,56,95.96,United Kingdom
15584,0,True,2010-01-01,2010-12-31,2011-01-01,2011-06-30,2010-02-07 12:16:00,2010-11-05 11:34:00,2,98,93,170,547.34,United Kingdom
15586,1,False,2010-01-01,2010-12-31,2011-01-01,2011-06-30,2010-01-08 10:02:00,2010-04-26 11:00:00,3,38,30,1338,1139.1,United Kingdom
15587,1,False,2010-01-01,2010-12-31,2011-01-01,2011-06-30,2010-08-05 08:44:00,2010-12-23 09:59:00,4,8,3,336,953.28,United Kingdom
15588,1,False,2010-01-01,2010-12-31,2011-01-01,2011-06-30,2010-01-31 12:19:00,2010-01-31 12:19:00,1,4,4,96,579.6,United Kingdom
15590,1,False,2010-01-01,2010-12-31,2011-01-01,2011-06-30,2010-04-12 10:09:00,2010-11-22 14:49:00,5,87,75,832,1496.6,United Kingdom
15591,1,False,2010-01-01,2010-12-31,2011-01-01,2011-06-30,2010-02-04 09:20:00,2010-05-06 09:23:00,3,7,6,58,217.9,United Kingdom
15595,1,False,2010-01-01,2010-12-31,2011-01-01,2011-06-30,2010-08-09 12:27:00,2010-08-09 12:27:00,1,4,4,144,357.6,United Kingdom
15596,0,True,2010-01-01,2010-12-31,2011-01-01,2011-06-30,2010-07-28 11:46:00,2010-12-09 16:10:00,5,99,65,815,1723.45,United Kingdom
15597,1,False,2010-01-01,2010-12-31,2011-01-01,2011-06-30,2010-05-13 13:10:00,2010-05-13 13:10:00,1,15,15,114,238.8,United Kingdom
15598,1,False,2010-01-01,2010-12-31,2011-01-01,2011-06-30,2010-10-08 09:20:00,2010-10-08 09:20:00,1,22,22,244,307.34,United Kingdom
15599,0,True,2010-01-01,2010-12-31,2011-01-01,2011-06-30,2010-09-20 10:15:00,2010-09-20 10:15:00,1,31,31,380,488.32,United Kingdom
15600,1,False,2010-01-01,2010-12-31,2011-01-01,2011-06-30,2010-04-25 11:50:00,2010-10-07 14:30:00,4,71,55,657,1199.31,United Kingdom
15601,0,True,2010-01-01,2010-12-31,2011-01-01,2011-06-30,2010-01-10 13:51:00,2010-12-16 14:27:00,15,412,136,5352,7161.16,United Kingdom
15602,0,True,2010-01-01,2010-12-31,2011-01-01,2011-06-30,2010-01-28 13:53:00,2010-12-14 11:10:00,8,66,37,994,1731.3400000000001,United Kingdom
15603,1,False,2010-01-01,2010-12-31,2011-01-01,2011-06-30,2010-03-01 16:02:00,2010-03-01 16:02:00,1,2,2,32,40.0,United Kingdom
15605,0,True,2010-01-01,2010-12-31,2011-01-01,2011-06-30,2010-01-14 14:03:00,2010-12-01 13:38:00,5,44,37,271,738.57,United Kingdom
15606,0,True,2010-01-01,2010-12-31,2011-01-01,2011-06-30,2010-03-02 14:48:00,2010-11-14 15:27:00,8,68,47,723,2310.83,United Kingdom
15607,0,True,2010-01-01,2010-12-31,2011-01-01,2011-06-30,2010-01-08 12:16:00,2010-06-14 11:55:00,8,96,83,1268,1604.21,United Kingdom
15608,1,False,2010-01-01,2010-12-31,2011-01-01,2011-06-30,2010-10-20 10:10:00,2010-10-20 10:10:00,1,45,45,548,692.3,United Kingdom
15611,0,True,2010-01-01,2010-12-31,2011-01-01,2011-06-30,2010-01-25 14:50:00,2010-11-21 11:35:00,13,51,24,243,1405.83,United Kingdom
15613,1,False,2010-01-01,2010-12-31,2011-01-01,2011-06-30,2010-04-08 12:51:00,2010-04-08 12:51:00,1,27,27,700,433.71999999999997,United Kingdom
15614,1,False,2010-01-01,2010-12-31,2011-01-01,2011-06-30,2010-03-23 11:13:00,2010-09-28 10:46:00,4,81,73,1632,3147.36,United Kingdom
15615,0,True,2010-01-01,2010-12-31,2011-01-01,2011-06-30,2010-01-28 17:09:00,2010-12-15 16:26:00,24,458,190,6299,10818.92,United Kingdom
15616,1,False,2010-01-01,2010-12-31,2011-01-01,2011-06-30,2010-09-27 13:10:00,2010-09-27 13:10:00,1,13,13,137,317.11,United Kingdom
15617,1,False,2010-01-01,2010-12-31,2011-01-01,2011-06-30,2010-07-20 13:16:00,2010-11-08 16:07:00,3,42,41,485,828.5500000000001,United Kingdom
15620,0,True,2010-01-01,2010-12-31,2011-01-01,2011-06-30,2010-10-26 11:32:00,2010-12-16 14:34:00,2,60,59,729,813.67,United Kingdom
15622,0,True,2010-01-01,2010-12-31,2011-01-01,2011-06-30,2010-03-04 10:29:00,2010-10-08 14:35:00,8,241,197,2417,4143.05,United Kingdom
15623,1,False,2010-01-01,2010-12-31,2011-01-01,2011-06-30,2010-01-19 10:41:00,2010-11-11 10:19:00,6,79,69,780,1828.82,United Kingdom
15625,0,True,2010-01-01,2010-12-31,2011-01-01,2011-06-30,2010-06-15 15:23:00,2010-11-28 12:23:00,5,107,78,1832,1702.1399999999999,United Kingdom
15626,0,True,2010-01-01,2010-12-31,2011-01-01,2011-06-30,2010-10-14 17:16:00,2010-10-14 17:16:00,1,31,31,372,391.72,United Kingdom
15627,1,False,2010-01-01,2010-12-31,2011-01-01,2011-06-30,2010-07-05 11:56:00,2010-09-08 14:14:00,2,24,23,344,566.9,United Kingdom
15628,0,True,2010-01-01,2010-12-31,2011-01-01,2011-06-30,2010-02-11 09:59:00,2010-12-08 09:51:00,8,145,83,1679,2495.7400000000002,United Kingdom
15629,1,False,2010-01-01,2010-12-31,2011-01-01,2011-06-30,2010-06-25 11:39:00,2010-09-15 13:46:00,4,77,39,1518,2240.9,United Kingdom
15630,0,True,2010-01-01,2010-12-31,2011-01-01,2011-06-30,2010-03-05 14:30:00,2010-03-05 14:30:00,1,20,20,187,295.05,United Kingdom
15631,1,False,2010-01-01,2010-12-31,2011-01-01,2011-06-30,2010-03-07 14:52:00,2010-03-07 14:52:00,1,39,39,525,596.67,United Kingdom
15633,1,False,2010-01-01,2010-12-31,2011-01-01,2011-06-30,2010-01-15 16:53:00,2010-07-18 13:54:00,12,169,75,1961,4144.07,United Kingdom
15634,1,False,2010-01-01,2010-12-31,2011-01-01,2011-06-30,2010-11-21 15:30:00,2010-11-21 15:30:00,1,19,19,128,311.1,United Kingdom
15635,1,False,2010-01-01,2010-12-31,2011-01-01,2011-06-30,2010-11-09 08:58:00,2010-11-09 08:58:00,1,2,2,5,100.35,United Kingdom
15636,0,True,2010-01-01,2010-12-31,2011-01-01,2011-06-30,2010-05-19 11:37:00,2010-09-28 15:10:00,2,32,27,276,719.82,United Kingdom
15637,1,False,2010-01-01,2010-12-31,2011-01-01,2011-06-30,2010-03-09 10:02:00,2010-10-22 08:24:00,3,17,16,123,285.35,United Kingdom
15638,1,False,2010-01-01,2010-12-31,2011-01-01,2011-06-30,2010-04-08 14:37:00,2010-11-26 11:52:00,6,25,20,1134,2265.2,United Kingdom
15639,1,False,2010-01-01,2010-12-31,2011-01-01,2011-06-30,2010-04-13 13:11:00,2010-09-14 09:05:00,2,44,40,526,639.76,United Kingdom
15640,0,True,2010-01-01,2010-12-31,2011-01-01,2011-06-30,2010-01-08 16:42:00,2010-12-19 15:44:00,16,349,176,6416,12333.74,United Kingdom
15641,0,True,2010-01-01,2010-12-31,2011-01-01,2011-06-30,2010-01-24 10:50:00,2010-12-15 14:45:00,7,163,137,2045,2677.11,United Kingdom
15645,1,False,2010-01-01,2010-12-31,2011-01-01,2011-06-30,2010-10-10 12:51:00,2010-10-21 18:36:00,2,16,16,140,443.16,United Kingdom
15646,0,True,2010-01-01,2010-12-31,2011-01-01,2011-06-30,2010-10-25 13:06:00,2010-12-02 16:59:00,3,50,50,657,526.97,United Kingdom
15647,1,False,2010-01-01,2010-12-31,2011-01-01,2011-06-30,2010-10-20 15:09:00,2010-10-20 15:09:00,1,11,11,124,169.0,United Kingdom
15649,0,True,2010-01-01,2010-12-31,2011-01-01,2011-06-30,2010-11-17 16:22:00,2010-12-07 10:06:00,3,10,8,293,1354.35,United Kingdom
15650,1,False,2010-01-01,2010-12-31,2011-01-01,2011-06-30,2010-03-21 11:46:00,2010-07-06 10:41:00,2,36,33,210,553.88,United Kingdom
15651,0,True,2010-01-01,2010-12-31,2011-01-01,2011-06-30,2010-04-22 13:26:00,2010-10-15 13:42:00,2,28,28,392,612.76,United Kingdom
15652,1,False,2010-01-01,2010-12-31,2011-01-01,2011-06-30,2010-08-11 16:58:00,2010-11-17 15:14:00,4,81,76,449,1068.2,United Kingdom
15658,0,True,2010-01-01,2010-12-31,2011-01-01,2011-06-30,2010-07-28 12:34:00,2010-12-02 10:53:00,3,51,44,356,1077.72,United Kingdom
15659,1,False,2010-01-01,2010-12-31,2011-01-01,2011-06-30,2010-02-24 13:32:00,2010-11-18 10:51:00,2,10,8,50,226.04,United Kingdom
15660,0,True,2010-01-01,2010-12-31,2011-01-01,2011-06-30,2010-02-05 16:01:00,2010-12-09 09:49:00,7,71,44,843,1212.13,United Kingdom
15661,0,True,2010-01-01,2010-12-31,2011-01-01,2011-06-30,2010-05-10 07:59:00,2010-11-25 08:21:00,6,39,26,543,906.15,United Kingdom
15662,1,False,2010-01-01,2010-12-31,2011-01-01,2011-06-30,2010-02-16 16:47:00,2010-02-16 16:47:00,1,8,8,78,177.88000000000002,United Kingdom
15664,1,False,2010-01-01,2010-12-31,2011-01-01,2011-06-30,2010-02-28 12:50:00,2010-09-16 18:09:00,3,53,46,373,867.6,United Kingdom
15665,0,True,2010-01-01,2010-12-31,2011-01-01,2011-06-30,2010-03-14 15:07:00,2010-10-24 14:08:00,3,171,122,1123,1764.86,United Kingdom
15666,1,False,2010-01-01,2010-12-31,2011-01-01,2011-06-30,2010-08-01 15:41:00,2010-08-24 16:14:00,2,67,62,469,632.9399999999999,United Kingdom
15670,0,True,2010-01-01,2010-12-31,2011-01-01,2011-06-30,2010-06-01 15:34:00,2010-06-01 15:34:00,1,7,7,41,152.15,United Kingdom
15673,0,True,2010-01-01,2010-12-31,2011-01-01,2011-06-30,2010-02-22 14:28:00,2010-09-14 11:08:00,5,130,95,1823,3478.09,United Kingdom
15674,0,True,2010-01-01,2010-12-31,2011-01-01,2011-06-30,2010-02-25 12:18:00,2010-10-18 12:46:00,7,215,182,2091,4039.17,United Kingdom
15675,0,True,2010-01-01,2010-12-31,2011-01-01,2011-06-30,2010-10-31 14:14:00,2010-10-31 14:14:00,1,14,14,97,218.35,United Kingdom
15677,1,False,2010-01-01,2010-12-31,2011-01-01,2011-06-30,2010-09-02 12:08:00,2010-10-14 15:19:00,2,39,32,356,648.4,United Kingdom
15678,1,False,2010-01-01,2010-12-31,2011-01-01,2011-06-30,2010-07-05 12:49:00,2010-11-09 14:38:00,2,80,67,838,1473.24,United Kingdom
15680,1,False,2010-01-01,2010-12-31,2011-01-01,2011-06-30,2010-01-24 15:14:00,2010-12-08 14:43:00,7,169,118,1854,2862.4,United Kingdom
15681,0,True,2010-01-01,2010-12-31,2011-01-01,2011-06-30,2010-05-24 14:18:00,2010-11-25 15:07:00,9,35,23,576,1563.54,United Kingdom
15682,1,False,2010-01-01,2010-12-31,2011-01-01,2011-06-30,2010-01-21 14:37:00,2010-04-19 15:30:00,2,25,25,222,318.24,United Kingdom
15683,1,False,2010-01-01,2010-12-31,2011-01-01,2011-06-30,2010-08-23 12:01:00,2010-08-23 12:01:00,1,16,16,201,330.79,United Kingdom
15684,1,False,2010-01-01,2010-12-31,2011-01-01,2011-06-30,2010-01-07 11:21:00,2010-06-10 18:51:00,2,3,2,9,64.55,United Kingdom
15685,1,False,2010-01-01,2010-12-31,2011-01-01,2011-06-30,2010-09-15 13:43:00,2010-09-15 13:43:00,1,17,17,36,55.980000000000004,United Kingdom
15686,1,False,2010-01-01,2010-12-31,2011-01-01,2011-06-30,2010-10-15 13:50:00,2010-10-15 13:50:00,1,1,1,72,90.0,United Kingdom
15688,1,False,2010-01-01,2010-12-31,2011-01-01,2011-06-30,2010-10-17 12:06:00,2010-10-17 12:06:00,1,27,26,95,190.57,United Kingdom
15689,1,False,2010-01-01,2010-12-31,2011-01-01,2011-06-30,2010-04-01 09:53:00,2010-12-13 09:57:00,2,21,19,179,370.43,United Kingdom
15691,0,True,2010-01-01,2010-12-31,2011-01-01,2011-06-30,2010-04-29 11:53:00,2010-11-10 12:26:00,2,7,5,84,272.7,United Kingdom
15693,1,False,2010-01-01,2010-12-31,2011-01-01,2011-06-30,2010-02-18 14:37:00,2010-02-18 14:37:00,1,1,1,30,37.5,United Kingdom
15694,0,True,2010-01-01,2010-12-31,2011-01-01,2011-06-30,2010-04-23 14:03:00,2010-12-14 09:39:00,12,73,42,897,3988.54,United Kingdom
15695,0,True,2010-01-01,2010-12-31,2011-01-01,2011-06-30,2010-01-27 10:56:00,2010-04-21 10:36:00,2,37,35,272,721.06,United Kingdom
15696,0,True,2010-01-01,2010-12-31,2011-01-01,2011-06-30,2010-01-24 14:36:00,2010-10-12 10:24:00,5,53,36,371,1170.1100000000001,United Kingdom
15697,1,False,2010-01-01,2010-12-31,2011-01-01,2011-06-30,2010-01-19 09:10:00,2010-01-19 09:10:00,1,14,14,127,246.75,United Kingdom
15698,1,False,2010-01-01,2010-12-31,2011-01-01,2011-06-30,2010-03-25 17:38:00,2010-03-25 17:38:00,1,2,2,60,46.2,United Kingdom
15702,1,False,2010-01-01,2010-12-31,2011-01-01,2011-06-30,2010-01-26 17:23:00,2010-08-20 14:50:00,2,30,30,103,140.39000000000001,Nigeria
15704,0,True,2010-01-01,2010-12-31,2011-01-01,2011-06-30,2010-05-05 14:51:00,2010-07-25 15:00:00,2,87,75,681,1441.04,United Kingdom
15708,0,True,2010-01-01,2010-12-31,2011-01-01,2011-06-30,2010-10-10 11:33:00,2010-12-05 11:12:00,3,101,57,369,969.19,United Kingdom
15709,0,True,2010-01-01,2010-12-31,2011-01-01,2011-06-30,2010-04-29 18:31:00,2010-04-29 18:31:00,1,21,20,48,194.6,United Kingdom
15710,1,False,2010-01-01,2010-12-31,2011-01-01,2011-06-30,2010-10-18 17:05:00,2010-10-18 17:05:00,1,110,110,641,898.87,United Kingdom
15711,1,False,2010-01-01,2010-12-31,2011-01-01,2011-06-30,2010-01-24 12:13:00,2010-06-01 12:14:00,2,25,25,199,420.25,United Kingdom
15712,0,True,2010-01-01,2010-12-31,2011-01-01,2011-06-30,2010-01-06 13:08:00,2010-11-25 18:04:00,6,103,66,727,2144.55,United Kingdom
15713,1,False,2010-01-01,2010-12-31,2011-01-01,2011-06-30,2010-03-30 10:26:00,2010-12-08 15:16:00,2,24,22,151,410.23,United Kingdom
15714,1,False,2010-01-01,2010-12-31,2011-01-01,2011-06-30,2010-06-02 12:08:00,2010-09-12 14:22:00,3,14,14,175,453.93,United Kingdom
15715,1,False,2010-01-01,2010-12-31,2011-01-01,2011-06-30,2010-03-30 12:17:00,2010-06-02 09:56:00,5,38,33,246,658.02,United Kingdom
15716,0,True,2010-01-01,2010-12-31,2011-01-01,2011-06-30,2010-03-23 12:11:00,2010-12-05 12:26:00,7,176,127,1002,1699.38,United Kingdom
15717,0,True,2010-01-01,2010-12-31,2011-01-01,2011-06-30,2010-04-26 10:41:00,2010-10-14 18:02:00,4,17,13,154,456.70000000000005,United Kingdom
15718,1,False,2010-01-01,2010-12-31,2011-01-01,2011-06-30,2010-06-17 16:20:00,2010-06-17 16:20:00,1,18,18,95,293.79,United Kingdom
15719,0,True,2010-01-01,2010-12-31,2011-01-01,2011-06-30,2010-01-25 12:33:00,2010-11-23 13:07:00,16,749,254,2325,4494.2300000000005,United Kingdom
15720,1,False,2010-01-01,2010-12-31,2011-01-01,2011-06-30,2010-06-07 15:40:00,2010-06-07 15:40:00,1,25,25,46,140.49,United Kingdom
15722,0,True,2010-01-01,2010-12-31,2011-01-01,2011-06-30,2010-03-09 15:05:00,2010-09-20 16:48:00,6,111,74,1256,3022.79,United Kingdom
15723,1,False,2010-01-01,2010-12-31,2011-01-01,2011-06-30,2010-05-14 12:55:00,2010-12-10 11:12:00,4,123,108,427,930.7,United Kingdom
15724,0,True,2010-01-01,2010-12-31,2011-01-01,2011-06-30,2010-11-04 10:22:00,2010-11-04 10:22:00,1,6,6,44,92.6,United Kingdom
15726,1,False,2010-01-01,2010-12-31,2011-01-01,2011-06-30,2010-11-14 16:12:00,2010-11-14 16:12:00,1,23,23,123,321.91,United Kingdom
15727,0,True,2010-01-01,2010-12-31,2011-01-01,2011-06-30,2010-01-24 12:12:00,2010-12-15 15:47:00,9,450,314,3380,5729.6,United Kingdom
15728,1,False,2010-01-01,2010-12-31,2011-01-01,2011-06-30,2010-09-21 14:46:00,2010-11-25 10:39:00,2,12,10,132,544.6,United Kingdom
15729,0,True,2010-01-01,2010-12-31,2011-01-01,2011-06-30,2010-11-01 13:44:00,2010-11-04 16:07:00,2,6,5,19,107.55000000000001,United Kingdom
15730,0,True,2010-01-01,2010-12-31,2011-01-01,2011-06-30,2010-10-04 14:15:00,2010-11-23 10:41:00,2,41,40,372,605.7,United Kingdom
15731,1,False,2010-01-01,2010-12-31,2011-01-01,2011-06-30,2010-06-04 10:10:00,2010-06-04 10:10:00,1,8,8,122,125.3,United Kingdom
15732,0,True,2010-01-01,2010-12-31,2011-01-01,2011-06-30,2010-02-04 10:10:00,2010-12-02 15:00:00,9,90,53,1146,1387.95,United Kingdom
15734,0,True,2010-01-01,2010-12-31,2011-01-01,2011-06-30,2010-06-10 14:25:00,2010-09-29 11:40:00,2,17,14,170,923.85,United Kingdom
15735,1,False,2010-01-01,2010-12-31,2011-01-01,2011-06-30,2010-10-14 13:38:00,2010-10-14 13:38:00,1,19,19,206,327.68,United Kingdom
15736,1,False,2010-01-01,2010-12-31,2011-01-01,2011-06-30,2010-09-30 14:19:00,2010-09-30 14:20:00,2,100,95,1208,1767.12,United Kingdom
15738,0,True,2010-01-01,2010-12-31,2011-01-01,2011-06-30,2010-01-11 09:53:00,2010-12-02 12:50:00,25,309,64,5928,8278.52,United Kingdom
15741,1,False,2010-01-01,2010-12-31,2011-01-01,2011-06-30,2010-03-31 11:55:00,2010-09-07 16:21:00,2,12,11,70,208.62,United Kingdom
15742,1,False,2010-01-01,2010-12-31,2011-01-01,2011-06-30,2010-03-30 15:25:00,2010-03-30 15:25:00,1,41,41,51,156.87,United Kingdom
15747,0,True,2010-01-01,2010-12-31,2011-01-01,2011-06-30,2010-01-18 11:21:00,2010-11-29 10:50:00,6,126,78,878,1553.17,United Kingdom
15748,1,False,2010-01-01,2010-12-31,2011-01-01,2011-06-30,2010-09-16 16:52:00,2010-09-16 16:55:00,2,16,16,211,465.45000000000005,United Kingdom
15750,0,True,2010-01-01,2010-12-31,2011-01-01,2011-06-30,2010-05-26 10:41:00,2010-12-08 12:11:00,10,282,214,2538,3830.271,United Kingdom
15751,1,False,2010-01-01,2010-12-31,2011-01-01,2011-06-30,2010-01-31 12:35:00,2010-09-05 12:44:00,7,84,59,281,807.15,United Kingdom
15752,0,True,2010-01-01,2010-12-31,2011-01-01,2011-06-30,2010-09-08 11:56:00,2010-12-02 09:43:00,3,195,174,985,1557.96,United Kingdom
15754,0,True,2010-01-01,2010-12-31,2011-01-01,2011-06-30,2010-02-22 13:31:00,2010-08-03 09:15:00,6,103,90,1563,2579.04,United Kingdom
15755,0,True,2010-01-01,2010-12-31,2011-01-01,2011-06-30,2010-01-13 13:55:00,2010-11-25 14:25:00,10,212,172,2449,3320.12,United Kingdom
15757,0,True,2010-01-01,2010-12-31,2011-01-01,2011-06-30,2010-06-10 13:47:00,2010-11-18 10:45:00,4,148,127,1266,2225.94,United Kingdom
15759,0,True,2010-01-01,2010-12-31,2011-01-01,2011-06-30,2010-05-14 12:44:00,2010-12-16 15:29:00,4,10,6,192,549.4000000000001,United Kingdom
15760,1,False,2010-01-01,2010-12-31,2011-01-01,2011-06-30,2010-03-19 11:35:00,2010-03-19 11:45:00,2,2,1,2,13916.34,Norway
15761,1,False,2010-01-01,2010-12-31,2011-01-01,2011-06-30,2010-09-23 09:33:00,2010-09-23 09:33:00,1,5,5,31,143.05,United Kingdom
15764,0,True,2010-01-01,2010-12-31,2011-01-01,2011-06-30,2010-08-18 13:58:00,2010-10-01 14:07:00,2,69,69,895,1223.1100000000001,United Kingdom
15765,1,False,2010-01-01,2010-12-31,2011-01-01,2011-06-30,2010-02-11 10:25:00,2010-02-11 10:25:00,1,25,25,335,370.63,United Kingdom
15766,1,False,2010-01-01,2010-12-31,2011-01-01,2011-06-30,2010-01-26 15:55:00,2010-09-09 13:51:00,2,15,15,164,516.0,United Kingdom
15768,0,True,2010-01-01,2010-12-31,2011-01-01,2011-06-30,2010-01-05 14:32:00,2010-08-20 15:58:00,26,959,312,3190,12650.07,United Kingdom
15769,0,True,2010-01-01,2010-12-31,2011-01-01,2011-06-30,2010-01-11 09:55:00,2010-12-03 15:16:00,20,87,11,18232,30471.6,United Kingdom
15770,1,False,2010-01-01,2010-12-31,2011-01-01,2011-06-30,2010-04-06 11:47:00,2010-04-06 11:47:00,1,18,18,67,321.45,United Kingdom
15771,1,False,2010-01-01,2010-12-31,2011-01-01,2011-06-30,2010-01-15 12:14:00,2010-04-14 13:56:00,3,28,26,512,1006.54,United Kingdom
15772,1,False,2010-01-01,2010-12-31,2011-01-01,2011-06-30,2010-10-17 13:33:00,2010-10-17 13:33:00,1,16,16,110,280.88,United Kingdom
15773,1,False,2010-01-01,2010-12-31,2011-01-01,2011-06-30,2010-10-26 15:27:00,2010-10-26 15:27:00,1,37,37,99,138.84,United Kingdom
15774,1,False,2010-01-01,2010-12-31,2011-01-01,2011-06-30,2010-02-21 12:57:00,2010-10-17 12:59:00,5,85,69,378,1017.54,United Kingdom
15775,0,True,2010-01-01,2010-12-31,2011-01-01,2011-06-30,2010-03-18 07:32:00,2010-03-18 07:32:00,1,2,2,192,45.6,United Kingdom
15777,0,True,2010-01-01,2010-12-31,2011-01-01,2011-06-30,2010-05-20 10:37:00,2010-12-13 16:38:00,4,23,17,334,1081.05,United Kingdom
15778,1,False,2010-01-01,2010-12-31,2011-01-01,2011-06-30,2010-10-04 15:10:00,2010-10-04 15:10:00,1,17,17,101,307.95,United Kingdom
15779,1,False,2010-01-01,2010-12-31,2011-01-01,2011-06-30,2010-06-25 15:55:00,2010-09-02 16:40:00,2,8,8,20,124.08000000000001,United Kingdom
15780,0,True,2010-01-01,2010-12-31,2011-01-01,2011-06-30,2010-12-17 11:43:00,2010-12-17 11:43:00,1,12,12,65,177.15,United Kingdom
15782,1,False,2010-01-01,2010-12-31,2011-01-01,2011-06-30,2010-10-05 15:43:00,2010-10-05 15:43:00,1,18,18,980,1399.36,United Kingdom
15784,1,False,2010-01-01,2010-12-31,2011-01-01,2011-06-30,2010-02-05 14:42:00,2010-08-29 10:38:00,2,43,33,381,848.3299999999999,United Kingdom
15785,0,True,2010-01-01,2010-12-31,2011-01-01,2011-06-30,2010-01-29 12:32:00,2010-11-25 16:55:00,10,129,76,2639,3318.04,United Kingdom
15786,1,False,2010-01-01,2010-12-31,2011-01-01,2011-06-30,2010-06-21 10:13:00,2010-10-18 08:11:00,2,199,166,2617,3582.62,United Kingdom
15788,1,False,2010-01-01,2010-12-31,2011-01-01,2011-06-30,2010-07-19 12:48:00,2010-07-19 12:48:00,1,14,14,115,221.82999999999998,United Kingdom
15789,1,False,2010-01-01,2010-12-31,2011-01-01,2011-06-30,2010-03-26 11:21:00,2010-12-16 14:35:00,6,138,110,2499,1962.01,United Kingdom
15791,0,True,2010-01-01,2010-12-31,2011-01-01,2011-06-30,2010-03-08 09:41:00,2010-06-28 12:04:00,3,92,73,1239,1995.65,United Kingdom
15792,1,False,2010-01-01,2010-12-31,2011-01-01,2011-06-30,2010-03-31 09:42:00,2010-11-05 08:21:00,2,57,57,606,933.84,United Kingdom
15793,0,True,2010-01-01,2010-12-31,2011-01-01,2011-06-30,2010-03-23 08:40:00,2010-11-26 10:36:00,4,14,7,978,1142.38,United Kingdom
15795,1,False,2010-01-01,2010-12-31,2011-01-01,2011-06-30,2010-01-18 11:31:00,2010-10-05 15:17:00,7,89,74,830,1369.8600000000001,United Kingdom
15796,0,True,2010-01-01,2010-12-31,2011-01-01,2011-06-30,2010-03-31 13:10:00,2010-11-30 10:40:00,9,161,107,873,2463.02,United Kingdom
15797,0,True,2010-01-01,2010-12-31,2011-01-01,2011-06-30,2010-01-27 13:12:00,2010-05-07 15:09:00,2,4,4,408,613.6800000000001,United Kingdom
15798,1,False,2010-01-01,2010-12-31,2011-01-01,2011-06-30,2010-01-27 11:55:00,2010-08-04 09:13:00,3,83,73,915,1535.37,United Kingdom
15799,0,True,2010-01-01,2010-12-31,2011-01-01,2011-06-30,2010-10-17 14:26:00,2010-10-17 14:26:00,1,56,54,386,537.1999999999999,United Kingdom
15800,0,True,2010-01-01,2010-12-31,2011-01-01,2011-06-30,2010-03-31 13:17:00,2010-09-12 16:17:00,5,115,97,243,530.18,United Kingdom
15803,1,False,2010-01-01,2010-12-31,2011-01-01,2011-06-30,2010-02-01 16:29:00,2010-09-20 13:08:00,3,43,42,740,1513.84,United Kingdom
15805,0,True,2010-01-01,2010-12-31,2011-01-01,2011-06-30,2010-01-26 11:39:00,2010-12-10 09:33:00,13,228,170,2868,4373.05,United Kingdom
15807,1,False,2010-01-01,2010-12-31,2011-01-01,2011-06-30,2010-02-11 15:32:00,2010-10-27 13:04:00,2,40,40,1102,913.62,United Kingdom
15808,0,True,2010-01-01,2010-12-31,2011-01-01,2011-06-30,2010-01-07 16:57:00,2010-12-13 15:37:00,17,611,306,5571,13835.11,United Kingdom
15809,0,True,2010-01-01,2010-12-31,2011-01-01,2011-06-30,2010-06-22 14:23:00,2010-09-06 13:20:00,2,23,22,399,758.67,United Kingdom
15810,0,True,2010-01-01,2010-12-31,2011-01-01,2011-06-30,2010-02-04 18:18:00,2010-11-18 10:44:00,4,77,48,792,1607.06,United Kingdom
15811,0,True,2010-01-01,2010-12-31,2011-01-01,2011-06-30,2010-11-16 16:46:00,2010-12-17 14:24:00,3,163,126,838,1706.33,United Kingdom
15812,0,True,2010-01-01,2010-12-31,2011-01-01,2011-06-30,2010-01-20 12:33:00,2010-09-30 13:30:00,6,53,31,2352,3109.61,United Kingdom
15814,1,False,2010-01-01,2010-12-31,2011-01-01,2011-06-30,2010-04-15 14:31:00,2010-11-11 17:55:00,2,26,23,457,689.11,United Kingdom
15816,1,False,2010-01-01,2010-12-31,2011-01-01,2011-06-30,2010-06-15 12:54:00,2010-06-15 13:36:00,2,11,11,54,144.14999999999998,United Kingdom
15817,1,False,2010-01-01,2010-12-31,2011-01-01,2011-06-30,2010-06-14 13:31:00,2010-10-15 11:07:00,3,152,133,1596,2766.4,United Kingdom
15818,1,False,2010-01-01,2010-12-31,2011-01-01,2011-06-30,2010-04-30 12:58:00,2010-04-30 12:58:00,1,11,11,284,340.5,United Kingdom
15819,0,True,2010-01-01,2010-12-31,2011-01-01,2011-06-30,2010-03-18 11:08:00,2010-10-04 15:14:00,6,137,110,1571,2029.34,United Kingdom
15822,1,False,2010-01-01,2010-12-31,2011-01-01,2011-06-30,2010-05-05 11:27:00,2010-12-15 13:38:00,4,32,25,445,920.47,United Kingdom
15823,1,False,2010-01-01,2010-12-31,2011-01-01,2011-06-30,2010-12-02 15:08:00,2010-12-02 15:08:00,1,1,1,1,15.0,United Kingdom
15824,1,False,2010-01-01,2010-12-31,2011-01-01,2011-06-30,2010-06-25 15:10:00,2010-09-12 13:20:00,2,26,24,478,890.94,United Kingdom
15826,0,True,2010-01-01,2010-12-31,2011-01-01,2011-06-30,2010-05-20 17:00:00,2010-05-20 17:00:00,1,51,51,861,943.97,United Kingdom
15827,0,True,2010-01-01,2010-12-31,2011-01-01,2011-06-30,2010-01-08 11:25:00,2010-12-02 13:08:00,16,116,73,942,1957.98,United Kingdom
15828,1,False,2010-01-01,2010-12-31,2011-01-01,2011-06-30,2010-11-29 16:41:00,2010-11-29 16:41:00,1,74,74,367,1108.82,United Kingdom
15834,0,True,2010-01-01,2010-12-31,2011-01-01,2011-06-30,2010-10-11 14:05:00,2010-11-28 12:05:00,3,105,105,854,1539.24,United Kingdom
15837,1,False,2010-01-01,2010-12-31,2011-01-01,2011-06-30,2010-08-11 10:16:00,2010-08-11 10:16:00,1,28,28,216,385.03000000000003,United Kingdom
15838,0,True,2010-01-01,2010-12-31,2011-01-01,2011-06-30,2010-03-09 11:57:00,2010-12-07 11:26:00,15,41,11,45996,40024.92,United Kingdom
15841,0,True,2010-01-01,2010-12-31,2011-01-01,2011-06-30,2010-07-06 13:15:00,2010-11-18 18:14:00,3,31,30,638,914.6,United Kingdom
15842,1,False,2010-01-01,2010-12-31,2011-01-01,2011-06-30,2010-06-30 09:06:00,2010-11-11 14:08:00,2,25,24,296,548.8,United Kingdom
15845,0,True,2010-01-01,2010-12-31,2011-01-01,2011-06-30,2010-01-26 14:44:00,2010-06-21 11:40:00,3,36,36,202,714.51,United Kingdom
15846,1,False,2010-01-01,2010-12-31,2011-01-01,2011-06-30,2010-11-19 14:40:00,2010-11-19 14:40:00,1,29,27,79,107.01,United Kingdom
15847,0,True,2010-01-01,2010-12-31,2011-01-01,2011-06-30,2010-03-08 08:47:00,2010-10-07 18:19:00,3,26,22,194,433.3,United Kingdom
15848,1,False,2010-01-01,2010-12-31,2011-01-01,2011-06-30,2010-03-28 10:54:00,2010-03-28 10:54:00,1,34,34,45,137.99,United Kingdom
15850,0,True,2010-01-01,2010-12-31,2011-01-01,2011-06-30,2010-06-21 14:14:00,2010-11-28 12:32:00,3,186,172,995,665.22,United Kingdom
15851,1,False,2010-01-01,2010-12-31,2011-01-01,2011-06-30,2010-07-01 12:34:00,2010-07-01 12:34:00,1,8,8,67,109.73,United Kingdom
15852,0,True,2010-01-01,2010-12-31,2011-01-01,2011-06-30,2010-07-01 10:16:00,2010-07-01 10:16:00,1,11,11,12,96.55,United Kingdom
15854,0,True,2010-01-01,2010-12-31,2011-01-01,2011-06-30,2010-04-07 12:58:00,2010-12-13 11:47:00,9,125,86,733,2247.06,United Kingdom
15855,0,True,2010-01-01,2010-12-31,2011-01-01,2011-06-30,2010-08-20 17:15:00,2010-08-20 17:15:00,1,15,15,242,340.48,United Kingdom
15856,0,True,2010-01-01,2010-12-31,2011-01-01,2011-06-30,2010-01-08 17:13:00,2010-12-23 15:16:00,24,467,175,8422,16039.03,United Kingdom
15857,1,False,2010-01-01,2010-12-31,2011-01-01,2011-06-30,2010-10-05 16:43:00,2010-10-05 16:43:00,1,10,10,276,273.48,United Kingdom
15858,0,True,2010-01-01,2010-12-31,2011-01-01,2011-06-30,2010-01-25 12:50:00,2010-12-07 14:31:00,7,263,188,1596,2251.88,United Kingdom
15859,1,False,2010-01-01,2010-12-31,2011-01-01,2011-06-30,2010-10-03 12:52:00,2010-10-03 12:52:00,1,22,22,174,438.46,United Kingdom
15860,0,True,2010-01-01,2010-12-31,2011-01-01,2011-06-30,2010-03-22 11:53:00,2010-12-06 11:38:00,8,177,134,656,1203.2,United Kingdom
15861,0,True,2010-01-01,2010-12-31,2011-01-01,2011-06-30,2010-01-28 19:41:00,2010-09-09 19:56:00,4,248,191,1309,1222.28,United Kingdom
15862,0,True,2010-01-01,2010-12-31,2011-01-01,2011-06-30,2010-03-30 12:22:00,2010-12-01 11:21:00,7,297,262,728,1472.27,United Kingdom
15863,0,True,2010-01-01,2010-12-31,2011-01-01,2011-06-30,2010-01-22 14:14:00,2010-04-01 15:40:00,2,20,19,98,148.96,United Kingdom
15864,0,True,2010-01-01,2010-12-31,2011-01-01,2011-06-30,2010-11-23 15:02:00,2010-11-23 15:02:00,1,3,3,294,244.44000000000003,United Kingdom
15865,0,True,2010-01-01,2010-12-31,2011-01-01,2011-06-30,2010-01-05 13:58:00,2010-10-22 15:24:00,2,86,86,773,1346.29,United Kingdom
15867,0,True,2010-01-01,2010-12-31,2011-01-01,2011-06-30,2010-01-04 16:11:00,2010-12-20 15:35:00,18,593,378,2946,5051.58,United Kingdom
15868,1,False,2010-01-01,2010-12-31,2011-01-01,2011-06-30,2010-05-05 14:11:00,2010-05-05 14:11:00,1,4,4,57,94.53,United Kingdom
15869,0,True,2010-01-01,2010-12-31,2011-01-01,2011-06-30,2010-03-23 16:50:00,2010-03-23 16:50:00,1,19,18,98,171.47,United Kingdom
15870,1,False,2010-01-01,2010-12-31,2011-01-01,2011-06-30,2010-09-19 16:22:00,2010-11-08 10:57:00,3,69,61,171,506.02,United Kingdom
15871,1,False,2010-01-01,2010-12-31,2011-01-01,2011-06-30,2010-09-28 14:16:00,2010-09-28 14:16:00,1,5,5,5,33.099999999999994,United Kingdom
15872,1,False,2010-01-01,2010-12-31,2011-01-01,2011-06-30,2010-06-07 14:53:00,2010-11-26 12:05:00,2,80,70,280,413.0,United Kingdom
15873,1,False,2010-01-01,2010-12-31,2011-01-01,2011-06-30,2010-07-27 11:58:00,2010-07-28 12:41:00,4,6,3,1152,313.91999999999996,United Kingdom
15874,0,True,2010-01-01,2010-12-31,2011-01-01,2011-06-30,2010-01-07 13:56:00,2010-11-17 10:32:00,14,222,168,2568,6878.88,United Kingdom
15875,1,False,2010-01-01,2010-12-31,2011-01-01,2011-06-30,2010-03-03 16:51:00,2010-03-03 16:51:00,1,23,18,74,108.52,United Kingdom
15876,1,False,2010-01-01,2010-12-31,2011-01-01,2011-06-30,2010-09-17 15:26:00,2010-10-26 18:58:00,2,11,11,886,1449.1399999999999,United Kingdom
15878,1,False,2010-01-01,2010-12-31,2011-01-01,2011-06-30,2010-05-27 12:17:00,2010-05-27 12:17:00,1,22,21,172,118.64,United Kingdom
15879,1,False,2010-01-01,2010-12-31,2011-01-01,2011-06-30,2010-05-19 17:49:00,2010-10-31 16:21:00,3,149,146,564,1016.76,United Kingdom
15880,1,False,2010-01-01,2010-12-31,2011-01-01,2011-06-30,2010-12-05 13:00:00,2010-12-05 13:00:00,1,96,95,202,329.03000000000003,United Kingdom
15881,0,True,2010-01-01,2010-12-31,2011-01-01,2011-06-30,2010-12-10 13:32:00,2010-12-13 10:36:00,2,4,3,103,155.25,United Kingdom
15882,0,True,2010-01-01,2010-12-31,2011-01-01,2011-06-30,2010-02-01 17:05:00,2010-12-06 13:12:00,5,40,37,465,797.99,United Kingdom
15884,1,False,2010-01-01,2010-12-31,2011-01-01,2011-06-30,2010-10-03 15:55:00,2010-10-03 15:55:00,1,1,1,2,7.9,United Kingdom
15885,0,True,2010-01-01,2010-12-31,2011-01-01,2011-06-30,2010-01-21 12:47:00,2010-11-21 11:40:00,12,97,68,511,1572.47,United Kingdom
15886,1,False,2010-01-01,2010-12-31,2011-01-01,2011-06-30,2010-04-20 15:03:00,2010-10-19 12:01:00,3,50,47,520,871.78,United Kingdom
15887,1,False,2010-01-01,2010-12-31,2011-01-01,2011-06-30,2010-06-02 11:53:00,2010-10-29 08:36:00,3,37,27,605,1027.15,United Kingdom
15888,1,False,2010-01-01,2010-12-31,2011-01-01,2011-06-30,2010-07-01 11:51:00,2010-11-04 09:59:00,2,27,24,63,260.85,United Kingdom
15889,1,False,2010-01-01,2010-12-31,2011-01-01,2011-06-30,2010-04-09 17:13:00,2010-12-05 15:12:00,5,187,165,547,924.55,United Kingdom
15890,1,False,2010-01-01,2010-12-31,2011-01-01,2011-06-30,2010-04-14 08:43:00,2010-11-10 12:46:00,5,10,10,119,535.65,United Kingdom
15892,1,False,2010-01-01,2010-12-31,2011-01-01,2011-06-30,2010-02-08 16:23:00,2010-02-08 16:23:00,1,38,38,46,128.2,United Kingdom
15893,1,False,2010-01-01,2010-12-31,2011-01-01,2011-06-30,2010-08-15 11:12:00,2010-08-15 11:12:00,1,1,1,288,305.28000000000003,United Kingdom
15894,0,True,2010-01-01,2010-12-31,2011-01-01,2011-06-30,2010-12-05 14:06:00,2010-12-05 14:06:00,1,34,32,111,151.44,United Kingdom
15898,0,True,2010-01-01,2010-12-31,2011-01-01,2011-06-30,2010-01-14 13:03:00,2010-12-07 13:30:00,21,544,248,1678,3732.2400000000002,United Kingdom
15899,1,False,2010-01-01,2010-12-31,2011-01-01,2011-06-30,2010-12-06 10:36:00,2010-12-06 10:36:00,1,4,4,39,56.25,United Kingdom
15900,1,False,2010-01-01,2010-12-31,2011-01-01,2011-06-30,2010-05-26 11:27:00,2010-10-22 10:44:00,3,79,68,440,549.29,United Kingdom
15901,1,False,2010-01-01,2010-12-31,2011-01-01,2011-06-30,2010-06-14 12:39:00,2010-09-14 14:16:00,4,53,49,316,335.99,United Kingdom
15902,1,False,2010-01-01,2010-12-31,2011-01-01,2011-06-30,2010-11-24 16:57:00,2010-11-24 16:57:00,1,18,18,124,145.01,United Kingdom
15903,0,True,2010-01-01,2010-12-31,2011-01-01,2011-06-30,2010-01-14 10:57:00,2010-11-26 12:44:00,5,42,20,1516,3813.0800000000004,United Kingdom
15905,1,False,2010-01-01,2010-12-31,2011-01-01,2011-06-30,2010-06-14 16:00:00,2010-06-14 16:00:00,1,22,22,82,114.69,United Kingdom
15906,0,True,2010-01-01,2010-12-31,2011-01-01,2011-06-30,2010-09-15 12:17:00,2010-11-30 13:26:00,3,51,41,205,962.5,United Kingdom
15908,1,False,2010-01-01,2010-12-31,2011-01-01,2011-06-30,2010-07-15 19:21:00,2010-08-06 11:56:00,2,40,37,173,758.62,United Kingdom
15910,0,True,2010-01-01,2010-12-31,2011-01-01,2011-06-30,2010-01-21 11:51:00,2010-11-04 12:18:00,7,354,244,1145,1432.29,United Kingdom
15911,1,False,2010-01-01,2010-12-31,2011-01-01,2011-06-30,2010-01-27 12:46:00,2010-03-26 12:06:00,5,146,102,416,854.1899999999999,United Kingdom
15912,0,True,2010-01-01,2010-12-31,2011-01-01,2011-06-30,2010-01-20 14:09:00,2010-09-29 13:20:00,4,28,25,286,374.29,United Kingdom
15913,1,False,2010-01-01,2010-12-31,2011-01-01,2011-06-30,2010-06-23 16:31:00,2010-06-23 16:31:00,1,1,1,3,6.300000000000001,United Kingdom
15914,1,False,2010-01-01,2010-12-31,2011-01-01,2011-06-30,2010-11-26 16:09:00,2010-11-26 16:10:00,2,13,13,149,205.99,United Kingdom
15915,1,False,2010-01-01,2010-12-31,2011-01-01,2011-06-30,2010-11-03 11:13:00,2010-11-03 11:13:00,1,113,105,414,364.45,United Kingdom
15916,0,True,2010-01-01,2010-12-31,2011-01-01,2011-06-30,2010-01-17 15:02:00,2010-12-08 13:14:00,6,126,110,813,1486.31,United Kingdom
15917,0,True,2010-01-01,2010-12-31,2011-01-01,2011-06-30,2010-04-12 15:01:00,2010-04-12 15:01:00,1,21,21,24,118.75,United Kingdom
15918,0,True,2010-01-01,2010-12-31,2011-01-01,2011-06-30,2010-03-18 11:40:00,2010-03-18 11:40:00,1,21,21,87,248.65,United Kingdom
15919,1,False,2010-01-01,2010-12-31,2011-01-01,2011-06-30,2010-12-06 11:26:00,2010-12-06 11:26:00,1,39,38,175,214.07999999999998,United Kingdom
15920,1,False,2010-01-01,2010-12-31,2011-01-01,2011-06-30,2010-03-24 13:14:00,2010-10-11 13:57:00,3,28,25,71,280.05,United Kingdom
15921,0,True,2010-01-01,2010-12-31,2011-01-01,2011-06-30,2010-03-09 11:03:00,2010-11-08 10:24:00,3,55,52,173,452.23,United Kingdom
15922,1,False,2010-01-01,2010-12-31,2011-01-01,2011-06-30,2010-12-01 13:51:00,2010-12-01 13:51:00,1,11,11,138,369.5,United Kingdom
15923,1,False,2010-01-01,2010-12-31,2011-01-01,2011-06-30,2010-12-02 12:16:00,2010-12-02 12:16:00,1,21,21,122,127.08,United Kingdom
15926,1,False,2010-01-01,2010-12-31,2011-01-01,2011-06-30,2010-06-15 15:23:00,2010-06-15 15:23:00,1,7,7,155,134.44,United Kingdom
15927,1,False,2010-01-01,2010-12-31,2011-01-01,2011-06-30,2010-03-02 13:25:00,2010-03-02 13:25:00,1,15,13,66,106.54,United Kingdom
15928,1,False,2010-01-01,2010-12-31,2011-01-01,2011-06-30,2010-02-21 15:16:00,2010-02-21 15:16:00,1,11,11,164,293.53,United Kingdom
15929,1,False,2010-01-01,2010-12-31,2011-01-01,2011-06-30,2010-03-05 14:56:00,2010-03-05 14:56:00,1,1,1,120,594.0,United Kingdom
15931,1,False,2010-01-01,2010-12-31,2011-01-01,2011-06-30,2010-10-07 16:46:00,2010-10-07 16:46:00,1,14,14,118,239.9,United Kingdom
15934,1,False,2010-01-01,2010-12-31,2011-01-01,2011-06-30,2010-10-06 12:08:00,2010-10-18 10:13:00,2,29,29,2166,2190.66,United Kingdom
15936,1,False,2010-01-01,2010-12-31,2011-01-01,2011-06-30,2010-08-29 11:42:00,2010-11-25 16:39:00,2,19,16,211,282.79,United Kingdom
15938,0,True,2010-01-01,2010-12-31,2011-01-01,2011-06-30,2010-06-01 09:42:00,2010-09-09 17:07:00,4,21,19,209,330.23,United Kingdom
15939,0,True,2010-01-01,2010-12-31,2011-01-01,2011-06-30,2010-11-30 12:07:00,2010-11-30 12:07:00,1,85,41,1532,2945.38,United Kingdom
15941,1,False,2010-01-01,2010-12-31,2011-01-01,2011-06-30,2010-03-12 14:45:00,2010-03-12 14:45:00,1,6,6,60,405.0,United Kingdom
15943,1,False,2010-01-01,2010-12-31,2011-01-01,2011-06-30,2010-01-31 11:04:00,2010-02-28 12:49:00,2,12,12,183,271.28999999999996,United Kingdom
15944,0,True,2010-01-01,2010-12-31,2011-01-01,2011-06-30,2010-08-11 14:39:00,2010-11-11 09:55:00,2,24,21,477,1250.74,United Kingdom
15945,1,False,2010-01-01,2010-12-31,2011-01-01,2011-06-30,2010-01-15 17:36:00,2010-12-09 13:14:00,3,18,15,208,521.44,United Kingdom
15946,1,False,2010-01-01,2010-12-31,2011-01-01,2011-06-30,2010-03-16 10:49:00,2010-07-25 12:18:00,3,26,25,1614,2304.18,United Kingdom
15948,1,False,2010-01-01,2010-12-31,2011-01-01,2011-06-30,2010-10-11 12:16:00,2010-10-11 12:16:00,1,35,35,285,553.85,United Kingdom
15950,1,False,2010-01-01,2010-12-31,2011-01-01,2011-06-30,2010-01-26 11:39:00,2010-12-15 11:56:00,7,325,194,2770,5805.02,United Kingdom
15951,0,True,2010-01-01,2010-12-31,2011-01-01,2011-06-30,2010-11-23 18:20:00,2010-11-23 18:20:00,1,18,18,107,304.95,United Kingdom
15953,0,True,2010-01-01,2010-12-31,2011-01-01,2011-06-30,2010-02-09 12:09:00,2010-12-05 15:15:00,10,78,60,738,1618.6,United Kingdom
15954,1,False,2010-01-01,2010-12-31,2011-01-01,2011-06-30,2010-04-29 13:35:00,2010-04-29 13:35:00,1,20,20,119,190.75,United Kingdom
15955,0,True,2010-01-01,2010-12-31,2011-01-01,2011-06-30,2010-02-23 16:36:00,2010-12-02 11:22:00,9,179,115,2078,4242.1,United Kingdom
15956,1,False,2010-01-01,2010-12-31,2011-01-01,2011-06-30,2010-06-06 13:06:00,2010-06-06 13:06:00,1,17,17,150,291.2,United Kingdom
15957,1,False,2010-01-01,2010-12-31,2011-01-01,2011-06-30,2010-10-15 12:11:00,2010-10-15 12:22:00,2,104,88,242,492.36,United Kingdom
15958,1,False,2010-01-01,2010-12-31,2011-01-01,2011-06-30,2010-06-07 10:59:00,2010-11-01 12:22:00,3,58,45,121,357.77,United Kingdom
15959,1,False,2010-01-01,2010-12-31,2011-01-01,2011-06-30,2010-01-26 16:19:00,2010-01-26 16:38:00,3,71,58,269,542.89,United Kingdom
15960,1,False,2010-01-01,2010-12-31,2011-01-01,2011-06-30,2010-09-30 15:50:00,2010-11-30 15:57:00,4,26,24,258,410.95,United Kingdom
15961,1,False,2010-01-01,2010-12-31,2011-01-01,2011-06-30,2010-11-25 15:59:00,2010-11-25 15:59:00,1,42,42,154,451.28999999999996,United Kingdom
15962,1,False,2010-01-01,2010-12-31,2011-01-01,2011-06-30,2010-09-16 13:48:00,2010-09-16 13:48:00,1,55,43,228,289.48,United Kingdom
15964,1,False,2010-01-01,2010-12-31,2011-01-01,2011-06-30,2010-02-14 15:30:00,2010-02-14 15:30:00,1,20,20,93,269.21000000000004,United Kingdom
15965,1,False,2010-01-01,2010-12-31,2011-01-01,2011-06-30,2010-02-14 12:28:00,2010-12-07 13:18:00,9,235,143,859,1949.76,United Kingdom
15966,1,False,2010-01-01,2010-12-31,2011-01-01,2011-06-30,2010-09-15 10:44:00,2010-09-15 10:44:00,1,27,27,275,426.53000000000003,United Kingdom
15967,0,True,2010-01-01,2010-12-31,2011-01-01,2011-06-30,2010-02-08 13:24:00,2010-11-25 13:42:00,9,370,254,928,2411.61,United Kingdom
15968,1,False,2010-01-01,2010-12-31,2011-01-01,2011-06-30,2010-11-16 13:04:00,2010-11-16 13:04:00,1,80,70,247,404.55,United Kingdom
15969,0,True,2010-01-01,2010-12-31,2011-01-01,2011-06-30,2010-07-05 13:10:00,2010-10-10 12:01:00,2,15,15,99,460.95,United Kingdom
15970,0,True,2010-01-01,2010-12-31,2011-01-01,2011-06-30,2010-04-20 11:30:00,2010-04-20 11:30:00,1,13,13,382,703.22,United Kingdom
15971,0,True,2010-01-01,2010-12-31,2011-01-01,2011-06-30,2010-10-11 08:12:00,2010-11-19 10:43:00,4,4,1,426,1256.7000000000003,United Kingdom
15972,1,False,2010-01-01,2010-12-31,2011-01-01,2011-06-30,2010-04-18 14:06:00,2010-09-09 13:20:00,5,139,104,468,1769.33,United Kingdom
15973,1,False,2010-01-01,2010-12-31,2011-01-01,2011-06-30,2010-10-06 15:00:00,2010-12-08 11:42:00,3,11,8,195,680.62,United Kingdom
15976,0,True,2010-01-01,2010-12-31,2011-01-01,2011-06-30,2010-06-06 14:01:00,2010-10-25 11:33:00,4,282,203,778,1266.77,United Kingdom
15978,1,False,2010-01-01,2010-12-31,2011-01-01,2011-06-30,2010-03-05 14:39:00,2010-10-03 14:08:00,2,80,72,1556,2180.64,United Kingdom
15979,1,False,2010-01-01,2010-12-31,2011-01-01,2011-06-30,2010-04-16 11:35:00,2010-04-16 11:35:00,1,22,22,450,329.22,United Kingdom
15980,0,True,2010-01-01,2010-12-31,2011-01-01,2011-06-30,2010-06-01 14:40:00,2010-08-06 12:35:00,4,72,65,3262,4144.82,United Kingdom
15981,0,True,2010-01-01,2010-12-31,2011-01-01,2011-06-30,2010-03-29 10:07:00,2010-11-03 09:51:00,13,191,106,2961,5954.29,United Kingdom
15982,1,False,2010-01-01,2010-12-31,2011-01-01,2011-06-30,2010-04-13 15:47:00,2010-04-13 15:47:00,1,45,45,131,324.51,United Kingdom
15983,1,False,2010-01-01,2010-12-31,2011-01-01,2011-06-30,2010-11-12 12:32:00,2010-12-14 12:30:00,4,135,77,1016,1599.03,United Kingdom
15984,0,True,2010-01-01,2010-12-31,2011-01-01,2011-06-30,2010-01-19 15:45:00,2010-12-06 13:21:00,18,386,269,2954,4398.01,United Kingdom
15985,0,True,2010-01-01,2010-12-31,2011-01-01,2011-06-30,2010-05-27 15:51:00,2010-09-29 14:43:00,5,67,34,1664,1572.8600000000001,United Kingdom
15986,1,False,2010-01-01,2010-12-31,2011-01-01,2011-06-30,2010-11-23 10:02:00,2010-11-23 10:02:00,1,11,11,100,186.3,United Kingdom
15987,0,True,2010-01-01,2010-12-31,2011-01-01,2011-06-30,2010-11-25 12:56:00,2010-12-06 08:34:00,2,50,47,152,216.7,United Kingdom
15988,1,False,2010-01-01,2010-12-31,2011-01-01,2011-06-30,2010-02-21 11:36:00,2010-06-06 12:45:00,2,94,93,296,582.11,United Kingdom
15989,1,False,2010-01-01,2010-12-31,2011-01-01,2011-06-30,2010-11-29 12:03:00,2010-11-29 12:03:00,1,49,47,114,228.15,United Kingdom
15990,0,True,2010-01-01,2010-12-31,2011-01-01,2011-06-30,2010-02-28 12:30:00,2010-08-02 12:42:00,5,125,86,643,1205.64,United Kingdom
15991,1,False,2010-01-01,2010-12-31,2011-01-01,2011-06-30,2010-06-23 15:50:00,2010-06-23 15:50:00,1,6,6,41,150.55,United Kingdom
15992,1,False,2010-01-01,2010-12-31,2011-01-01,2011-06-30,2010-09-12 11:52:00,2010-11-08 14:51:00,2,51,51,497,854.61,United Kingdom
15994,1,False,2010-01-01,2010-12-31,2011-01-01,2011-06-30,2010-03-14 11:55:00,2010-10-24 12:14:00,2,76,69,289,761.4100000000001,United Kingdom
15995,1,False,2010-01-01,2010-12-31,2011-01-01,2011-06-30,2010-10-21 13:57:00,2010-10-21 13:57:00,1,110,108,352,694.54,United Kingdom
15996,0,True,2010-01-01,2010-12-31,2011-01-01,2011-06-30,2010-11-07 15:49:00,2010-12-08 15:59:00,2,78,68,358,617.07,United Kingdom
15998,0,True,2010-01-01,2010-12-31,2011-01-01,2011-06-30,2010-01-19 12:15:00,2010-12-12 13:32:00,10,878,490,3223,4994.07,United Kingdom
16001,1,False,2010-01-01,2010-12-31,2011-01-01,2011-06-30,2010-11-23 17:10:00,2010-11-23 17:10:00,1,29,29,337,583.39,United Kingdom
16002,1,False,2010-01-01,2010-12-31,2011-01-01,2011-06-30,2010-03-24 13:08:00,2010-03-24 13:08:00,1,42,42,70,169.21,United Kingdom
16003,0,True,2010-01-01,2010-12-31,2011-01-01,2011-06-30,2010-03-24 09:57:00,2010-12-15 12:09:00,5,102,91,1082,3671.59,United Kingdom
16004,1,False,2010-01-01,2010-12-31,2011-01-01,2011-06-30,2010-01-25 13:56:00,2010-08-22 11:48:00,5,90,63,1076,2146.39,United Kingdom
16005,0,True,2010-01-01,2010-12-31,2011-01-01,2011-06-30,2010-09-15 13:21:00,2010-11-29 11:48:00,6,283,170,989,1786.78,United Kingdom
16006,0,True,2010-01-01,2010-12-31,2011-01-01,2011-06-30,2010-11-17 12:03:00,2010-11-17 12:03:00,1,70,67,121,231.42,United Kingdom
16007,0,True,2010-01-01,2010-12-31,2011-01-01,2011-06-30,2010-06-14 13:18:00,2010-11-21 12:29:00,3,276,206,1243,1359.25,United Kingdom
16008,0,True,2010-01-01,2010-12-31,2011-01-01,2011-06-30,2010-03-19 11:07:00,2010-11-22 13:22:00,12,220,58,2914,4860.35,United Kingdom
16010,0,True,2010-01-01,2010-12-31,2011-01-01,2011-06-30,2010-10-24 10:54:00,2010-12-12 12:18:00,9,234,89,763,1412.56,United Kingdom
16011,0,True,2010-01-01,2010-12-31,2011-01-01,2011-06-30,2010-03-11 17:21:00,2010-12-12 13:01:00,12,187,112,1224,2109.12,United Kingdom
16012,1,False,2010-01-01,2010-12-31,2011-01-01,2011-06-30,2010-06-28 11:39:00,2010-11-03 13:47:00,2,145,138,961,1563.3,United Kingdom
16013,0,True,2010-01-01,2010-12-31,2011-01-01,2011-06-30,2010-01-14 12:09:00,2010-12-17 09:39:00,40,80,30,10912,20679.84,United Kingdom
16014,0,True,2010-01-01,2010-12-31,2011-01-01,2011-06-30,2010-01-31 12:43:00,2010-10-27 16:04:00,2,137,127,204,453.45,United Kingdom
16016,0,True,2010-01-01,2010-12-31,2011-01-01,2011-06-30,2010-11-02 13:27:00,2010-12-08 12:36:00,4,139,87,417,980.91,United Kingdom
16017,1,False,2010-01-01,2010-12-31,2011-01-01,2011-06-30,2010-01-05 12:06:00,2010-10-18 12:58:00,4,98,81,533,1333.7,United Kingdom
16018,0,True,2010-01-01,2010-12-31,2011-01-01,2011-06-30,2010-11-08 15:36:00,2010-11-08 15:36:00,1,8,8,110,93.44999999999999,United Kingdom
16019,0,True,2010-01-01,2010-12-31,2011-01-01,2011-06-30,2010-01-11 17:13:00,2010-12-10 12:29:00,17,236,147,4981,12772.19,United Kingdom
16021,1,False,2010-01-01,2010-12-31,2011-01-01,2011-06-30,2010-06-13 11:05:00,2010-11-09 14:48:00,2,126,117,276,487.03,United Kingdom
16024,1,False,2010-01-01,2010-12-31,2011-01-01,2011-06-30,2010-10-24 11:40:00,2010-10-24 11:42:00,2,22,21,107,232.96,United Kingdom
16027,0,True,2010-01-01,2010-12-31,2011-01-01,2011-06-30,2010-01-08 13:21:00,2010-09-08 12:44:00,9,19,11,952,1113.74,United Kingdom
16028,1,False,2010-01-01,2010-12-31,2011-01-01,2011-06-30,2010-04-23 11:45:00,2010-04-23 11:45:00,1,5,5,18,82.2,United Kingdom
16029,0,True,2010-01-01,2010-12-31,2011-01-01,2011-06-30,2010-01-04 15:33:00,2010-12-21 10:41:00,45,153,32,19722,44381.46,United Kingdom
16032,1,False,2010-01-01,2010-12-31,2011-01-01,2011-06-30,2010-07-04 13:31:00,2010-09-09 18:00:00,6,210,130,1467,1965.72,United Kingdom
16033,0,True,2010-01-01,2010-12-31,2011-01-01,2011-06-30,2010-08-11 16:44:00,2010-12-14 13:18:00,9,275,180,768,2137.73,United Kingdom
16034,0,True,2010-01-01,2010-12-31,2011-01-01,2011-06-30,2010-10-26 13:00:00,2010-11-10 11:32:00,3,34,28,343,473.62,United Kingdom
16035,1,False,2010-01-01,2010-12-31,2011-01-01,2011-06-30,2010-05-28 15:09:00,2010-05-28 15:09:00,1,21,21,33,217.73,United Kingdom
16036,0,True,2010-01-01,2010-12-31,2011-01-01,2011-06-30,2010-03-29 14:47:00,2010-10-11 15:08:00,2,85,79,653,1797.92,United Kingdom
16037,0,True,2010-01-01,2010-12-31,2011-01-01,2011-06-30,2010-03-01 12:31:00,2010-12-16 10:18:00,3,47,44,498,954.78,United Kingdom
16039,1,False,2010-01-01,2010-12-31,2011-01-01,2011-06-30,2010-03-21 15:17:00,2010-10-12 10:44:00,2,32,27,409,456.4,United Kingdom
16040,0,True,2010-01-01,2010-12-31,2011-01-01,2011-06-30,2010-04-09 10:12:00,2010-10-05 11:09:00,4,60,50,501,1103.35,United Kingdom
16042,0,True,2010-01-01,2010-12-31,2011-01-01,2011-06-30,2010-09-12 12:00:00,2010-11-25 18:16:00,3,59,50,687,1067.85,United Kingdom
16043,0,True,2010-01-01,2010-12-31,2011-01-01,2011-06-30,2010-08-15 11:26:00,2010-11-25 15:40:00,4,34,29,508,1082.6000000000001,United Kingdom
16044,1,False,2010-01-01,2010-12-31,2011-01-01,2011-06-30,2010-09-30 18:12:00,2010-09-30 18:12:00,1,19,19,170,340.84000000000003,United Kingdom
16045,0,True,2010-01-01,2010-12-31,2011-01-01,2011-06-30,2010-07-29 12:50:00,2010-10-19 10:23:00,4,65,59,1211,2094.23,United Kingdom
16046,1,False,2010-01-01,2010-12-31,2011-01-01,2011-06-30,2010-05-26 13:18:00,2010-05-26 13:18:00,1,22,22,248,235.78,United Kingdom
16047,1,False,2010-01-01,2010-12-31,2011-01-01,2011-06-30,2010-01-26 16:34:00,2010-01-26 16:34:00,1,1,1,1,107.14,EIRE
16048,1,False,2010-01-01,2010-12-31,2011-01-01,2011-06-30,2010-06-08 12:36:00,2010-12-01 15:28:00,4,36,30,425,818.7900000000001,United Kingdom
16049,1,False,2010-01-01,2010-12-31,2011-01-01,2011-06-30,2010-07-11 13:53:00,2010-11-29 14:36:00,3,186,175,369,777.34,United Kingdom
16050,0,True,2010-01-01,2010-12-31,2011-01-01,2011-06-30,2010-11-03 15:55:00,2010-11-21 14:52:00,2,11,9,110,162.8,United Kingdom
16051,1,False,2010-01-01,2010-12-31,2011-01-01,2011-06-30,2010-01-27 09:38:00,2010-01-27 09:38:00,1,12,12,80,188.44,United Kingdom
16053,1,False,2010-01-01,2010-12-31,2011-01-01,2011-06-30,2010-04-08 11:11:00,2010-10-22 11:42:00,4,110,101,1274,2122.89,United Kingdom
16054,1,False,2010-01-01,2010-12-31,2011-01-01,2011-06-30,2010-04-01 18:37:00,2010-10-17 11:38:00,3,52,49,411,1327.98,United Kingdom
16057,0,True,2010-01-01,2010-12-31,2011-01-01,2011-06-30,2010-01-07 17:11:00,2010-07-08 11:33:00,3,97,91,828,1591.73,United Kingdom
16058,1,False,2010-01-01,2010-12-31,2011-01-01,2011-06-30,2010-10-29 16:48:00,2010-10-29 16:48:00,1,2,2,18,62.7,United Kingdom
16059,0,True,2010-01-01,2010-12-31,2011-01-01,2011-06-30,2010-05-19 13:04:00,2010-12-07 10:36:00,7,231,145,841,1718.66,United Kingdom
16060,1,False,2010-01-01,2010-12-31,2011-01-01,2011-06-30,2010-08-02 15:26:00,2010-11-04 12:10:00,3,24,22,243,541.95,United Kingdom
16061,1,False,2010-01-01,2010-12-31,2011-01-01,2011-06-30,2010-10-04 15:29:00,2010-10-04 15:29:00,1,3,3,19,89.65,United Kingdom
16062,0,True,2010-01-01,2010-12-31,2011-01-01,2011-06-30,2010-06-21 13:32:00,2010-12-10 12:00:00,5,128,102,1359,1957.39,United Kingdom
16065,1,False,2010-01-01,2010-12-31,2011-01-01,2011-06-30,2010-09-02 13:27:00,2010-12-09 13:03:00,8,353,214,1207,1992.13,United Kingdom
16067,1,False,2010-01-01,2010-12-31,2011-01-01,2011-06-30,2010-02-02 18:01:00,2010-05-26 12:33:00,3,68,60,1236,3269.11,United Kingdom
16068,1,False,2010-01-01,2010-12-31,2011-01-01,2011-06-30,2010-04-25 11:52:00,2010-04-25 11:52:00,1,35,34,48,115.73,United Kingdom
16069,1,False,2010-01-01,2010-12-31,2011-01-01,2011-06-30,2010-10-18 10:32:00,2010-10-18 10:32:00,1,25,25,138,457.7,United Kingdom
16071,1,False,2010-01-01,2010-12-31,2011-01-01,2011-06-30,2010-02-22 14:48:00,2010-06-30 13:41:00,3,52,47,517,750.5600000000001,United Kingdom
16072,0,True,2010-01-01,2010-12-31,2011-01-01,2011-06-30,2010-06-08 16:47:00,2010-10-07 16:48:00,3,508,399,1440,3595.77,United Kingdom
16074,1,False,2010-01-01,2010-12-31,2011-01-01,2011-06-30,2010-11-14 13:19:00,2010-11-14 13:19:00,1,25,23,38,252.5,United Kingdom
16075,1,False,2010-01-01,2010-12-31,2011-01-01,2011-06-30,2010-05-24 15:57:00,2010-07-25 11:31:00,2,41,41,271,736.9300000000001,United Kingdom
16077,1,False,2010-01-01,2010-12-31,2011-01-01,2011-06-30,2010-03-24 10:42:00,2010-03-24 10:42:00,1,8,8,840,2300.4,United Kingdom
16078,0,True,2010-01-01,2010-12-31,2011-01-01,2011-06-30,2010-02-08 13:29:00,2010-02-08 13:29:00,1,38,38,184,283.79,United Kingdom
16080,0,True,2010-01-01,2010-12-31,2011-01-01,2011-06-30,2010-09-15 14:19:00,2010-11-19 08:18:00,2,20,20,170,385.40000000000003,United Kingdom
16081,0,True,2010-01-01,2010-12-31,2011-01-01,2011-06-30,2010-02-03 12:46:00,2010-12-08 11:16:00,4,167,144,757,1637.14,United Kingdom
16082,1,False,2010-01-01,2010-12-31,2011-01-01,2011-06-30,2010-02-07 15:16:00,2010-02-07 15:16:00,1,16,16,39,106.75,United Kingdom
16083,1,False,2010-01-01,2010-12-31,2011-01-01,2011-06-30,2010-11-16 11:53:00,2010-12-14 11:51:00,3,57,51,990,1371.78,United Kingdom
16085,0,True,2010-01-01,2010-12-31,2011-01-01,2011-06-30,2010-01-20 14:03:00,2010-11-24 14:21:00,7,208,168,746,1359.52,United Kingdom
16086,0,True,2010-01-01,2010-12-31,2011-01-01,2011-06-30,2010-04-21 13:28:00,2010-12-07 13:45:00,5,71,42,757,1459.05,United Kingdom
16087,1,False,2010-01-01,2010-12-31,2011-01-01,2011-06-30,2010-01-19 12:30:00,2010-11-15 16:44:00,5,10,6,664,1739.92,United Kingdom
16088,1,False,2010-01-01,2010-12-31,2011-01-01,2011-06-30,2010-04-27 10:56:00,2010-05-13 10:16:00,2,6,3,373,1437.43,United Kingdom
16089,1,False,2010-01-01,2010-12-31,2011-01-01,2011-06-30,2010-07-18 15:51:00,2010-11-18 13:51:00,2,47,42,119,263.49,United Kingdom
16090,1,False,2010-01-01,2010-12-31,2011-01-01,2011-06-30,2010-03-25 13:05:00,2010-03-25 13:05:00,1,18,18,58,180.56,United Kingdom
16092,0,True,2010-01-01,2010-12-31,2011-01-01,2011-06-30,2010-05-09 16:10:00,2010-07-23 11:30:00,3,39,28,560,770.08,United Kingdom
16094,0,True,2010-01-01,2010-12-31,2011-01-01,2011-06-30,2010-04-16 14:00:00,2010-11-29 15:54:00,7,133,74,1373,2617.33,United Kingdom
16095,1,False,2010-01-01,2010-12-31,2011-01-01,2011-06-30,2010-09-09 16:54:00,2010-09-09 16:54:00,1,30,30,265,447.05,United Kingdom
16096,0,True,2010-01-01,2010-12-31,2011-01-01,2011-06-30,2010-03-04 15:44:00,2010-10-19 15:03:00,3,54,49,545,1264.3500000000001,United Kingdom
16098,0,True,2010-01-01,2010-12-31,2011-01-01,2011-06-30,2010-02-16 10:26:00,2010-12-01 09:45:00,7,89,66,1308,2280.98,United Kingdom
16099,0,True,2010-01-01,2010-12-31,2011-01-01,2011-06-30,2010-03-03 11:13:00,2010-10-18 14:48:00,4,30,21,526,841.3,United Kingdom
16100,1,False,2010-01-01,2010-12-31,2011-01-01,2011-06-30,2010-09-03 11:39:00,2010-09-03 11:39:00,1,37,37,438,582.64,United Kingdom
16101,1,False,2010-01-01,2010-12-31,2011-01-01,2011-06-30,2010-05-27 12:50:00,2010-10-01 10:45:00,3,116,94,1087,1938.46,United Kingdom
16103,0,True,2010-01-01,2010-12-31,2011-01-01,2011-06-30,2010-01-08 12:08:00,2010-11-15 16:44:00,16,152,92,2081,4762.07,United Kingdom
16104,1,False,2010-01-01,2010-12-31,2011-01-01,2011-06-30,2010-01-31 10:08:00,2010-10-17 10:34:00,5,109,97,517,1301.3600000000001,United Kingdom
16105,0,True,2010-01-01,2010-12-31,2011-01-01,2011-06-30,2010-04-14 13:27:00,2010-09-27 11:38:00,4,97,80,1795,2049.23,United Kingdom
16108,1,False,2010-01-01,2010-12-31,2011-01-01,2011-06-30,2010-03-18 14:14:00,2010-10-01 15:10:00,3,87,79,858,1393.42,United Kingdom
16109,0,True,2010-01-01,2010-12-31,2011-01-01,2011-06-30,2010-01-10 10:37:00,2010-01-10 10:37:00,1,13,13,480,327.6,United Kingdom
16110,0,True,2010-01-01,2010-12-31,2011-01-01,2011-06-30,2010-07-05 13:04:00,2010-07-05 13:04:00,1,88,84,160,460.64,United Kingdom
16111,1,False,2010-01-01,2010-12-31,2011-01-01,2011-06-30,2010-10-07 19:51:00,2010-10-07 19:51:00,1,73,72,233,549.33,United Kingdom
16115,0,True,2010-01-01,2010-12-31,2011-01-01,2011-06-30,2010-05-14 11:59:00,2010-11-07 11:27:00,4,140,99,595,892.92,United Kingdom
16117,0,True,2010-01-01,2010-12-31,2011-01-01,2011-06-30,2010-04-27 11:50:00,2010-11-02 12:02:00,2,59,46,191,422.19,United Kingdom
16118,1,False,2010-01-01,2010-12-31,2011-01-01,2011-06-30,2010-02-25 09:40:00,2010-02-25 09:40:00,1,41,41,2851,4376.25,United Kingdom
16119,1,False,2010-01-01,2010-12-31,2011-01-01,2011-06-30,2010-05-02 13:24:00,2010-11-10 13:40:00,5,29,26,459,1114.05,United Kingdom
16120,1,False,2010-01-01,2010-12-31,2011-01-01,2011-06-30,2010-10-13 15:07:00,2010-10-13 15:22:00,2,62,60,1283,1658.3700000000001,United Kingdom
16121,0,True,2010-01-01,2010-12-31,2011-01-01,2011-06-30,2010-05-23 10:52:00,2010-11-14 11:41:00,3,140,112,303,595.38,United Kingdom
16122,0,True,2010-01-01,2010-12-31,2011-01-01,2011-06-30,2010-10-10 15:26:00,2010-12-08 11:41:00,3,26,15,270,316.92,United Kingdom
16124,0,True,2010-01-01,2010-12-31,2011-01-01,2011-06-30,2010-05-05 10:53:00,2010-10-17 12:56:00,2,50,48,431,1060.49,United Kingdom
16125,1,False,2010-01-01,2010-12-31,2011-01-01,2011-06-30,2010-01-22 13:09:00,2010-12-07 15:48:00,13,222,125,1476,3602.64,United Kingdom
16126,0,True,2010-01-01,2010-12-31,2011-01-01,2011-06-30,2010-01-21 16:44:00,2010-11-25 13:41:00,10,254,118,3921,8182.7300000000005,United Kingdom
16128,0,True,2010-01-01,2010-12-31,2011-01-01,2011-06-30,2010-07-16 16:30:00,2010-11-24 15:26:00,6,93,82,1457,1920.83,United Kingdom
16129,1,False,2010-01-01,2010-12-31,2011-01-01,2011-06-30,2010-07-20 12:32:00,2010-10-28 14:29:00,3,96,91,1261,1396.05,United Kingdom
16130,1,False,2010-01-01,2010-12-31,2011-01-01,2011-06-30,2010-04-01 13:58:00,2010-10-13 15:14:00,4,55,53,296,987.48,United Kingdom
16131,0,True,2010-01-01,2010-12-31,2011-01-01,2011-06-30,2010-04-22 09:50:00,2010-11-29 13:20:00,5,95,75,2245,5132.91,United Kingdom
16132,1,False,2010-01-01,2010-12-31,2011-01-01,2011-06-30,2010-03-22 10:25:00,2010-06-13 13:49:00,2,17,14,280,664.1999999999999,United Kingdom
16133,0,True,2010-01-01,2010-12-31,2011-01-01,2011-06-30,2010-03-31 12:21:00,2010-11-28 12:08:00,23,206,129,4766,8403.22,United Kingdom
16134,1,False,2010-01-01,2010-12-31,2011-01-01,2011-06-30,2010-06-17 09:48:00,2010-12-15 14:00:00,4,97,71,1424,1810.78,United Kingdom
16135,0,True,2010-01-01,2010-12-31,2011-01-01,2011-06-30,2010-05-05 09:35:00,2010-05-05 09:35:00,1,18,18,186,301.9,United Kingdom
16136,0,True,2010-01-01,2010-12-31,2011-01-01,2011-06-30,2010-02-14 12:49:00,2010-02-14 12:49:00,1,9,9,234,237.42,United Kingdom
16137,1,False,2010-01-01,2010-12-31,2011-01-01,2011-06-30,2010-01-28 15:04:00,2010-01-28 15:04:00,1,28,28,210,422.7,United Kingdom
16138,1,False,2010-01-01,2010-12-31,2011-01-01,2011-06-30,2010-04-28 09:51:00,2010-11-26 12:13:00,3,37,35,774,910.35,United Kingdom
16140,1,False,2010-01-01,2010-12-31,2011-01-01,2011-06-30,2010-09-24 12:03:00,2010-12-03 14:40:00,2,36,33,646,832.4200000000001,United Kingdom
16141,1,False,2010-01-01,2010-12-31,2011-01-01,2011-06-30,2010-10-18 14:12:00,2010-10-18 14:12:00,1,20,20,172,335.54,United Kingdom
16143,0,True,2010-01-01,2010-12-31,2011-01-01,2011-06-30,2010-02-18 11:00:00,2010-12-20 12:51:00,7,117,68,1027,2641.14,United Kingdom
16145,0,True,2010-01-01,2010-12-31,2011-01-01,2011-06-30,2010-05-04 13:31:00,2010-12-15 09:09:00,9,189,122,2417,3308.73,United Kingdom
16146,0,True,2010-01-01,2010-12-31,2011-01-01,2011-06-30,2010-09-17 10:46:00,2010-09-17 10:46:00,1,12,12,117,212.25,United Kingdom
16147,1,False,2010-01-01,2010-12-31,2011-01-01,2011-06-30,2010-02-05 12:26:00,2010-11-04 14:56:00,4,114,101,1149,2023.91,United Kingdom
16148,0,True,2010-01-01,2010-12-31,2011-01-01,2011-06-30,2010-09-29 10:12:00,2010-09-29 10:12:00,1,8,8,178,310.3,United Kingdom
16149,1,False,2010-01-01,2010-12-31,2011-01-01,2011-06-30,2010-10-06 15:54:00,2010-10-06 15:54:00,1,12,12,290,141.70000000000002,United Kingdom
16150,0,True,2010-01-01,2010-12-31,2011-01-01,2011-06-30,2010-03-16 14:24:00,2010-12-02 18:27:00,5,108,84,975,1994.37,United Kingdom
16153,0,True,2010-01-01,2010-12-31,2011-01-01,2011-06-30,2010-05-26 12:41:00,2010-12-20 09:22:00,7,147,111,2695,3524.27,United Kingdom
16155,1,False,2010-01-01,2010-12-31,2011-01-01,2011-06-30,2010-06-18 11:23:00,2010-11-23 12:03:00,5,48,45,495,796.9,United Kingdom
16156,0,True,2010-01-01,2010-12-31,2011-01-01,2011-06-30,2010-01-19 14:02:00,2010-11-22 09:57:00,9,123,98,1794,2694.04,United Kingdom
16158,1,False,2010-01-01,2010-12-31,2011-01-01,2011-06-30,2010-01-22 16:46:00,2010-07-05 13:55:00,7,22,18,82,423.8,United Kingdom
16159,0,True,2010-01-01,2010-12-31,2011-01-01,2011-06-30,2010-03-02 14:57:00,2010-08-26 13:40:00,2,26,21,236,567.04,United Kingdom
16161,0,True,2010-01-01,2010-12-31,2011-01-01,2011-06-30,2010-02-08 11:06:00,2010-12-15 14:29:00,27,725,287,3930,7622.69,United Kingdom
16163,0,True,2010-01-01,2010-12-31,2011-01-01,2011-06-30,2010-06-11 12:09:00,2010-12-09 16:28:00,3,23,17,284,1154.7,United Kingdom
16165,1,False,2010-01-01,2010-12-31,2011-01-01,2011-06-30,2010-07-22 14:17:00,2010-07-22 14:17:00,1,1,1,2,79.9,United Kingdom
16166,1,False,2010-01-01,2010-12-31,2011-01-01,2011-06-30,2010-01-17 14:16:00,2010-10-07 15:44:00,2,22,18,173,435.83,United Kingdom
16167,1,False,2010-01-01,2010-12-31,2011-01-01,2011-06-30,2010-04-01 17:23:00,2010-10-21 15:33:00,4,48,42,517,900.33,United Kingdom
16168,0,True,2010-01-01,2010-12-31,2011-01-01,2011-06-30,2010-02-05 14:52:00,2010-12-05 11:38:00,38,203,100,3083,6479.87,United Kingdom
16170,0,True,2010-01-01,2010-12-31,2011-01-01,2011-06-30,2010-02-18 13:50:00,2010-11-09 10:13:00,14,315,187,4286,4983.95,United Kingdom
16172,0,True,2010-01-01,2010-12-31,2011-01-01,2011-06-30,2010-07-14 15:34:00,2010-08-23 13:53:00,3,44,41,632,744.34,United Kingdom
16174,1,False,2010-01-01,2010-12-31,2011-01-01,2011-06-30,2010-04-15 15:12:00,2010-08-05 12:33:00,4,42,15,780,1237.2,United Kingdom
16175,0,True,2010-01-01,2010-12-31,2011-01-01,2011-06-30,2010-05-25 12:01:00,2010-08-25 11:58:00,3,40,32,399,798.85,United Kingdom
16176,1,False,2010-01-01,2010-12-31,2011-01-01,2011-06-30,2010-03-29 14:52:00,2010-10-14 13:54:00,4,72,53,952,2052.69,United Kingdom
16177,1,False,2010-01-01,2010-12-31,2011-01-01,2011-06-30,2010-03-02 14:03:00,2010-09-29 10:12:00,7,103,66,926,1915.36,United Kingdom
16178,1,False,2010-01-01,2010-12-31,2011-01-01,2011-06-30,2010-11-03 14:46:00,2010-11-03 14:46:00,1,17,17,210,414.7,United Kingdom
16180,0,True,2010-01-01,2010-12-31,2011-01-01,2011-06-30,2010-06-23 13:19:00,2010-08-18 16:18:00,5,165,106,3946,5995.69,United Kingdom
16182,0,True,2010-01-01,2010-12-31,2011-01-01,2011-06-30,2010-03-09 09:34:00,2010-09-27 09:41:00,5,23,8,2096,3354.0,United Kingdom
16183,1,False,2010-01-01,2010-12-31,2011-01-01,2011-06-30,2010-10-28 14:43:00,2010-11-10 11:12:00,3,26,17,238,739.1,United Kingdom
16185,0,True,2010-01-01,2010-12-31,2011-01-01,2011-06-30,2010-05-24 11:04:00,2010-05-24 11:04:00,1,9,9,61,115.31,United Kingdom
16186,0,True,2010-01-01,2010-12-31,2011-01-01,2011-06-30,2010-03-15 11:39:00,2010-12-02 14:40:00,14,286,108,3531,4629.83,United Kingdom
16188,0,True,2010-01-01,2010-12-31,2011-01-01,2011-06-30,2010-10-27 11:50:00,2010-10-27 11:50:00,1,7,7,56,105.80000000000001,United Kingdom
16190,1,False,2010-01-01,2010-12-31,2011-01-01,2011-06-30,2010-04-19 14:34:00,2010-11-10 09:43:00,6,101,80,1019,2311.55,United Kingdom
16191,0,True,2010-01-01,2010-12-31,2011-01-01,2011-06-30,2010-06-11 10:47:00,2010-12-14 13:00:00,12,95,57,6553,10776.300000000001,United Kingdom
16193,0,True,2010-01-01,2010-12-31,2011-01-01,2011-06-30,2010-10-25 10:25:00,2010-10-25 10:25:00,1,19,19,160,315.98,United Kingdom
16194,1,False,2010-01-01,2010-12-31,2011-01-01,2011-06-30,2010-11-29 13:28:00,2010-11-29 13:28:00,1,8,8,140,308.59999999999997,United Kingdom
16196,1,False,2010-01-01,2010-12-31,2011-01-01,2011-06-30,2010-08-08 11:40:00,2010-08-08 11:40:00,1,4,4,26,93.3,United Kingdom
16197,1,False,2010-01-01,2010-12-31,2011-01-01,2011-06-30,2010-03-29 15:03:00,2010-08-27 12:56:00,8,89,48,1362,1899.41,United Kingdom
16198,1,False,2010-01-01,2010-12-31,2011-01-01,2011-06-30,2010-09-28 13:59:00,2010-09-28 13:59:00,1,18,18,255,629.36,United Kingdom
16199,1,False,2010-01-01,2010-12-31,2011-01-01,2011-06-30,2010-03-18 18:47:00,2010-11-12 12:55:00,7,10,2,321,942.75,United Kingdom
16200,0,True,2010-01-01,2010-12-31,2011-01-01,2011-06-30,2010-01-20 13:24:00,2010-11-22 11:57:00,7,239,160,1185,2563.13,United Kingdom
16201,1,False,2010-01-01,2010-12-31,2011-01-01,2011-06-30,2010-10-20 12:00:00,2010-10-20 12:00:00,1,13,13,135,248.65,United Kingdom
16202,1,False,2010-01-01,2010-12-31,2011-01-01,2011-06-30,2010-03-01 09:13:00,2010-12-14 10:43:00,7,91,80,1006,1909.82,United Kingdom
16203,0,True,2010-01-01,2010-12-31,2011-01-01,2011-06-30,2010-07-23 13:09:00,2010-12-02 15:39:00,3,42,41,345,521.64,United Kingdom
16204,1,False,2010-01-01,2010-12-31,2011-01-01,2011-06-30,2010-11-24 15:03:00,2010-11-24 15:03:00,1,38,38,227,321.26,United Kingdom
16205,0,True,2010-01-01,2010-12-31,2011-01-01,2011-06-30,2010-06-15 11:58:00,2010-11-08 12:17:00,3,100,89,936,1062.48,United Kingdom
16206,0,True,2010-01-01,2010-12-31,2011-01-01,2011-06-30,2010-01-24 15:25:00,2010-11-17 10:06:00,9,177,139,1107,2052.81,United Kingdom
16208,0,True,2010-01-01,2010-12-31,2011-01-01,2011-06-30,2010-02-24 14:24:00,2010-11-10 13:09:00,8,187,141,1208,2776.19,United Kingdom
16209,0,True,2010-01-01,2010-12-31,2011-01-01,2011-06-30,2010-06-11 11:58:00,2010-11-22 14:39:00,4,21,17,716,1884.16,United Kingdom
16210,0,True,2010-01-01,2010-12-31,2011-01-01,2011-06-30,2010-01-14 14:41:00,2010-12-16 14:29:00,16,145,94,6813,17750.61,United Kingdom
16211,1,False,2010-01-01,2010-12-31,2011-01-01,2011-06-30,2010-09-27 15:24:00,2010-10-14 13:20:00,2,13,12,365,543.5699999999999,United Kingdom
16212,0,True,2010-01-01,2010-12-31,2011-01-01,2011-06-30,2010-02-07 15:26:00,2010-03-31 12:16:00,2,37,36,327,603.37,United Kingdom
16214,0,True,2010-01-01,2010-12-31,2011-01-01,2011-06-30,2010-09-30 13:57:00,2010-09-30 13:57:00,1,54,54,888,975.5,United Kingdom
16218,0,True,2010-01-01,2010-12-31,2011-01-01,2011-06-30,2010-05-27 16:09:00,2010-12-01 11:29:00,7,80,62,1149,1355.29,United Kingdom
16219,1,False,2010-01-01,2010-12-31,2011-01-01,2011-06-30,2010-07-27 11:44:00,2010-07-27 11:44:00,1,1,1,48,40.8,United Kingdom
16221,0,True,2010-01-01,2010-12-31,2011-01-01,2011-06-30,2010-08-10 13:32:00,2010-12-07 13:13:00,7,156,104,787,1325.8,United Kingdom
16223,1,False,2010-01-01,2010-12-31,2011-01-01,2011-06-30,2010-11-09 12:07:00,2010-11-30 11:50:00,2,123,101,643,1087.05,United Kingdom
16224,0,True,2010-01-01,2010-12-31,2011-01-01,2011-06-30,2010-11-17 13:14:00,2010-11-17 13:14:00,1,20,20,439,321.24,United Kingdom
16225,0,True,2010-01-01,2010-12-31,2011-01-01,2011-06-30,2010-02-07 12:41:00,2010-11-02 15:39:00,10,166,122,788,1762.99,United Kingdom
16226,0,True,2010-01-01,2010-12-31,2011-01-01,2011-06-30,2010-10-22 11:19:00,2010-11-26 13:36:00,2,23,20,329,417.05,United Kingdom
16227,0,True,2010-01-01,2010-12-31,2011-01-01,2011-06-30,2010-06-22 13:28:00,2010-08-02 14:16:00,2,28,23,346,713.0,United Kingdom
16228,1,False,2010-01-01,2010-12-31,2011-01-01,2011-06-30,2010-11-04 18:54:00,2010-11-19 14:20:00,3,54,45,555,885.71,United Kingdom
16229,0,True,2010-01-01,2010-12-31,2011-01-01,2011-06-30,2010-05-24 12:59:00,2010-11-23 12:01:00,4,129,109,974,1857.26,United Kingdom
16231,1,False,2010-01-01,2010-12-31,2011-01-01,2011-06-30,2010-04-21 12:06:00,2010-11-25 15:00:00,4,100,69,563,1074.47,United Kingdom
16232,0,True,2010-01-01,2010-12-31,2011-01-01,2011-06-30,2010-06-07 14:04:00,2010-10-15 16:00:00,3,68,49,1299,1722.09,United Kingdom
16233,0,True,2010-01-01,2010-12-31,2011-01-01,2011-06-30,2010-01-21 15:44:00,2010-12-08 12:51:00,6,39,24,413,1134.73,United Kingdom
16234,1,False,2010-01-01,2010-12-31,2011-01-01,2011-06-30,2010-05-27 10:39:00,2010-08-20 14:33:00,3,15,13,170,333.18,United Kingdom
16235,0,True,2010-01-01,2010-12-31,2011-01-01,2011-06-30,2010-08-26 12:10:00,2010-11-29 09:22:00,4,69,55,458,1186.4,United Kingdom
16237,1,False,2010-01-01,2010-12-31,2011-01-01,2011-06-30,2010-09-28 17:02:00,2010-09-28 17:02:00,1,7,7,57,136.65,United Kingdom
16238,1,False,2010-01-01,2010-12-31,2011-01-01,2011-06-30,2010-10-13 12:36:00,2010-10-13 12:36:00,1,6,6,85,63.66,United Kingdom
16239,0,True,2010-01-01,2010-12-31,2011-01-01,2011-06-30,2010-09-02 19:17:00,2010-11-22 16:27:00,4,16,9,464,1078.0,United Kingdom
16241,0,True,2010-01-01,2010-12-31,2011-01-01,2011-06-30,2010-10-25 13:40:00,2010-12-05 11:04:00,4,321,264,912,1680.2,United Kingdom
16242,0,True,2010-01-01,2010-12-31,2011-01-01,2011-06-30,2010-03-15 16:02:00,2010-11-23 16:41:00,7,380,249,1952,3824.79,United Kingdom
16244,0,True,2010-01-01,2010-12-31,2011-01-01,2011-06-30,2010-12-02 11:41:00,2010-12-02 11:41:00,1,63,63,619,1056.63,United Kingdom
16246,1,False,2010-01-01,2010-12-31,2011-01-01,2011-06-30,2010-02-08 12:32:00,2010-09-06 12:04:00,2,88,79,336,821.35,United Kingdom
16250,0,True,2010-01-01,2010-12-31,2011-01-01,2011-06-30,2010-11-18 10:43:00,2010-12-01 09:59:00,2,25,22,168,401.94,United Kingdom
16251,1,False,2010-01-01,2010-12-31,2011-01-01,2011-06-30,2010-07-15 14:55:00,2010-07-15 14:55:00,1,20,20,44,128.31,United Kingdom
16252,1,False,2010-01-01,2010-12-31,2011-01-01,2011-06-30,2010-11-22 11:57:00,2010-11-22 11:57:00,1,21,21,158,295.09000000000003,United Kingdom
16253,0,True,2010-01-01,2010-12-31,2011-01-01,2011-06-30,2010-01-19 11:20:00,2010-10-15 14:51:00,4,160,134,2565,3209.21,United Kingdom
16254,1,False,2010-01-01,2010-12-31,2011-01-01,2011-06-30,2010-03-17 15:43:00,2010-11-26 13:22:00,3,74,65,543,967.44,United Kingdom
16255,0,True,2010-01-01,2010-12-31,2011-01-01,2011-06-30,2010-01-24 12:21:00,2010-12-09 14:25:00,8,264,136,1282,2284.34,United Kingdom
16256,0,True,2010-01-01,2010-12-31,2011-01-01,2011-06-30,2010-04-21 10:34:00,2010-08-03 08:58:00,2,16,16,1009,876.9399999999999,United Kingdom
16258,0,True,2010-01-01,2010-12-31,2011-01-01,2011-06-30,2010-03-10 14:19:00,2010-11-17 11:48:00,10,209,166,4206,6739.01,United Kingdom
16259,1,False,2010-01-01,2010-12-31,2011-01-01,2011-06-30,2010-04-13 16:57:00,2010-10-25 14:27:00,3,85,75,143,340.94,United Kingdom
16261,0,True,2010-01-01,2010-12-31,2011-01-01,2011-06-30,2010-09-23 16:40:00,2010-11-18 19:22:00,2,44,41,153,312.62,United Kingdom
16262,1,False,2010-01-01,2010-12-31,2011-01-01,2011-06-30,2010-11-26 13:22:00,2010-11-26 13:22:00,1,46,46,446,755.15,United Kingdom
16263,1,False,2010-01-01,2010-12-31,2011-01-01,2011-06-30,2010-10-12 14:52:00,2010-10-12 14:52:00,1,21,19,197,348.16,United Kingdom
16264,1,False,2010-01-01,2010-12-31,2011-01-01,2011-06-30,2010-09-19 16:14:00,2010-09-27 15:00:00,2,63,62,616,823.53,United Kingdom
16265,0,True,2010-01-01,2010-12-31,2011-01-01,2011-06-30,2010-10-28 15:18:00,2010-12-10 10:22:00,5,117,73,937,2328.98,United Kingdom
16266,0,True,2010-01-01,2010-12-31,2011-01-01,2011-06-30,2010-02-04 16:21:00,2010-10-12 17:20:00,7,48,41,393,896.06,United Kingdom
16267,1,False,2010-01-01,2010-12-31,2011-01-01,2011-06-30,2010-04-27 14:10:00,2010-04-27 14:10:00,1,7,7,198,186.66,United Kingdom
16269,1,False,2010-01-01,2010-12-31,2011-01-01,2011-06-30,2010-09-28 11:50:00,2010-09-28 11:50:00,1,53,53,579,717.57,United Kingdom
16270,1,False,2010-01-01,2010-12-31,2011-01-01,2011-06-30,2010-12-21 14:26:00,2010-12-21 14:26:00,1,54,54,688,1141.24,United Kingdom
16271,1,False,2010-01-01,2010-12-31,2011-01-01,2011-06-30,2010-03-07 12:03:00,2010-12-16 16:36:00,6,185,122,1463,2126.4,United Kingdom
16273,1,False,2010-01-01,2010-12-31,2011-01-01,2011-06-30,2010-02-21 16:02:00,2010-03-01 13:24:00,2,15,15,40,318.34000000000003,United Kingdom
16274,1,False,2010-01-01,2010-12-31,2011-01-01,2011-06-30,2010-12-01 15:35:00,2010-12-01 15:35:00,1,65,64,153,351.75,United Kingdom
16275,0,True,2010-01-01,2010-12-31,2011-01-01,2011-06-30,2010-03-08 14:41:00,2010-08-22 11:28:00,2,78,76,932,1591.24,United Kingdom
16276,0,True,2010-01-01,2010-12-31,2011-01-01,2011-06-30,2010-04-11 12:02:00,2010-08-17 13:40:00,2,20,16,1047,1818.79,United Kingdom
16278,1,False,2010-01-01,2010-12-31,2011-01-01,2011-06-30,2010-07-28 15:40:00,2010-08-16 13:38:00,2,32,30,228,551.46,United Kingdom
16279,0,True,2010-01-01,2010-12-31,2011-01-01,2011-06-30,2010-04-22 14:09:00,2010-11-19 11:48:00,6,242,165,2637,4195.5,United Kingdom
16281,1,False,2010-01-01,2010-12-31,2011-01-01,2011-06-30,2010-01-26 13:41:00,2010-10-12 09:01:00,2,22,19,636,1361.96,United Kingdom
16282,0,True,2010-01-01,2010-12-31,2011-01-01,2011-06-30,2010-08-09 10:27:00,2010-08-09 10:27:00,1,14,14,600,869.28,United Kingdom
16283,0,True,2010-01-01,2010-12-31,2011-01-01,2011-06-30,2010-02-28 14:12:00,2010-10-17 16:17:00,3,416,277,1631,2779.51,United Kingdom
16284,1,False,2010-01-01,2010-12-31,2011-01-01,2011-06-30,2010-11-11 13:27:00,2010-11-11 13:27:00,1,30,30,139,205.8,United Kingdom
16285,1,False,2010-01-01,2010-12-31,2011-01-01,2011-06-30,2010-03-03 16:03:00,2010-03-03 16:03:00,1,31,31,60,176.9,United Kingdom
16286,1,False,2010-01-01,2010-12-31,2011-01-01,2011-06-30,2010-03-26 09:58:00,2010-08-19 14:48:00,2,17,17,101,328.95,United Kingdom
16287,0,True,2010-01-01,2010-12-31,2011-01-01,2011-06-30,2010-01-19 09:46:00,2010-11-28 14:43:00,4,34,18,1128,864.48,United Kingdom
16288,1,False,2010-01-01,2010-12-31,2011-01-01,2011-06-30,2010-08-26 14:45:00,2010-08-26 14:45:00,1,7,7,19,129.85,United Kingdom
16289,1,False,2010-01-01,2010-12-31,2011-01-01,2011-06-30,2010-09-03 14:02:00,2010-09-03 14:02:00,1,21,21,97,136.31,United Kingdom
16290,1,False,2010-01-01,2010-12-31,2011-01-01,2011-06-30,2010-05-23 11:46:00,2010-09-01 11:52:00,4,124,85,957,1957.7,United Kingdom
16291,1,False,2010-01-01,2010-12-31,2011-01-01,2011-06-30,2010-01-26 16:26:00,2010-01-26 16:26:00,1,1,1,1,117.72,Portugal
16292,1,False,2010-01-01,2010-12-31,2011-01-01,2011-06-30,2010-04-14 13:29:00,2010-11-24 13:21:00,4,45,38,497,951.51,United Kingdom
16293,0,True,2010-01-01,2010-12-31,2011-01-01,2011-06-30,2010-05-19 10:33:00,2010-12-07 15:02:00,5,104,83,936,2083.32,United Kingdom
16294,1,False,2010-01-01,2010-12-31,2011-01-01,2011-06-30,2010-08-20 12:01:00,2010-08-20 12:01:00,1,8,8,54,126.05000000000001,United Kingdom
16296,1,False,2010-01-01,2010-12-31,2011-01-01,2011-06-30,2010-01-07 18:33:00,2010-03-23 13:11:00,3,55,42,487,937.6700000000001,United Kingdom
16298,0,True,2010-01-01,2010-12-31,2011-01-01,2011-06-30,2010-09-23 15:23:00,2010-11-07 14:32:00,4,20,16,110,487.5,United Kingdom
16299,1,False,2010-01-01,2010-12-31,2011-01-01,2011-06-30,2010-08-19 17:46:00,2010-08-19 17:46:00,1,12,12,107,193.65,United Kingdom
16300,1,False,2010-01-01,2010-12-31,2011-01-01,2011-06-30,2010-02-02 11:40:00,2010-10-05 13:14:00,3,238,190,643,1367.32,United Kingdom
16303,0,True,2010-01-01,2010-12-31,2011-01-01,2011-06-30,2010-03-18 14:12:00,2010-11-12 15:05:00,4,124,66,1200,2567.64,United Kingdom
16304,1,False,2010-01-01,2010-12-31,2011-01-01,2011-06-30,2010-01-14 08:30:00,2010-01-14 08:30:00,1,25,25,228,381.66,United Kingdom
16306,0,True,2010-01-01,2010-12-31,2011-01-01,2011-06-30,2010-10-01 09:36:00,2010-12-07 15:18:00,2,28,27,255,560.55,United Kingdom
16307,1,False,2010-01-01,2010-12-31,2011-01-01,2011-06-30,2010-05-11 14:40:00,2010-10-06 14:31:00,3,75,69,1123,1194.92,United Kingdom
16308,0,True,2010-01-01,2010-12-31,2011-01-01,2011-06-30,2010-06-14 11:48:00,2010-10-29 12:09:00,2,2,1,5000,1600.0,United Kingdom
16310,1,False,2010-01-01,2010-12-31,2011-01-01,2011-06-30,2010-03-07 15:41:00,2010-10-21 14:47:00,2,28,26,270,460.08,United Kingdom
16312,1,False,2010-01-01,2010-12-31,2011-01-01,2011-06-30,2010-10-03 14:15:00,2010-10-03 14:15:00,1,10,10,53,171.15,United Kingdom
16314,1,False,2010-01-01,2010-12-31,2011-01-01,2011-06-30,2010-08-24 11:52:00,2010-11-15 12:06:00,3,62,58,636,1491.4,United Kingdom
16315,0,True,2010-01-01,2010-12-31,2011-01-01,2011-06-30,2010-06-21 13:53:00,2010-06-21 13:53:00,1,9,9,68,176.34,United Kingdom
16316,0,True,2010-01-01,2010-12-31,2011-01-01,2011-06-30,2010-08-03 14:38:00,2010-12-16 14:26:00,6,166,121,1803,3114.22,United Kingdom
16317,0,True,2010-01-01,2010-12-31,2011-01-01,2011-06-30,2010-05-04 10:17:00,2010-06-07 14:24:00,2,48,47,346,850.86,United Kingdom
16320,0,True,2010-01-01,2010-12-31,2011-01-01,2011-06-30,2010-01-27 13:29:00,2010-09-12 13:51:00,4,185,138,2587,4590.53,Unspecified
16321,0,True,2010-01-01,2010-12-31,2011-01-01,2011-06-30,2010-03-23 16:01:00,2010-03-23 16:01:00,1,2,2,24,34.8,Australia
16323,0,True,2010-01-01,2010-12-31,2011-01-01,2011-06-30,2010-05-11 09:48:00,2010-05-11 09:48:00,1,3,3,96,146.16,United Kingdom
16325,0,True,2010-01-01,2010-12-31,2011-01-01,2011-06-30,2010-01-08 12:51:00,2010-10-11 09:40:00,7,99,87,2038,2657.72,United Kingdom
16326,0,True,2010-01-01,2010-12-31,2011-01-01,2011-06-30,2010-01-28 13:23:00,2010-11-21 11:03:00,10,167,122,401,1682.03,United Kingdom
16327,0,True,2010-01-01,2010-12-31,2011-01-01,2011-06-30,2010-01-22 15:04:00,2010-12-05 12:43:00,10,529,226,5544,6176.36,United Kingdom
16328,1,False,2010-01-01,2010-12-31,2011-01-01,2011-06-30,2010-05-25 14:02:00,2010-05-25 14:02:00,1,16,16,141,310.83,United Kingdom
16329,1,False,2010-01-01,2010-12-31,2011-01-01,2011-06-30,2010-03-04 15:07:00,2010-10-08 12:44:00,3,74,61,683,1414.86,United Kingdom
16330,1,False,2010-01-01,2010-12-31,2011-01-01,2011-06-30,2010-02-15 12:36:00,2010-10-11 14:59:00,4,78,71,179,373.46999999999997,United Kingdom
16331,1,False,2010-01-01,2010-12-31,2011-01-01,2011-06-30,2010-03-07 10:55:00,2010-10-03 13:47:00,6,34,33,756,2037.7,United Kingdom
16332,0,True,2010-01-01,2010-12-31,2011-01-01,2011-06-30,2010-04-29 13:41:00,2010-10-04 13:13:00,4,46,41,331,417.21000000000004,United Kingdom
16334,1,False,2010-01-01,2010-12-31,2011-01-01,2011-06-30,2010-08-04 16:38:00,2010-08-04 16:38:00,1,54,54,206,263.73,United Kingdom
16335,1,False,2010-01-01,2010-12-31,2011-01-01,2011-06-30,2010-01-17 10:27:00,2010-06-06 11:35:00,5,262,159,739,1954.37,United Kingdom
16336,1,False,2010-01-01,2010-12-31,2011-01-01,2011-06-30,2010-03-18 08:05:00,2010-10-15 12:32:00,4,68,64,1473,3517.69,United Kingdom
16340,1,False,2010-01-01,2010-12-31,2011-01-01,2011-06-30,2010-06-06 13:26:00,2010-09-26 12:51:00,2,216,170,833,961.93,United Kingdom
16341,0,True,2010-01-01,2010-12-31,2011-01-01,2011-06-30,2010-04-09 10:30:00,2010-09-28 17:55:00,3,81,67,1624,1878.92,United Kingdom
16343,1,False,2010-01-01,2010-12-31,2011-01-01,2011-06-30,2010-10-28 14:15:00,2010-10-28 14:15:00,1,35,28,170,285.54,United Kingdom
16344,1,False,2010-01-01,2010-12-31,2011-01-01,2011-06-30,2010-02-09 12:16:00,2010-07-18 11:31:00,3,44,42,688,741.3199999999999,United Kingdom
16345,1,False,2010-01-01,2010-12-31,2011-01-01,2011-06-30,2010-08-13 17:13:00,2010-08-13 17:13:00,1,71,68,323,613.33,United Kingdom
16346,1,False,2010-01-01,2010-12-31,2011-01-01,2011-06-30,2010-11-19 15:55:00,2010-11-19 15:55:00,1,15,15,289,224.51,United Kingdom
16347,1,False,2010-01-01,2010-12-31,2011-01-01,2011-06-30,2010-03-12 12:41:00,2010-11-16 14:15:00,9,257,167,1374,2595.51,United Kingdom
16348,0,True,2010-01-01,2010-12-31,2011-01-01,2011-06-30,2010-10-05 13:57:00,2010-10-05 13:57:00,1,31,29,359,328.77,United Kingdom
16350,0,True,2010-01-01,2010-12-31,2011-01-01,2011-06-30,2010-10-07 16:33:00,2010-11-30 12:31:00,5,65,49,532,1137.42,United Kingdom
16351,0,True,2010-01-01,2010-12-31,2011-01-01,2011-06-30,2010-01-07 15:26:00,2010-10-24 11:21:00,10,154,110,1827,2814.93,United Kingdom
16353,0,True,2010-01-01,2010-12-31,2011-01-01,2011-06-30,2010-01-15 08:13:00,2010-12-20 14:06:00,16,78,46,1419,2911.85,United Kingdom
16354,1,False,2010-01-01,2010-12-31,2011-01-01,2011-06-30,2010-04-27 13:33:00,2010-11-25 12:18:00,3,101,87,442,723.66,United Kingdom
16355,1,False,2010-01-01,2010-12-31,2011-01-01,2011-06-30,2010-11-29 14:21:00,2010-11-29 14:21:00,1,48,47,179,416.35,United Kingdom
16356,0,True,2010-01-01,2010-12-31,2011-01-01,2011-06-30,2010-06-06 11:26:00,2010-11-28 15:25:00,3,28,17,97,204.10000000000002,United Kingdom
16357,0,True,2010-01-01,2010-12-31,2011-01-01,2011-06-30,2010-11-23 18:52:00,2010-11-23 18:52:00,1,13,13,143,209.49,United Kingdom
16358,0,True,2010-01-01,2010-12-31,2011-01-01,2011-06-30,2010-11-10 11:36:00,2010-11-10 11:36:00,1,45,45,763,892.1500000000001,United Kingdom
16359,0,True,2010-01-01,2010-12-31,2011-01-01,2011-06-30,2010-02-16 10:39:00,2010-11-28 12:49:00,7,59,52,581,946.83,United Kingdom
16362,1,False,2010-01-01,2010-12-31,2011-01-01,2011-06-30,2010-09-28 09:24:00,2010-09-28 09:24:00,1,13,13,127,212.17,United Kingdom
16365,0,True,2010-01-01,2010-12-31,2011-01-01,2011-06-30,2010-03-18 12:47:00,2010-12-15 14:26:00,7,70,56,558,1796.61,United Kingdom
16366,1,False,2010-01-01,2010-12-31,2011-01-01,2011-06-30,2010-01-28 13:00:00,2010-05-06 13:28:00,2,45,44,531,977.18,United Kingdom
16367,1,False,2010-01-01,2010-12-31,2011-01-01,2011-06-30,2010-11-21 13:23:00,2010-12-12 12:01:00,2,130,119,547,716.9,United Kingdom
16368,1,False,2010-01-01,2010-12-31,2011-01-01,2011-06-30,2010-09-30 11:30:00,2010-09-30 11:30:00,1,21,20,56,141.53,United Kingdom
16369,0,True,2010-01-01,2010-12-31,2011-01-01,2011-06-30,2010-04-07 16:52:00,2010-09-29 13:47:00,4,52,36,559,1111.15,United Kingdom
16371,1,False,2010-01-01,2010-12-31,2011-01-01,2011-06-30,2010-09-17 12:09:00,2010-09-17 12:09:00,1,11,11,108,157.2,United Kingdom
16372,1,False,2010-01-01,2010-12-31,2011-01-01,2011-06-30,2010-04-11 15:20:00,2010-10-26 12:54:00,3,223,203,564,934.58,United Kingdom
16373,1,False,2010-01-01,2010-12-31,2011-01-01,2011-06-30,2010-10-24 13:10:00,2010-11-22 15:50:00,2,29,25,119,309.49,United Kingdom
16374,0,True,2010-01-01,2010-12-31,2011-01-01,2011-06-30,2010-04-30 13:10:00,2010-11-02 13:27:00,3,237,210,534,1256.67,United Kingdom
16375,1,False,2010-01-01,2010-12-31,2011-01-01,2011-06-30,2010-08-26 14:12:00,2010-08-26 14:25:00,2,13,11,74,104.0,United Kingdom
16377,0,True,2010-01-01,2010-12-31,2011-01-01,2011-06-30,2010-04-01 10:36:00,2010-04-01 10:36:00,1,5,5,1428,632.28,United Kingdom
16381,1,False,2010-01-01,2010-12-31,2011-01-01,2011-06-30,2010-10-17 13:06:00,2010-11-09 09:56:00,2,61,60,108,247.85,United Kingdom
16382,1,False,2010-01-01,2010-12-31,2011-01-01,2011-06-30,2010-06-07 12:42:00,2010-10-27 16:23:00,2,44,42,167,353.1,United Kingdom
16383,0,True,2010-01-01,2010-12-31,2011-01-01,2011-06-30,2010-02-04 13:18:00,2010-11-08 14:48:00,5,302,198,1129,2252.93,United Kingdom
16384,0,True,2010-01-01,2010-12-31,2011-01-01,2011-06-30,2010-04-28 14:01:00,2010-10-06 12:49:00,2,48,48,601,774.4499999999999,United Kingdom
16385,1,False,2010-01-01,2010-12-31,2011-01-01,2011-06-30,2010-03-18 12:45:00,2010-12-08 12:56:00,3,76,64,285,473.69,United Kingdom
16386,0,True,2010-01-01,2010-12-31,2011-01-01,2011-06-30,2010-11-17 11:19:00,2010-11-17 11:19:00,1,58,54,495,765.59,United Kingdom
16387,0,True,2010-01-01,2010-12-31,2011-01-01,2011-06-30,2010-03-11 12:22:00,2010-11-09 09:02:00,4,83,68,404,788.1,United Kingdom
16388,1,False,2010-01-01,2010-12-31,2011-01-01,2011-06-30,2010-02-24 10:20:00,2010-02-24 10:20:00,1,13,13,83,186.05,United Kingdom
16390,1,False,2010-01-01,2010-12-31,2011-01-01,2011-06-30,2010-01-29 15:25:00,2010-06-21 10:11:00,3,21,16,122,467.5,United Kingdom
16391,1,False,2010-01-01,2010-12-31,2011-01-01,2011-06-30,2010-05-27 11:27:00,2010-11-04 12:27:00,4,304,261,715,1052.26,United Kingdom
16392,0,True,2010-01-01,2010-12-31,2011-01-01,2011-06-30,2010-05-27 11:17:00,2010-10-22 11:40:00,2,101,92,403,538.81,United Kingdom
16393,0,True,2010-01-01,2010-12-31,2011-01-01,2011-06-30,2010-02-19 12:50:00,2010-12-12 11:54:00,11,325,159,1366,2207.34,United Kingdom
16395,0,True,2010-01-01,2010-12-31,2011-01-01,2011-06-30,2010-08-05 19:22:00,2010-11-11 12:18:00,7,378,283,1261,1791.69,United Kingdom
16396,1,False,2010-01-01,2010-12-31,2011-01-01,2011-06-30,2010-08-20 14:17:00,2010-08-20 14:17:00,1,8,8,80,137.8,United Kingdom
16397,1,False,2010-01-01,2010-12-31,2011-01-01,2011-06-30,2010-03-21 15:36:00,2010-03-21 15:36:00,1,9,9,43,123.13,United Kingdom
16399,0,True,2010-01-01,2010-12-31,2011-01-01,2011-06-30,2010-11-15 15:03:00,2010-11-15 15:03:00,1,38,37,189,222.20000000000002,United Kingdom
16400,1,False,2010-01-01,2010-12-31,2011-01-01,2011-06-30,2010-03-08 14:04:00,2010-11-09 14:11:00,7,198,161,1570,2195.94,United Kingdom
16401,0,True,2010-01-01,2010-12-31,2011-01-01,2011-06-30,2010-06-02 13:13:00,2010-11-25 08:20:00,11,177,76,2153,2750.83,United Kingdom
16402,0,True,2010-01-01,2010-12-31,2011-01-01,2011-06-30,2010-12-05 13:42:00,2010-12-05 13:42:00,1,54,53,102,205.65,United Kingdom
16406,1,False,2010-01-01,2010-12-31,2011-01-01,2011-06-30,2010-02-24 11:51:00,2010-09-15 11:53:00,2,90,85,141,374.01,United Kingdom
16407,0,True,2010-01-01,2010-12-31,2011-01-01,2011-06-30,2010-10-03 13:56:00,2010-11-15 16:56:00,4,57,43,355,681.97,United Kingdom
16408,1,False,2010-01-01,2010-12-31,2011-01-01,2011-06-30,2010-04-27 14:08:00,2010-04-27 14:08:00,1,45,45,227,231.93,United Kingdom
16409,0,True,2010-01-01,2010-12-31,2011-01-01,2011-06-30,2010-02-16 15:35:00,2010-11-24 13:25:00,6,460,243,2035,3116.95,United Kingdom
16411,1,False,2010-01-01,2010-12-31,2011-01-01,2011-06-30,2010-10-07 15:09:00,2010-12-05 13:26:00,3,157,119,399,673.24,United Kingdom
16412,1,False,2010-01-01,2010-12-31,2011-01-01,2011-06-30,2010-02-04 13:46:00,2010-11-11 11:52:00,4,92,72,225,457.2,United Kingdom
16413,1,False,2010-01-01,2010-12-31,2011-01-01,2011-06-30,2010-11-29 12:49:00,2010-11-29 12:49:00,1,37,32,135,259.83,United Kingdom
16414,0,True,2010-01-01,2010-12-31,2011-01-01,2011-06-30,2010-01-14 10:21:00,2010-10-04 12:19:00,3,56,54,174,424.96000000000004,United Kingdom
16415,1,False,2010-01-01,2010-12-31,2011-01-01,2011-06-30,2010-02-01 12:30:00,2010-05-05 11:51:00,2,98,78,330,496.49,United Kingdom
16416,1,False,2010-01-01,2010-12-31,2011-01-01,2011-06-30,2010-02-23 12:00:00,2010-11-14 13:24:00,6,115,92,1526,1906.48,United Kingdom
16417,1,False,2010-01-01,2010-12-31,2011-01-01,2011-06-30,2010-08-04 09:08:00,2010-08-04 09:08:00,1,1,1,6,35.7,United Kingdom
16418,0,True,2010-01-01,2010-12-31,2011-01-01,2011-06-30,2010-10-13 12:31:00,2010-10-27 12:55:00,2,61,55,284,397.62,United Kingdom
16419,0,True,2010-01-01,2010-12-31,2011-01-01,2011-06-30,2010-02-09 13:26:00,2010-05-11 12:18:00,2,40,34,273,504.99,United Kingdom
16420,1,False,2010-01-01,2010-12-31,2011-01-01,2011-06-30,2010-11-08 15:15:00,2010-11-08 15:15:00,1,2,2,120,75.0,United Kingdom
16421,1,False,2010-01-01,2010-12-31,2011-01-01,2011-06-30,2010-08-27 12:02:00,2010-11-28 13:31:00,3,38,35,123,526.27,United Kingdom
16422,0,True,2010-01-01,2010-12-31,2011-01-01,2011-06-30,2010-01-12 11:57:00,2010-12-20 11:41:00,61,351,100,32917,29261.79,United Kingdom
16424,0,True,2010-01-01,2010-12-31,2011-01-01,2011-06-30,2010-11-22 11:24:00,2010-11-22 11:24:00,1,8,8,124,309.5,United Kingdom
16428,1,False,2010-01-01,2010-12-31,2011-01-01,2011-06-30,2010-07-30 12:10:00,2010-10-22 12:22:00,3,127,121,575,638.49,United Kingdom
16430,1,False,2010-01-01,2010-12-31,2011-01-01,2011-06-30,2010-01-27 12:45:00,2010-11-23 14:53:00,6,22,17,204,817.09,United Kingdom
16433,1,False,2010-01-01,2010-12-31,2011-01-01,2011-06-30,2010-10-27 12:26:00,2010-10-27 12:26:00,1,17,17,108,200.26,United Kingdom
16434,0,True,2010-01-01,2010-12-31,2011-01-01,2011-06-30,2010-01-17 14:51:00,2010-09-19 13:36:00,5,73,55,550,1161.89,United Kingdom
16435,1,False,2010-01-01,2010-12-31,2011-01-01,2011-06-30,2010-07-13 13:29:00,2010-07-15 18:22:00,3,125,119,608,1003.0699999999999,United Kingdom
16436,1,False,2010-01-01,2010-12-31,2011-01-01,2011-06-30,2010-02-09 13:19:00,2010-02-09 13:19:00,1,24,24,122,126.69,United Kingdom
16437,1,False,2010-01-01,2010-12-31,2011-01-01,2011-06-30,2010-10-06 12:34:00,2010-11-23 16:59:00,2,21,17,197,301.25,United Kingdom
16440,0,True,2010-01-01,2010-12-31,2011-01-01,2011-06-30,2010-08-03 11:32:00,2010-08-03 11:32:00,1,25,25,90,216.3,United Kingdom
16441,0,True,2010-01-01,2010-12-31,2011-01-01,2011-06-30,2010-03-22 18:00:00,2010-10-18 12:57:00,3,61,55,305,637.93,United Kingdom
16442,0,True,2010-01-01,2010-12-31,2011-01-01,2011-06-30,2010-04-14 13:35:00,2010-12-14 10:46:00,2,83,82,137,274.68,United Kingdom
16443,1,False,2010-01-01,2010-12-31,2011-01-01,2011-06-30,2010-07-07 11:57:00,2010-07-07 11:57:00,1,1,1,96,162.24,United Kingdom
16444,0,True,2010-01-01,2010-12-31,2011-01-01,2011-06-30,2010-03-24 14:06:00,2010-11-14 10:21:00,13,287,159,1538,2971.21,United Kingdom
16445,1,False,2010-01-01,2010-12-31,2011-01-01,2011-06-30,2010-10-24 12:39:00,2010-11-18 11:37:00,3,117,93,176,352.65,United Kingdom
16447,1,False,2010-01-01,2010-12-31,2011-01-01,2011-06-30,2010-02-17 14:09:00,2010-04-28 13:21:00,2,34,27,94,471.19,United Kingdom
16448,0,True,2010-01-01,2010-12-31,2011-01-01,2011-06-30,2010-08-25 16:58:00,2010-08-25 16:58:00,1,31,31,100,178.13,United Kingdom
16450,1,False,2010-01-01,2010-12-31,2011-01-01,2011-06-30,2010-02-21 15:46:00,2010-05-04 13:43:00,2,32,27,481,1193.81,United Kingdom
16451,1,False,2010-01-01,2010-12-31,2011-01-01,2011-06-30,2010-05-27 17:56:00,2010-05-27 17:56:00,1,29,29,203,438.53,United Kingdom
16452,1,False,2010-01-01,2010-12-31,2011-01-01,2011-06-30,2010-01-15 12:22:00,2010-03-19 12:39:00,2,18,14,199,332.17,United Kingdom
16453,1,False,2010-01-01,2010-12-31,2011-01-01,2011-06-30,2010-06-09 13:15:00,2010-06-27 12:46:00,2,15,15,139,251.71,United Kingdom
16454,1,False,2010-01-01,2010-12-31,2011-01-01,2011-06-30,2010-04-07 15:54:00,2010-04-12 09:52:00,2,2,2,6,24.05,United Kingdom
16455,0,True,2010-01-01,2010-12-31,2011-01-01,2011-06-30,2010-03-30 10:31:00,2010-12-13 17:03:00,7,136,88,2165,2686.37,United Kingdom
16456,0,True,2010-01-01,2010-12-31,2011-01-01,2011-06-30,2010-03-29 11:16:00,2010-12-01 14:11:00,9,297,188,2541,4630.16,United Kingdom
16458,0,True,2010-01-01,2010-12-31,2011-01-01,2011-06-30,2010-05-26 14:38:00,2010-12-14 11:51:00,13,189,66,1327,2402.05,United Kingdom
16461,0,True,2010-01-01,2010-12-31,2011-01-01,2011-06-30,2010-03-03 13:57:00,2010-04-28 11:54:00,2,220,196,885,1402.91,United Kingdom
16465,1,False,2010-01-01,2010-12-31,2011-01-01,2011-06-30,2010-09-21 10:46:00,2010-10-15 09:27:00,2,48,45,504,746.24,United Kingdom
16466,0,True,2010-01-01,2010-12-31,2011-01-01,2011-06-30,2010-03-07 14:31:00,2010-11-21 11:30:00,8,190,134,992,2171.13,United Kingdom
16467,1,False,2010-01-01,2010-12-31,2011-01-01,2011-06-30,2010-01-06 10:58:00,2010-07-19 11:49:00,6,22,14,7296,2738.04,United Kingdom
16468,1,False,2010-01-01,2010-12-31,2011-01-01,2011-06-30,2010-08-15 13:10:00,2010-08-26 16:36:00,2,43,37,340,712.62,United Kingdom
16469,0,True,2010-01-01,2010-12-31,2011-01-01,2011-06-30,2010-07-13 13:17:00,2010-07-13 13:17:00,1,23,23,72,178.48000000000002,United Kingdom
16470,0,True,2010-01-01,2010-12-31,2011-01-01,2011-06-30,2010-04-19 12:28:00,2010-12-16 11:53:00,7,312,214,850,1689.24,United Kingdom
16471,0,True,2010-01-01,2010-12-31,2011-01-01,2011-06-30,2010-02-25 10:07:00,2010-11-11 15:47:00,3,49,40,529,966.03,United Kingdom
16472,1,False,2010-01-01,2010-12-31,2011-01-01,2011-06-30,2010-04-21 11:48:00,2010-10-01 13:56:00,2,39,39,252,789.6,United Kingdom
16473,0,True,2010-01-01,2010-12-31,2011-01-01,2011-06-30,2010-11-30 16:29:00,2010-11-30 16:29:00,1,10,10,100,154.72,United Kingdom
16476,1,False,2010-01-01,2010-12-31,2011-01-01,2011-06-30,2010-10-04 10:29:00,2010-10-04 10:29:00,1,24,24,187,350.35,United Kingdom
16477,0,True,2010-01-01,2010-12-31,2011-01-01,2011-06-30,2010-08-12 09:43:00,2010-12-22 13:39:00,6,133,110,1410,2144.31,United Kingdom
16481,1,False,2010-01-01,2010-12-31,2011-01-01,2011-06-30,2010-01-26 13:09:00,2010-01-26 13:09:00,1,16,16,201,453.38,United Kingdom
16485,1,False,2010-01-01,2010-12-31,2011-01-01,2011-06-30,2010-02-21 12:31:00,2010-10-03 15:30:00,3,72,67,578,1304.3,United Kingdom
16486,1,False,2010-01-01,2010-12-31,2011-01-01,2011-06-30,2010-06-20 12:16:00,2010-06-20 12:16:00,1,7,7,24,134.36,United Kingdom
16487,1,False,2010-01-01,2010-12-31,2011-01-01,2011-06-30,2010-02-18 17:36:00,2010-05-11 13:38:00,2,35,28,163,209.4,United Kingdom
16489,1,False,2010-01-01,2010-12-31,2011-01-01,2011-06-30,2010-09-29 15:02:00,2010-11-24 14:40:00,2,6,4,38,303.7,United Kingdom
16490,1,False,2010-01-01,2010-12-31,2011-01-01,2011-06-30,2010-09-29 16:30:00,2010-09-29 16:30:00,1,13,13,113,205.41000000000003,United Kingdom
16491,1,False,2010-01-01,2010-12-31,2011-01-01,2011-06-30,2010-10-22 15:42:00,2010-10-22 15:42:00,1,48,48,582,801.66,United Kingdom
16492,1,False,2010-01-01,2010-12-31,2011-01-01,2011-06-30,2010-06-17 08:20:00,2010-06-17 08:20:00,1,23,23,235,385.56,United Kingdom
16493,0,True,2010-01-01,2010-12-31,2011-01-01,2011-06-30,2010-03-26 13:05:00,2010-09-21 12:37:00,3,55,50,824,780.46,United Kingdom
16496,0,True,2010-01-01,2010-12-31,2011-01-01,2011-06-30,2010-07-18 13:42:00,2010-10-04 12:34:00,3,43,42,653,731.25,United Kingdom
16497,0,True,2010-01-01,2010-12-31,2011-01-01,2011-06-30,2010-01-08 10:30:00,2010-10-22 11:00:00,16,182,132,1543,3434.7400000000002,United Kingdom
16499,1,False,2010-01-01,2010-12-31,2011-01-01,2011-06-30,2010-06-11 12:22:00,2010-12-14 13:31:00,8,144,104,1364,2578.34,United Kingdom
16500,0,True,2010-01-01,2010-12-31,2011-01-01,2011-06-30,2010-06-14 14:54:00,2010-11-30 09:46:00,3,23,19,263,443.05,United Kingdom
16501,1,False,2010-01-01,2010-12-31,2011-01-01,2011-06-30,2010-11-21 14:10:00,2010-11-21 14:10:00,1,199,181,628,1191.23,United Kingdom
16502,1,False,2010-01-01,2010-12-31,2011-01-01,2011-06-30,2010-03-29 13:39:00,2010-03-29 13:44:00,2,41,41,220,258.55,United Kingdom
16503,0,True,2010-01-01,2010-12-31,2011-01-01,2011-06-30,2010-06-21 14:07:00,2010-12-14 13:50:00,8,159,136,1185,2670.5,United Kingdom
16507,1,False,2010-01-01,2010-12-31,2011-01-01,2011-06-30,2010-05-16 12:56:00,2010-05-16 12:56:00,1,38,37,111,142.71,United Kingdom
16508,1,False,2010-01-01,2010-12-31,2011-01-01,2011-06-30,2010-03-19 13:41:00,2010-03-19 13:41:00,1,43,42,103,240.95,United Kingdom
16510,1,False,2010-01-01,2010-12-31,2011-01-01,2011-06-30,2010-01-17 12:30:00,2010-12-02 13:39:00,6,112,94,930,1777.5,United Kingdom
16511,0,True,2010-01-01,2010-12-31,2011-01-01,2011-06-30,2010-03-01 12:21:00,2010-11-07 15:30:00,3,145,123,364,842.16,United Kingdom
16515,0,True,2010-01-01,2010-12-31,2011-01-01,2011-06-30,2010-06-17 12:17:00,2010-11-25 12:34:00,5,125,106,747,1554.92,United Kingdom
16518,0,True,2010-01-01,2010-12-31,2011-01-01,2011-06-30,2010-06-01 13:31:00,2010-10-14 12:14:00,2,28,28,197,475.05,United Kingdom
16519,1,False,2010-01-01,2010-12-31,2011-01-01,2011-06-30,2010-03-01 13:51:00,2010-12-09 14:08:00,3,28,25,120,327.68,United Kingdom
16520,0,True,2010-01-01,2010-12-31,2011-01-01,2011-06-30,2010-03-02 16:50:00,2010-12-09 13:08:00,4,256,201,704,1427.57,United Kingdom
16521,1,False,2010-01-01,2010-12-31,2011-01-01,2011-06-30,2010-03-01 13:22:00,2010-10-20 13:09:00,3,237,212,1014,1140.11,United Kingdom
16522,1,False,2010-01-01,2010-12-31,2011-01-01,2011-06-30,2010-09-15 13:32:00,2010-09-30 10:54:00,2,18,16,212,433.36,United Kingdom
16523,0,True,2010-01-01,2010-12-31,2011-01-01,2011-06-30,2010-01-24 13:14:00,2010-10-20 12:42:00,7,81,61,714,2497.86,United Kingdom
16524,1,False,2010-01-01,2010-12-31,2011-01-01,2011-06-30,2010-01-17 13:16:00,2010-09-19 13:37:00,2,53,50,259,306.19,United Kingdom
16525,0,True,2010-01-01,2010-12-31,2011-01-01,2011-06-30,2010-01-07 12:32:00,2010-12-16 08:03:00,20,156,75,6448,10271.9,United Kingdom
16526,0,True,2010-01-01,2010-12-31,2011-01-01,2011-06-30,2010-05-04 16:34:00,2010-05-04 16:34:00,1,20,20,173,426.85,United Kingdom
16527,1,False,2010-01-01,2010-12-31,2011-01-01,2011-06-30,2010-10-11 13:25:00,2010-10-11 13:25:00,1,59,58,602,1004.88,United Kingdom
16529,0,True,2010-01-01,2010-12-31,2011-01-01,2011-06-30,2010-06-27 13:29:00,2010-08-19 12:48:00,3,98,72,541,1531.55,United Kingdom
16530,1,False,2010-01-01,2010-12-31,2011-01-01,2011-06-30,2010-02-09 15:30:00,2010-02-09 15:30:00,1,3,3,17,48.349999999999994,United Kingdom
16531,0,True,2010-01-01,2010-12-31,2011-01-01,2011-06-30,2010-09-24 09:49:00,2010-12-14 13:19:00,5,67,60,1022,1146.56,United Kingdom
16532,0,True,2010-01-01,2010-12-31,2011-01-01,2011-06-30,2010-03-29 10:26:00,2010-10-04 11:52:00,2,2,1,528,2007.84,United Kingdom
16534,1,False,2010-01-01,2010-12-31,2011-01-01,2011-06-30,2010-03-07 15:47:00,2010-03-07 15:47:00,1,36,36,168,635.9,United Kingdom
16535,1,False,2010-01-01,2010-12-31,2011-01-01,2011-06-30,2010-01-28 15:26:00,2010-11-19 13:01:00,2,40,36,308,378.28999999999996,United Kingdom
16537,1,False,2010-01-01,2010-12-31,2011-01-01,2011-06-30,2010-03-08 13:41:00,2010-03-08 13:41:00,1,4,3,59,23.35,United Kingdom
16538,1,False,2010-01-01,2010-12-31,2011-01-01,2011-06-30,2010-04-23 16:25:00,2010-06-16 16:59:00,3,41,35,254,395.07,United Kingdom
16539,0,True,2010-01-01,2010-12-31,2011-01-01,2011-06-30,2010-06-25 15:24:00,2010-12-16 16:42:00,8,116,78,892,2648.1,United Kingdom
16540,1,False,2010-01-01,2010-12-31,2011-01-01,2011-06-30,2010-10-21 17:22:00,2010-10-21 17:22:00,1,29,25,105,205.75,United Kingdom
16542,1,False,2010-01-01,2010-12-31,2011-01-01,2011-06-30,2010-11-03 14:44:00,2010-11-03 14:44:00,1,9,9,96,137.7,United Kingdom
16543,1,False,2010-01-01,2010-12-31,2011-01-01,2011-06-30,2010-04-27 11:38:00,2010-04-27 11:38:00,1,18,18,317,292.21,United Kingdom
16544,1,False,2010-01-01,2010-12-31,2011-01-01,2011-06-30,2010-02-15 13:20:00,2010-07-08 11:11:00,4,11,8,150,376.70000000000005,United Kingdom
16545,0,True,2010-01-01,2010-12-31,2011-01-01,2011-06-30,2010-11-29 10:39:00,2010-11-29 10:39:00,1,5,5,244,350.52,United Kingdom
16546,0,True,2010-01-01,2010-12-31,2011-01-01,2011-06-30,2010-09-23 15:43:00,2010-12-02 12:07:00,4,69,56,3818,4819.32,United Kingdom
16547,1,False,2010-01-01,2010-12-31,2011-01-01,2011-06-30,2010-06-11 13:02:00,2010-06-11 13:02:00,1,25,25,108,104.25999999999999,United Kingdom
16548,1,False,2010-01-01,2010-12-31,2011-01-01,2011-06-30,2010-04-19 16:15:00,2010-04-19 16:15:00,1,6,6,6,30.15,United Kingdom
16549,0,True,2010-01-01,2010-12-31,2011-01-01,2011-06-30,2010-03-28 15:45:00,2010-11-07 16:29:00,24,2168,646,4793,8746.9,United Kingdom
16550,0,True,2010-01-01,2010-12-31,2011-01-01,2011-06-30,2010-01-04 11:15:00,2010-12-06 13:53:00,12,483,194,3617,5999.2,United Kingdom
16551,0,True,2010-01-01,2010-12-31,2011-01-01,2011-06-30,2010-02-08 15:48:00,2010-10-12 15:09:00,3,41,36,722,1022.02,United Kingdom
16552,0,True,2010-01-01,2010-12-31,2011-01-01,2011-06-30,2010-12-01 12:36:00,2010-12-01 12:36:00,1,5,5,39,95.29,United Kingdom
16553,0,True,2010-01-01,2010-12-31,2011-01-01,2011-06-30,2010-02-11 18:46:00,2010-12-14 13:59:00,23,225,161,12895,12473.630000000001,United Kingdom
16554,0,True,2010-01-01,2010-12-31,2011-01-01,2011-06-30,2010-03-25 11:23:00,2010-11-18 11:59:00,4,95,75,755,1589.13,United Kingdom
16555,1,False,2010-01-01,2010-12-31,2011-01-01,2011-06-30,2010-07-22 13:39:00,2010-07-22 13:43:00,4,49,46,1641,1629.79,United Kingdom
16556,0,True,2010-01-01,2010-12-31,2011-01-01,2011-06-30,2010-01-08 15:01:00,2010-12-14 13:32:00,9,254,172,2328,4394.01,United Kingdom
16558,0,True,2010-01-01,2010-12-31,2011-01-01,2011-06-30,2010-03-09 11:23:00,2010-12-17 15:39:00,19,326,195,2729,5549.12,United Kingdom
16559,1,False,2010-01-01,2010-12-31,2011-01-01,2011-06-30,2010-11-07 13:52:00,2010-11-07 13:52:00,1,17,17,61,175.0,United Kingdom
16560,1,False,2010-01-01,2010-12-31,2011-01-01,2011-06-30,2010-02-14 11:23:00,2010-12-16 14:36:00,5,103,72,817,1640.36,United Kingdom
16562,1,False,2010-01-01,2010-12-31,2011-01-01,2011-06-30,2010-08-20 11:45:00,2010-08-20 11:45:00,1,34,34,264,223.85999999999999,United Kingdom
16563,1,False,2010-01-01,2010-12-31,2011-01-01,2011-06-30,2010-02-18 11:56:00,2010-11-04 14:11:00,4,60,42,1877,2796.36,United Kingdom
16564,1,False,2010-01-01,2010-12-31,2011-01-01,2011-06-30,2010-05-19 14:41:00,2010-05-19 14:41:00,1,5,5,40,87.8,United Kingdom
16565,1,False,2010-01-01,2010-12-31,2011-01-01,2011-06-30,2010-06-02 12:47:00,2010-12-10 15:21:00,4,11,7,211,773.05,United Kingdom
16568,1,False,2010-01-01,2010-12-31,2011-01-01,2011-06-30,2010-03-08 14:51:00,2010-10-08 10:54:00,2,5,5,366,1020.9000000000001,United Kingdom
16569,1,False,2010-01-01,2010-12-31,2011-01-01,2011-06-30,2010-01-11 14:52:00,2010-03-18 15:19:00,3,19,18,596,908.88,United Kingdom
16570,0,True,2010-01-01,2010-12-31,2011-01-01,2011-06-30,2010-03-30 09:32:00,2010-11-25 13:03:00,10,115,66,2180,3695.91,United Kingdom
16571,0,True,2010-01-01,2010-12-31,2011-01-01,2011-06-30,2010-03-18 09:12:00,2010-11-09 17:41:00,7,168,103,2464,2827.05,United Kingdom
16574,1,False,2010-01-01,2010-12-31,2011-01-01,2011-06-30,2010-02-19 11:46:00,2010-10-12 09:25:00,2,58,58,586,850.34,United Kingdom
16576,1,False,2010-01-01,2010-12-31,2011-01-01,2011-06-30,2010-07-06 10:42:00,2010-10-15 13:37:00,2,33,32,323,540.87,United Kingdom
16577,1,False,2010-01-01,2010-12-31,2011-01-01,2011-06-30,2010-02-11 09:45:00,2010-02-11 09:45:00,1,23,23,142,380.0,United Kingdom
16578,1,False,2010-01-01,2010-12-31,2011-01-01,2011-06-30,2010-03-23 15:11:00,2010-03-23 15:11:00,1,9,9,108,156.6,United Kingdom
16579,1,False,2010-01-01,2010-12-31,2011-01-01,2011-06-30,2010-10-10 11:58:00,2010-10-10 11:58:00,1,14,14,119,295.05,United Kingdom
16583,1,False,2010-01-01,2010-12-31,2011-01-01,2011-06-30,2010-02-04 12:18:00,2010-12-01 12:03:00,2,18,18,153,297.95,United Kingdom
16584,0,True,2010-01-01,2010-12-31,2011-01-01,2011-06-30,2010-02-16 10:41:00,2010-10-03 14:32:00,3,54,46,1267,2220.09,United Kingdom
16585,1,False,2010-01-01,2010-12-31,2011-01-01,2011-06-30,2010-01-13 13:31:00,2010-04-25 10:34:00,2,18,16,151,341.59,United Kingdom
16586,0,True,2010-01-01,2010-12-31,2011-01-01,2011-06-30,2010-03-14 11:24:00,2010-09-21 10:11:00,2,20,19,253,998.83,United Kingdom
16588,1,False,2010-01-01,2010-12-31,2011-01-01,2011-06-30,2010-05-14 13:43:00,2010-11-18 17:56:00,4,71,64,882,1361.28,United Kingdom
16589,1,False,2010-01-01,2010-12-31,2011-01-01,2011-06-30,2010-09-15 14:56:00,2010-09-15 14:56:00,1,11,11,168,153.12,United Kingdom
16590,1,False,2010-01-01,2010-12-31,2011-01-01,2011-06-30,2010-10-21 12:09:00,2010-11-04 09:06:00,2,29,26,240,605.9,United Kingdom
16592,0,True,2010-01-01,2010-12-31,2011-01-01,2011-06-30,2010-01-24 13:51:00,2010-11-29 15:19:00,11,196,117,2441,3381.63,United Kingdom
16593,0,True,2010-01-01,2010-12-31,2011-01-01,2011-06-30,2010-09-26 15:19:00,2010-11-14 13:11:00,3,45,36,210,462.38,United Kingdom
16595,1,False,2010-01-01,2010-12-31,2011-01-01,2011-06-30,2010-01-17 12:12:00,2010-11-28 14:15:00,4,367,286,996,1397.59,United Kingdom
16596,1,False,2010-01-01,2010-12-31,2011-01-01,2011-06-30,2010-01-19 12:39:00,2010-12-08 16:18:00,2,12,12,103,233.93,United Kingdom
16599,1,False,2010-01-01,2010-12-31,2011-01-01,2011-06-30,2010-11-19 12:45:00,2010-11-19 12:45:00,1,12,12,159,172.8,United Kingdom
16600,0,True,2010-01-01,2010-12-31,2011-01-01,2011-06-30,2010-08-13 14:47:00,2010-11-30 13:34:00,6,61,44,874,1029.88,United Kingdom
16601,1,False,2010-01-01,2010-12-31,2011-01-01,2011-06-30,2010-03-26 13:39:00,2010-11-14 11:30:00,2,39,38,258,434.3,United Kingdom
16602,1,False,2010-01-01,2010-12-31,2011-01-01,2011-06-30,2010-11-16 09:13:00,2010-11-16 09:13:00,1,11,11,93,235.25,United Kingdom
16604,1,False,2010-01-01,2010-12-31,2011-01-01,2011-06-30,2010-05-20 16:34:00,2010-05-26 09:10:00,2,12,10,175,432.45,United Kingdom
16606,1,False,2010-01-01,2010-12-31,2011-01-01,2011-06-30,2010-10-01 13:21:00,2010-10-31 13:57:00,2,22,16,148,357.66,United Kingdom
16607,0,True,2010-01-01,2010-12-31,2011-01-01,2011-06-30,2010-04-29 14:01:00,2010-12-17 15:15:00,13,134,105,1692,3013.98,United Kingdom
16608,1,False,2010-01-01,2010-12-31,2011-01-01,2011-06-30,2010-02-14 11:57:00,2010-09-12 11:44:00,2,121,94,612,1286.6200000000001,United Kingdom
16611,0,True,2010-01-01,2010-12-31,2011-01-01,2011-06-30,2010-03-10 16:07:00,2010-11-01 09:33:00,5,100,79,827,1655.64,United Kingdom
16612,0,True,2010-01-01,2010-12-31,2011-01-01,2011-06-30,2010-05-23 14:06:00,2010-11-25 13:14:00,4,78,58,616,1546.9,United Kingdom
16614,0,True,2010-01-01,2010-12-31,2011-01-01,2011-06-30,2010-05-10 15:18:00,2010-11-02 18:08:00,2,23,20,126,673.6,United Kingdom
16615,1,False,2010-01-01,2010-12-31,2011-01-01,2011-06-30,2010-03-23 15:13:00,2010-03-23 15:13:00,1,19,19,211,291.5,United Kingdom
16619,0,True,2010-01-01,2010-12-31,2011-01-01,2011-06-30,2010-02-22 12:05:00,2010-11-21 16:02:00,3,102,93,922,1712.1200000000001,United Kingdom
16620,0,True,2010-01-01,2010-12-31,2011-01-01,2011-06-30,2010-03-05 15:48:00,2010-11-15 09:14:00,3,35,29,483,757.6,United Kingdom
16622,1,False,2010-01-01,2010-12-31,2011-01-01,2011-06-30,2010-06-14 10:44:00,2010-06-14 10:44:00,1,12,12,44,225.4,United Kingdom
16623,0,True,2010-01-01,2010-12-31,2011-01-01,2011-06-30,2010-04-26 14:04:00,2010-11-03 12:05:00,3,46,40,403,885.79,United Kingdom
16625,0,True,2010-01-01,2010-12-31,2011-01-01,2011-06-30,2010-06-14 11:56:00,2010-10-13 09:32:00,4,76,69,893,1320.95,United Kingdom
16628,0,True,2010-01-01,2010-12-31,2011-01-01,2011-06-30,2010-03-08 12:24:00,2010-10-28 08:38:00,2,8,8,55,130.05,United Kingdom
16630,1,False,2010-01-01,2010-12-31,2011-01-01,2011-06-30,2010-10-28 14:30:00,2010-10-28 14:30:00,1,4,4,72,106.80000000000001,United Kingdom
16631,1,False,2010-01-01,2010-12-31,2011-01-01,2011-06-30,2010-02-26 10:49:00,2010-08-15 11:20:00,7,80,46,775,1892.52,United Kingdom
16632,1,False,2010-01-01,2010-12-31,2011-01-01,2011-06-30,2010-05-07 16:46:00,2010-08-11 11:39:00,2,27,22,256,406.4,United Kingdom
16634,0,True,2010-01-01,2010-12-31,2011-01-01,2011-06-30,2010-01-21 09:30:00,2010-12-02 17:41:00,5,82,72,1239,1596.71,United Kingdom
16635,1,False,2010-01-01,2010-12-31,2011-01-01,2011-06-30,2010-10-29 09:41:00,2010-10-29 09:41:00,1,25,25,277,473.0,United Kingdom
16636,1,False,2010-01-01,2010-12-31,2011-01-01,2011-06-30,2010-03-03 14:06:00,2010-09-27 13:13:00,4,73,62,2186,3802.04,United Kingdom
16638,0,True,2010-01-01,2010-12-31,2011-01-01,2011-06-30,2010-08-18 13:33:00,2010-12-15 12:47:00,7,47,45,420,770.21,United Kingdom
16639,0,True,2010-01-01,2010-12-31,2011-01-01,2011-06-30,2010-10-26 18:23:00,2010-10-26 18:23:00,1,31,31,241,490.47,United Kingdom
16640,1,False,2010-01-01,2010-12-31,2011-01-01,2011-06-30,2010-11-07 10:48:00,2010-11-07 10:48:00,1,13,13,146,179.4,United Kingdom
16641,1,False,2010-01-01,2010-12-31,2011-01-01,2011-06-30,2010-01-07 12:22:00,2010-01-07 12:22:00,1,24,24,198,323.40000000000003,United Kingdom
16642,0,True,2010-01-01,2010-12-31,2011-01-01,2011-06-30,2010-10-20 14:22:00,2010-10-20 14:22:00,1,20,20,296,389.12,United Kingdom
16643,0,True,2010-01-01,2010-12-31,2011-01-01,2011-06-30,2010-10-13 09:47:00,2010-10-13 09:47:00,1,28,28,284,435.6,United Kingdom
16646,1,False,2010-01-01,2010-12-31,2011-01-01,2011-06-30,2010-09-16 13:28:00,2010-09-16 13:28:00,1,29,29,1072,678.8,United Kingdom
16647,0,True,2010-01-01,2010-12-31,2011-01-01,2011-06-30,2010-06-13 15:52:00,2010-09-23 14:33:00,2,19,16,250,327.84,United Kingdom
16648,1,False,2010-01-01,2010-12-31,2011-01-01,2011-06-30,2010-04-28 14:58:00,2010-09-10 11:59:00,2,18,18,222,382.14,United Kingdom
16649,1,False,2010-01-01,2010-12-31,2011-01-01,2011-06-30,2010-07-07 15:41:00,2010-07-07 15:41:00,1,20,20,82,306.58000000000004,United Kingdom
16650,1,False,2010-01-01,2010-12-31,2011-01-01,2011-06-30,2010-07-08 14:18:00,2010-10-15 15:28:00,6,74,53,1139,1397.69,United Kingdom
16651,1,False,2010-01-01,2010-12-31,2011-01-01,2011-06-30,2010-05-02 11:46:00,2010-05-02 11:46:00,1,6,6,60,136.2,United Kingdom
16652,0,True,2010-01-01,2010-12-31,2011-01-01,2011-06-30,2010-03-17 10:22:00,2010-10-31 15:33:00,9,157,102,4194,10776.42,United Kingdom
16654,0,True,2010-01-01,2010-12-31,2011-01-01,2011-06-30,2010-04-06 13:29:00,2010-12-06 15:09:00,5,54,50,421,1110.2,United Kingdom
16655,0,True,2010-01-01,2010-12-31,2011-01-01,2011-06-30,2010-01-31 15:40:00,2010-10-24 14:59:00,7,332,240,1575,2633.74,United Kingdom
16656,0,True,2010-01-01,2010-12-31,2011-01-01,2011-06-30,2010-02-07 14:39:00,2010-12-10 11:23:00,15,65,15,6725,8262.39,United Kingdom
16658,1,False,2010-01-01,2010-12-31,2011-01-01,2011-06-30,2010-03-30 16:24:00,2010-12-06 13:47:00,6,64,49,277,690.83,United Kingdom
16660,0,True,2010-01-01,2010-12-31,2011-01-01,2011-06-30,2010-01-14 11:09:00,2010-10-13 11:38:00,3,8,5,420,611.9000000000001,United Kingdom
16661,1,False,2010-01-01,2010-12-31,2011-01-01,2011-06-30,2010-04-23 11:28:00,2010-06-17 15:24:00,3,60,48,330,650.46,United Kingdom
16662,1,False,2010-01-01,2010-12-31,2011-01-01,2011-06-30,2010-11-10 16:56:00,2010-11-10 16:56:00,1,28,28,35,151.05,United Kingdom
16664,1,False,2010-01-01,2010-12-31,2011-01-01,2011-06-30,2010-05-19 17:11:00,2010-05-19 17:11:00,1,8,8,24,109.2,United Kingdom
16665,1,False,2010-01-01,2010-12-31,2011-01-01,2011-06-30,2010-12-12 14:03:00,2010-12-12 14:03:00,1,9,9,59,135.39999999999998,United Kingdom
16666,1,False,2010-01-01,2010-12-31,2011-01-01,2011-06-30,2010-03-28 15:13:00,2010-03-28 15:13:00,1,16,15,121,98.73,United Kingdom
16668,0,True,2010-01-01,2010-12-31,2011-01-01,2011-06-30,2010-03-18 18:25:00,2010-11-17 11:12:00,7,33,23,455,555.7,United Kingdom
16670,0,True,2010-01-01,2010-12-31,2011-01-01,2011-06-30,2010-01-18 12:27:00,2010-12-16 10:30:00,9,217,135,1903,3653.9500000000003,United Kingdom
16673,1,False,2010-01-01,2010-12-31,2011-01-01,2011-06-30,2010-01-29 14:22:00,2010-01-29 14:22:00,1,19,19,95,171.13,United Kingdom
16675,1,False,2010-01-01,2010-12-31,2011-01-01,2011-06-30,2010-08-18 13:11:00,2010-09-24 12:15:00,2,23,21,296,608.86,United Kingdom
16676,0,True,2010-01-01,2010-12-31,2011-01-01,2011-06-30,2010-10-17 13:07:00,2010-11-02 19:19:00,2,44,43,291,769.78,United Kingdom
16677,1,False,2010-01-01,2010-12-31,2011-01-01,2011-06-30,2010-02-25 16:11:00,2010-10-24 14:53:00,2,47,45,457,880.62,United Kingdom
16679,1,False,2010-01-01,2010-12-31,2011-01-01,2011-06-30,2010-06-10 18:35:00,2010-12-08 13:51:00,3,18,15,247,663.31,United Kingdom
16680,1,False,2010-01-01,2010-12-31,2011-01-01,2011-06-30,2010-06-23 09:30:00,2010-06-29 14:52:00,2,19,16,283,637.75,United Kingdom
16681,0,True,2010-01-01,2010-12-31,2011-01-01,2011-06-30,2010-03-08 14:10:00,2010-03-08 14:10:00,1,5,5,85,151.5,United Kingdom
16683,1,False,2010-01-01,2010-12-31,2011-01-01,2011-06-30,2010-06-24 10:36:00,2010-06-24 10:36:00,1,18,18,190,320.25,United Kingdom
16684,0,True,2010-01-01,2010-12-31,2011-01-01,2011-06-30,2010-01-18 09:12:00,2010-12-20 09:41:00,28,457,126,54239,80716.29,United Kingdom
16686,0,True,2010-01-01,2010-12-31,2011-01-01,2011-06-30,2010-03-14 16:18:00,2010-12-19 14:41:00,8,526,296,1678,2108.38,United Kingdom
16687,1,False,2010-01-01,2010-12-31,2011-01-01,2011-06-30,2010-11-14 11:46:00,2010-11-14 11:46:00,1,8,8,141,157.63,United Kingdom
16690,0,True,2010-01-01,2010-12-31,2011-01-01,2011-06-30,2010-09-14 15:00:00,2010-11-11 16:15:00,2,7,5,71,127.45,United Kingdom
16691,1,False,2010-01-01,2010-12-31,2011-01-01,2011-06-30,2010-05-27 14:55:00,2010-10-17 15:03:00,2,11,11,92,178.83,United Kingdom
16692,0,True,2010-01-01,2010-12-31,2011-01-01,2011-06-30,2010-09-24 11:31:00,2010-10-27 10:29:00,2,2,1,726,638.6999999999999,United Kingdom
16693,0,True,2010-01-01,2010-12-31,2011-01-01,2011-06-30,2010-02-21 12:42:00,2010-10-24 11:35:00,3,109,98,455,701.62,United Kingdom
16695,1,False,2010-01-01,2010-12-31,2011-01-01,2011-06-30,2010-05-27 12:24:00,2010-05-27 12:36:00,2,35,30,184,191.9,United Kingdom
16699,1,False,2010-01-01,2010-12-31,2011-01-01,2011-06-30,2010-03-25 13:41:00,2010-11-24 14:38:00,6,48,39,510,857.2,United Kingdom
16700,0,True,2010-01-01,2010-12-31,2011-01-01,2011-06-30,2010-01-25 14:25:00,2010-12-08 16:34:00,11,195,122,2616,3672.46,United Kingdom
16701,0,True,2010-01-01,2010-12-31,2011-01-01,2011-06-30,2010-02-16 14:49:00,2010-12-13 11:51:00,12,126,91,4609,4273.11,United Kingdom
16702,1,False,2010-01-01,2010-12-31,2011-01-01,2011-06-30,2010-02-23 15:27:00,2010-10-20 14:10:00,3,64,62,494,889.31,United Kingdom
16704,1,False,2010-01-01,2010-12-31,2011-01-01,2011-06-30,2010-02-05 14:14:00,2010-03-31 14:02:00,2,54,50,433,664.16,United Kingdom
16705,0,True,2010-01-01,2010-12-31,2011-01-01,2011-06-30,2010-01-19 17:03:00,2010-12-16 10:52:00,23,394,305,16010,27362.461,United Kingdom
16707,1,False,2010-01-01,2010-12-31,2011-01-01,2011-06-30,2010-03-09 15:16:00,2010-11-04 14:39:00,4,65,64,396,533.41,United Kingdom
16709,0,True,2010-01-01,2010-12-31,2011-01-01,2011-06-30,2010-02-03 13:24:00,2010-11-25 12:28:00,8,184,153,1877,4777.84,United Kingdom
16710,0,True,2010-01-01,2010-12-31,2011-01-01,2011-06-30,2010-02-08 13:11:00,2010-12-14 14:11:00,11,435,307,1628,2949.81,United Kingdom
16711,0,True,2010-01-01,2010-12-31,2011-01-01,2011-06-30,2010-03-24 10:30:00,2010-12-17 12:43:00,3,8,6,187,766.01,United Kingdom
16712,0,True,2010-01-01,2010-12-31,2011-01-01,2011-06-30,2010-11-03 15:45:00,2010-11-03 15:54:00,2,83,69,344,621.5600000000001,United Kingdom
16713,0,True,2010-01-01,2010-12-31,2011-01-01,2011-06-30,2010-01-27 12:31:00,2010-12-20 12:51:00,16,630,330,4090,7029.8,United Kingdom
16714,0,True,2010-01-01,2010-12-31,2011-01-01,2011-06-30,2010-02-07 11:17:00,2010-02-07 11:17:00,1,23,23,239,368.27,United Kingdom
16715,1,False,2010-01-01,2010-12-31,2011-01-01,2011-06-30,2010-05-26 12:35:00,2010-05-26 12:35:00,1,9,9,532,323.8,United Kingdom
16716,0,True,2010-01-01,2010-12-31,2011-01-01,2011-06-30,2010-03-19 11:05:00,2010-03-19 11:05:00,1,6,6,792,1248.48,United Kingdom
16717,0,True,2010-01-01,2010-12-31,2011-01-01,2011-06-30,2010-03-01 08:55:00,2010-12-08 16:48:00,8,142,125,1143,2741.46,United Kingdom
16718,1,False,2010-01-01,2010-12-31,2011-01-01,2011-06-30,2010-01-31 11:01:00,2010-12-05 13:03:00,4,144,102,1421,2358.26,United Kingdom
16719,0,True,2010-01-01,2010-12-31,2011-01-01,2011-06-30,2010-01-26 10:13:00,2010-12-06 12:06:00,7,212,152,1157,1829.48,United Kingdom
16720,1,False,2010-01-01,2010-12-31,2011-01-01,2011-06-30,2010-11-28 14:49:00,2010-11-28 14:49:00,1,69,67,197,445.72,United Kingdom
16722,0,True,2010-01-01,2010-12-31,2011-01-01,2011-06-30,2010-02-03 14:36:00,2010-12-08 15:38:00,10,180,100,3381,3918.49,United Kingdom
16723,1,False,2010-01-01,2010-12-31,2011-01-01,2011-06-30,2010-09-22 11:05:00,2010-09-22 11:05:00,1,24,23,410,228.53,United Kingdom
16724,1,False,2010-01-01,2010-12-31,2011-01-01,2011-06-30,2010-10-31 11:40:00,2010-10-31 11:40:00,1,17,17,69,147.35,United Kingdom
16725,0,True,2010-01-01,2010-12-31,2011-01-01,2011-06-30,2010-08-22 11:45:00,2010-12-15 16:38:00,9,217,169,397,1045.71,United Kingdom
16726,0,True,2010-01-01,2010-12-31,2011-01-01,2011-06-30,2010-10-24 16:09:00,2010-12-13 13:28:00,3,104,79,435,834.71,United Kingdom
16727,1,False,2010-01-01,2010-12-31,2011-01-01,2011-06-30,2010-01-20 10:48:00,2010-12-10 13:48:00,4,205,158,1066,1377.77,United Kingdom
16731,1,False,2010-01-01,2010-12-31,2011-01-01,2011-06-30,2010-03-01 15:05:00,2010-03-01 15:05:00,1,42,40,124,170.3,United Kingdom
16732,1,False,2010-01-01,2010-12-31,2011-01-01,2011-06-30,2010-04-07 10:53:00,2010-11-01 13:33:00,2,146,139,1624,2991.05,United Kingdom
16733,1,False,2010-01-01,2010-12-31,2011-01-01,2011-06-30,2010-06-28 10:12:00,2010-06-28 10:12:00,1,12,12,112,259.68,United Kingdom
16735,0,True,2010-01-01,2010-12-31,2011-01-01,2011-06-30,2010-01-21 11:41:00,2010-11-11 15:25:00,8,167,122,2492,3631.66,United Kingdom
16736,1,False,2010-01-01,2010-12-31,2011-01-01,2011-06-30,2010-04-26 11:44:00,2010-07-22 10:09:00,2,54,49,405,1285.43,United Kingdom
16737,1,False,2010-01-01,2010-12-31,2011-01-01,2011-06-30,2010-05-11 09:53:00,2010-05-11 09:53:00,1,1,1,288,417.59999999999997,United Kingdom
16739,0,True,2010-01-01,2010-12-31,2011-01-01,2011-06-30,2010-06-21 09:38:00,2010-06-21 09:38:00,1,25,25,219,463.43,United Kingdom
16740,1,False,2010-01-01,2010-12-31,2011-01-01,2011-06-30,2010-11-09 13:34:00,2010-11-09 13:34:00,1,32,30,110,226.91,United Kingdom
16741,1,False,2010-01-01,2010-12-31,2011-01-01,2011-06-30,2010-03-24 15:15:00,2010-03-24 15:15:00,1,11,11,81,173.06,United Kingdom
16742,1,False,2010-01-01,2010-12-31,2011-01-01,2011-06-30,2010-01-26 11:45:00,2010-08-04 10:52:00,12,98,49,2266,2114.9,United Kingdom
16743,0,True,2010-01-01,2010-12-31,2011-01-01,2011-06-30,2010-04-22 13:21:00,2010-12-16 12:15:00,8,211,75,2010,2429.3,United Kingdom
16746,0,True,2010-01-01,2010-12-31,2011-01-01,2011-06-30,2010-01-07 13:17:00,2010-12-16 11:43:00,22,517,245,6584,10627.16,United Kingdom
16748,0,True,2010-01-01,2010-12-31,2011-01-01,2011-06-30,2010-02-09 10:48:00,2010-11-16 18:07:00,8,91,39,1197,2023.93,United Kingdom
16749,1,False,2010-01-01,2010-12-31,2011-01-01,2011-06-30,2010-04-27 13:06:00,2010-04-27 13:06:00,1,48,47,824,1814.16,United Kingdom
16752,1,False,2010-01-01,2010-12-31,2011-01-01,2011-06-30,2010-12-02 12:18:00,2010-12-02 12:18:00,1,9,9,54,207.5,United Kingdom
16754,1,False,2010-01-01,2010-12-31,2011-01-01,2011-06-30,2010-03-08 11:32:00,2010-12-02 17:38:00,29,140,38,63551,65500.07,United Kingdom
16755,0,True,2010-01-01,2010-12-31,2011-01-01,2011-06-30,2010-02-03 10:22:00,2010-08-29 15:45:00,3,117,97,788,1181.67,United Kingdom
16756,0,True,2010-01-01,2010-12-31,2011-01-01,2011-06-30,2010-03-09 15:56:00,2010-10-31 10:03:00,6,66,53,601,1072.97,United Kingdom
16757,0,True,2010-01-01,2010-12-31,2011-01-01,2011-06-30,2010-10-26 15:09:00,2010-10-26 15:09:00,1,8,8,99,163.65,United Kingdom
16760,1,False,2010-01-01,2010-12-31,2011-01-01,2011-06-30,2010-10-05 15:55:00,2010-10-05 15:55:00,1,17,17,168,228.0,United Kingdom
16765,0,True,2010-01-01,2010-12-31,2011-01-01,2011-06-30,2010-11-22 13:42:00,2010-11-22 13:42:00,1,51,51,307,420.75,United Kingdom
16767,0,True,2010-01-01,2010-12-31,2011-01-01,2011-06-30,2010-04-28 16:49:00,2010-10-17 10:46:00,4,100,75,2679,2481.2,United Kingdom
16768,0,True,2010-01-01,2010-12-31,2011-01-01,2011-06-30,2010-02-10 11:46:00,2010-11-21 11:06:00,5,90,61,482,995.5,United Kingdom
16769,0,True,2010-01-01,2010-12-31,2011-01-01,2011-06-30,2010-08-18 14:43:00,2010-08-18 14:43:00,1,27,27,102,361.05,United Kingdom
16770,0,True,2010-01-01,2010-12-31,2011-01-01,2011-06-30,2010-08-22 16:08:00,2010-12-16 15:45:00,6,211,134,716,1284.03,United Kingdom
16771,0,True,2010-01-01,2010-12-31,2011-01-01,2011-06-30,2010-02-04 12:08:00,2010-09-08 12:46:00,4,146,130,775,1503.69,United Kingdom
16772,1,False,2010-01-01,2010-12-31,2011-01-01,2011-06-30,2010-01-08 12:38:00,2010-10-12 13:19:00,2,58,54,584,2801.2,United Kingdom
16773,1,False,2010-01-01,2010-12-31,2011-01-01,2011-06-30,2010-09-29 15:47:00,2010-09-29 15:47:00,1,15,15,34,111.9,United Kingdom
16774,0,True,2010-01-01,2010-12-31,2011-01-01,2011-06-30,2010-02-16 16:53:00,2010-10-12 14:42:00,4,83,60,452,905.96,United Kingdom
16775,0,True,2010-01-01,2010-12-31,2011-01-01,2011-06-30,2010-09-23 17:34:00,2010-12-07 15:15:00,6,120,78,580,1361.23,United Kingdom
16776,1,False,2010-01-01,2010-12-31,2011-01-01,2011-06-30,2010-10-20 12:13:00,2010-10-20 12:13:00,1,55,48,181,220.97,United Kingdom
16777,0,True,2010-01-01,2010-12-31,2011-01-01,2011-06-30,2010-03-17 12:42:00,2010-10-22 09:06:00,3,94,86,408,1069.56,United Kingdom
16779,0,True,2010-01-01,2010-12-31,2011-01-01,2011-06-30,2010-01-05 13:32:00,2010-12-12 12:26:00,27,563,243,10527,16172.74,United Kingdom
16780,0,True,2010-01-01,2010-12-31,2011-01-01,2011-06-30,2010-10-28 19:41:00,2010-10-28 19:41:00,1,37,37,82,174.16,United Kingdom
16781,1,False,2010-01-01,2010-12-31,2011-01-01,2011-06-30,2010-02-08 13:56:00,2010-12-02 14:26:00,2,39,36,192,623.0,United Kingdom
16782,0,True,2010-01-01,2010-12-31,2011-01-01,2011-06-30,2010-01-17 11:03:00,2010-12-15 11:26:00,26,1540,536,3401,7752.76,United Kingdom
16783,1,False,2010-01-01,2010-12-31,2011-01-01,2011-06-30,2010-09-29 11:53:00,2010-09-29 11:53:00,1,25,25,163,391.95,United Kingdom
16784,1,False,2010-01-01,2010-12-31,2011-01-01,2011-06-30,2010-03-28 12:55:00,2010-11-28 11:57:00,4,155,137,470,784.73,United Kingdom
16785,1,False,2010-01-01,2010-12-31,2011-01-01,2011-06-30,2010-10-26 10:36:00,2010-10-26 10:36:00,1,35,35,313,533.78,United Kingdom
16786,1,False,2010-01-01,2010-12-31,2011-01-01,2011-06-30,2010-11-11 08:25:00,2010-11-11 08:25:00,1,1,1,72,51.839999999999996,United Kingdom
16787,1,False,2010-01-01,2010-12-31,2011-01-01,2011-06-30,2010-01-10 11:12:00,2010-11-07 11:01:00,4,112,102,472,1017.53,United Kingdom
16788,0,True,2010-01-01,2010-12-31,2011-01-01,2011-06-30,2010-02-07 12:40:00,2010-10-31 13:35:00,3,330,261,661,1334.54,United Kingdom
16791,0,True,2010-01-01,2010-12-31,2011-01-01,2011-06-30,2010-01-26 14:25:00,2010-11-21 12:21:00,7,324,217,991,1946.93,United Kingdom
16792,0,True,2010-01-01,2010-12-31,2011-01-01,2011-06-30,2010-01-04 13:47:00,2010-11-21 12:11:00,3,90,83,280,513.08,United Kingdom
16794,0,True,2010-01-01,2010-12-31,2011-01-01,2011-06-30,2010-03-25 15:17:00,2010-11-24 12:45:00,5,224,151,653,856.1999999999999,United Kingdom
16795,1,False,2010-01-01,2010-12-31,2011-01-01,2011-06-30,2010-01-25 13:14:00,2010-12-09 14:08:00,3,336,306,1214,2062.41,United Kingdom
16797,1,False,2010-01-01,2010-12-31,2011-01-01,2011-06-30,2010-02-21 15:48:00,2010-11-11 19:14:00,4,354,265,771,1625.14,United Kingdom
16798,1,False,2010-01-01,2010-12-31,2011-01-01,2011-06-30,2010-03-07 12:06:00,2010-06-03 19:01:00,2,130,117,160,632.26,United Kingdom
16799,1,False,2010-01-01,2010-12-31,2011-01-01,2011-06-30,2010-09-12 12:46:00,2010-10-03 14:28:00,2,92,81,162,452.78000000000003,United Kingdom
16802,1,False,2010-01-01,2010-12-31,2011-01-01,2011-06-30,2010-01-29 13:44:00,2010-01-29 13:44:00,1,32,32,232,323.5,United Kingdom
16805,0,True,2010-01-01,2010-12-31,2011-01-01,2011-06-30,2010-05-11 15:03:00,2010-12-14 13:35:00,2,139,128,688,559.47,United Kingdom
16807,0,True,2010-01-01,2010-12-31,2011-01-01,2011-06-30,2010-03-26 14:38:00,2010-08-26 14:29:00,3,75,62,655,1002.29,United Kingdom
16809,0,True,2010-01-01,2010-12-31,2011-01-01,2011-06-30,2010-04-13 15:34:00,2010-10-03 15:55:00,4,110,68,441,812.74,United Kingdom
16810,0,True,2010-01-01,2010-12-31,2011-01-01,2011-06-30,2010-10-15 15:32:00,2010-10-15 15:32:00,1,19,19,258,532.5,United Kingdom
16812,1,False,2010-01-01,2010-12-31,2011-01-01,2011-06-30,2010-11-22 14:36:00,2010-12-14 12:35:00,4,115,98,1116,2392.0,United Kingdom
16814,0,True,2010-01-01,2010-12-31,2011-01-01,2011-06-30,2010-04-11 12:45:00,2010-12-05 11:45:00,16,463,176,2254,5781.4400000000005,United Kingdom
16815,1,False,2010-01-01,2010-12-31,2011-01-01,2011-06-30,2010-06-21 12:05:00,2010-09-12 10:59:00,2,73,66,237,406.02,United Kingdom
16816,0,True,2010-01-01,2010-12-31,2011-01-01,2011-06-30,2010-12-16 17:01:00,2010-12-16 17:01:00,1,5,5,48,75.78,United Kingdom
16817,0,True,2010-01-01,2010-12-31,2011-01-01,2011-06-30,2010-10-04 09:06:00,2010-12-15 09:49:00,6,70,53,801,1323.25,United Kingdom
16819,1,False,2010-01-01,2010-12-31,2011-01-01,2011-06-30,2010-08-31 17:31:00,2010-08-31 17:37:00,2,17,17,253,182.59,United Kingdom
16821,1,False,2010-01-01,2010-12-31,2011-01-01,2011-06-30,2010-11-23 10:04:00,2010-11-23 10:04:00,1,7,7,13,113.35,United Kingdom
16822,1,False,2010-01-01,2010-12-31,2011-01-01,2011-06-30,2010-01-22 14:22:00,2010-01-22 14:22:00,1,11,11,171,181.39,United Kingdom
16823,0,True,2010-01-01,2010-12-31,2011-01-01,2011-06-30,2010-03-22 17:32:00,2010-11-17 16:46:00,5,115,101,917,1695.41,United Kingdom
16824,0,True,2010-01-01,2010-12-31,2011-01-01,2011-06-30,2010-11-11 12:21:00,2010-11-11 12:21:00,1,13,13,154,225.6,United Kingdom
16825,0,True,2010-01-01,2010-12-31,2011-01-01,2011-06-30,2010-06-23 13:14:00,2010-11-26 16:22:00,3,36,32,731,1051.71,United Kingdom
16827,1,False,2010-01-01,2010-12-31,2011-01-01,2011-06-30,2010-04-29 19:07:00,2010-11-11 14:04:00,5,12,10,125,392.13,United Kingdom
16829,1,False,2010-01-01,2010-12-31,2011-01-01,2011-06-30,2010-11-16 18:11:00,2010-11-16 18:11:00,1,16,16,116,316.1,United Kingdom
16830,1,False,2010-01-01,2010-12-31,2011-01-01,2011-06-30,2010-02-02 08:57:00,2010-09-23 12:37:00,2,36,33,247,581.1700000000001,United Kingdom
16831,1,False,2010-01-01,2010-12-31,2011-01-01,2011-06-30,2010-05-24 09:08:00,2010-05-24 09:08:00,1,6,6,48,91.8,United Kingdom
16832,0,True,2010-01-01,2010-12-31,2011-01-01,2011-06-30,2010-09-07 12:35:00,2010-10-07 08:35:00,2,9,8,146,218.45999999999998,United Kingdom
16833,0,True,2010-01-01,2010-12-31,2011-01-01,2011-06-30,2010-03-26 15:31:00,2010-09-26 11:23:00,2,45,44,438,1302.51,United Kingdom
16834,0,True,2010-01-01,2010-12-31,2011-01-01,2011-06-30,2010-02-03 14:24:00,2010-02-03 14:24:00,1,24,24,402,485.5,United Kingdom
16835,1,False,2010-01-01,2010-12-31,2011-01-01,2011-06-30,2010-05-19 08:41:00,2010-12-01 17:15:00,5,77,54,454,1357.56,United Kingdom
16836,1,False,2010-01-01,2010-12-31,2011-01-01,2011-06-30,2010-05-14 12:52:00,2010-10-29 12:48:00,2,31,31,374,530.5,United Kingdom
16838,0,True,2010-01-01,2010-12-31,2011-01-01,2011-06-30,2010-02-14 15:27:00,2010-06-27 14:49:00,2,34,31,324,570.76,United Kingdom
16839,0,True,2010-01-01,2010-12-31,2011-01-01,2011-06-30,2010-02-11 15:02:00,2010-12-05 11:15:00,11,89,47,2552,5716.14,United Kingdom
16840,1,False,2010-01-01,2010-12-31,2011-01-01,2011-06-30,2010-02-03 12:42:00,2010-04-15 15:48:00,2,9,9,117,139.85,United Kingdom
16841,0,True,2010-01-01,2010-12-31,2011-01-01,2011-06-30,2010-01-12 11:32:00,2010-10-07 15:45:00,6,103,92,1228,2136.2400000000002,United Kingdom
16843,0,True,2010-01-01,2010-12-31,2011-01-01,2011-06-30,2010-02-02 16:16:00,2010-10-13 10:31:00,18,208,135,7893,8644.27,United Kingdom
16844,1,False,2010-01-01,2010-12-31,2011-01-01,2011-06-30,2010-05-06 09:16:00,2010-05-26 10:29:00,2,32,26,281,614.34,United Kingdom
16845,1,False,2010-01-01,2010-12-31,2011-01-01,2011-06-30,2010-03-31 13:09:00,2010-03-31 13:09:00,1,20,20,167,253.88,United Kingdom
16846,1,False,2010-01-01,2010-12-31,2011-01-01,2011-06-30,2010-03-10 12:03:00,2010-05-11 13:45:00,2,36,36,382,628.09,United Kingdom
16847,1,False,2010-01-01,2010-12-31,2011-01-01,2011-06-30,2010-03-31 13:32:00,2010-03-31 13:32:00,1,25,25,177,421.45000000000005,United Kingdom
16848,1,False,2010-01-01,2010-12-31,2011-01-01,2011-06-30,2010-10-03 11:01:00,2010-11-28 12:38:00,3,71,64,598,1130.2,United Kingdom
16854,1,False,2010-01-01,2010-12-31,2011-01-01,2011-06-30,2010-03-09 14:32:00,2010-10-18 16:31:00,2,75,72,997,1408.96,United Kingdom
16856,1,False,2010-01-01,2010-12-31,2011-01-01,2011-06-30,2010-09-23 13:11:00,2010-10-18 11:54:00,2,17,15,159,323.09000000000003,United Kingdom
16857,1,False,2010-01-01,2010-12-31,2011-01-01,2011-06-30,2010-09-23 10:49:00,2010-09-23 10:49:00,1,11,11,168,352.8,United Kingdom
16858,1,False,2010-01-01,2010-12-31,2011-01-01,2011-06-30,2010-01-12 15:50:00,2010-12-06 09:52:00,9,111,68,1345,3994.73,United Kingdom
16859,0,True,2010-01-01,2010-12-31,2011-01-01,2011-06-30,2010-03-04 12:37:00,2010-10-19 09:07:00,5,58,46,1072,1184.6,United Kingdom
16860,1,False,2010-01-01,2010-12-31,2011-01-01,2011-06-30,2010-02-15 13:46:00,2010-09-13 10:05:00,3,43,35,625,1610.62,United Kingdom
16861,1,False,2010-01-01,2010-12-31,2011-01-01,2011-06-30,2010-07-19 11:44:00,2010-11-14 13:54:00,3,43,38,476,772.83,United Kingdom
16862,1,False,2010-01-01,2010-12-31,2011-01-01,2011-06-30,2010-01-07 12:57:00,2010-06-10 13:05:00,4,35,34,513,662.33,United Kingdom
16863,1,False,2010-01-01,2010-12-31,2011-01-01,2011-06-30,2010-10-26 10:03:00,2010-12-08 08:58:00,2,30,27,336,495.72,United Kingdom
16864,1,False,2010-01-01,2010-12-31,2011-01-01,2011-06-30,2010-04-20 11:56:00,2010-10-01 16:16:00,2,17,17,283,409.25,United Kingdom
16865,1,False,2010-01-01,2010-12-31,2011-01-01,2011-06-30,2010-11-03 11:34:00,2010-11-03 11:34:00,1,16,15,157,130.95,United Kingdom
16867,1,False,2010-01-01,2010-12-31,2011-01-01,2011-06-30,2010-01-19 09:11:00,2010-01-19 09:11:00,1,6,6,58,76.74000000000001,United Kingdom
16868,1,False,2010-01-01,2010-12-31,2011-01-01,2011-06-30,2010-04-25 11:31:00,2010-11-10 13:17:00,3,50,47,112,384.56,United Kingdom
16870,1,False,2010-01-01,2010-12-31,2011-01-01,2011-06-30,2010-08-27 13:53:00,2010-08-27 13:53:00,1,28,28,278,450.15999999999997,United Kingdom
16872,0,True,2010-01-01,2010-12-31,2011-01-01,2011-06-30,2010-09-02 17:36:00,2010-10-08 15:20:00,3,11,9,479,533.11,United Kingdom
16873,0,True,2010-01-01,2010-12-31,2011-01-01,2011-06-30,2010-02-09 14:17:00,2010-12-10 15:45:00,7,301,155,5801,9651.41,United Kingdom
16874,1,False,2010-01-01,2010-12-31,2011-01-01,2011-06-30,2010-11-25 13:08:00,2010-11-25 13:08:00,1,31,31,78,209.89000000000001,United Kingdom
16875,0,True,2010-01-01,2010-12-31,2011-01-01,2011-06-30,2010-01-05 09:16:00,2010-09-28 17:11:00,6,118,90,1030,2139.0,United Kingdom
16876,1,False,2010-01-01,2010-12-31,2011-01-01,2011-06-30,2010-11-01 11:59:00,2010-11-01 11:59:00,1,32,32,181,136.01,United Kingdom
16880,0,True,2010-01-01,2010-12-31,2011-01-01,2011-06-30,2010-08-03 13:54:00,2010-08-03 13:54:00,1,9,9,158,321.78,United Kingdom
16883,0,True,2010-01-01,2010-12-31,2011-01-01,2011-06-30,2010-04-18 11:20:00,2010-12-03 10:33:00,17,235,139,926,1992.66,United Kingdom
16884,1,False,2010-01-01,2010-12-31,2011-01-01,2011-06-30,2010-05-18 12:00:00,2010-06-01 12:45:00,2,48,39,200,641.13,United Kingdom
16885,1,False,2010-01-01,2010-12-31,2011-01-01,2011-06-30,2010-11-19 12:51:00,2010-12-17 17:23:00,2,68,66,215,412.14,United Kingdom
16886,1,False,2010-01-01,2010-12-31,2011-01-01,2011-06-30,2010-09-09 15:08:00,2010-09-09 15:08:00,1,8,8,48,134.0,United Kingdom
16887,1,False,2010-01-01,2010-12-31,2011-01-01,2011-06-30,2010-11-04 11:29:00,2010-11-04 11:29:00,1,31,31,90,246.01999999999998,United Kingdom
16888,1,False,2010-01-01,2010-12-31,2011-01-01,2011-06-30,2010-01-07 13:07:00,2010-11-04 12:39:00,3,52,44,145,434.2,United Kingdom
16889,0,True,2010-01-01,2010-12-31,2011-01-01,2011-06-30,2010-05-23 10:46:00,2010-11-07 10:46:00,3,82,72,686,947.98,United Kingdom
16890,1,False,2010-01-01,2010-12-31,2011-01-01,2011-06-30,2010-05-06 16:27:00,2010-08-20 11:23:00,3,19,17,243,285.41,United Kingdom
16891,1,False,2010-01-01,2010-12-31,2011-01-01,2011-06-30,2010-02-04 12:07:00,2010-12-03 11:35:00,5,190,167,253,780.03,United Kingdom
16892,0,True,2010-01-01,2010-12-31,2011-01-01,2011-06-30,2010-06-03 15:17:00,2010-06-03 15:17:00,1,25,23,110,139.01,United Kingdom
16893,1,False,2010-01-01,2010-12-31,2011-01-01,2011-06-30,2010-11-28 15:14:00,2010-12-08 12:06:00,2,87,80,117,249.89000000000001,United Kingdom
16894,1,False,2010-01-01,2010-12-31,2011-01-01,2011-06-30,2010-06-22 14:21:00,2010-07-25 15:43:00,3,187,186,503,1306.96,United Kingdom
16895,1,False,2010-01-01,2010-12-31,2011-01-01,2011-06-30,2010-02-12 11:07:00,2010-09-27 11:13:00,4,101,82,330,900.63,United Kingdom
16896,1,False,2010-01-01,2010-12-31,2011-01-01,2011-06-30,2010-06-02 15:40:00,2010-06-02 15:40:00,1,18,18,18,103.95,United Kingdom
16898,0,True,2010-01-01,2010-12-31,2011-01-01,2011-06-30,2010-05-12 12:18:00,2010-12-06 12:23:00,3,123,110,377,496.26,United Kingdom
16899,0,True,2010-01-01,2010-12-31,2011-01-01,2011-06-30,2010-11-07 15:00:00,2010-12-14 13:11:00,3,66,49,366,595.26,United Kingdom
16903,1,False,2010-01-01,2010-12-31,2011-01-01,2011-06-30,2010-10-20 14:42:00,2010-11-24 14:55:00,2,126,107,470,678.55,United Kingdom
16904,0,True,2010-01-01,2010-12-31,2011-01-01,2011-06-30,2010-10-24 16:03:00,2010-12-07 13:30:00,7,263,188,762,1360.31,United Kingdom
16905,0,True,2010-01-01,2010-12-31,2011-01-01,2011-06-30,2010-01-28 12:20:00,2010-12-03 10:43:00,10,111,70,573,1701.72,United Kingdom
16906,0,True,2010-01-01,2010-12-31,2011-01-01,2011-06-30,2010-05-13 13:23:00,2010-10-07 15:01:00,3,127,116,327,851.33,United Kingdom
16907,0,True,2010-01-01,2010-12-31,2011-01-01,2011-06-30,2010-07-01 17:30:00,2010-12-09 16:52:00,5,102,62,232,722.0500000000001,United Kingdom
16911,1,False,2010-01-01,2010-12-31,2011-01-01,2011-06-30,2010-02-16 16:12:00,2010-03-14 12:18:00,2,35,30,161,255.25,United Kingdom
16912,0,True,2010-01-01,2010-12-31,2011-01-01,2011-06-30,2010-02-21 12:36:00,2010-10-14 14:11:00,3,63,60,596,1521.13,United Kingdom
16913,0,True,2010-01-01,2010-12-31,2011-01-01,2011-06-30,2010-02-26 12:06:00,2010-02-26 12:09:00,2,10,10,147,310.46999999999997,United Kingdom
16915,0,True,2010-01-01,2010-12-31,2011-01-01,2011-06-30,2010-05-19 13:32:00,2010-11-18 08:31:00,5,17,11,58,921.5,United Kingdom
16916,1,False,2010-01-01,2010-12-31,2011-01-01,2011-06-30,2010-10-20 12:56:00,2010-12-02 13:14:00,3,118,100,320,536.04,United Kingdom
16917,0,True,2010-01-01,2010-12-31,2011-01-01,2011-06-30,2010-03-17 15:24:00,2010-03-17 15:24:00,1,41,37,560,1460.3600000000001,United Kingdom
16918,0,True,2010-01-01,2010-12-31,2011-01-01,2011-06-30,2010-02-11 13:41:00,2010-10-13 15:37:00,9,283,189,1207,1916.03,United Kingdom
16919,0,True,2010-01-01,2010-12-31,2011-01-01,2011-06-30,2010-08-19 15:28:00,2010-12-14 14:15:00,15,353,166,1141,2857.42,United Kingdom
16920,1,False,2010-01-01,2010-12-31,2011-01-01,2011-06-30,2010-10-24 14:07:00,2010-10-24 14:07:00,1,23,23,81,355.45,United Kingdom
16921,1,False,2010-01-01,2010-12-31,2011-01-01,2011-06-30,2010-04-18 15:34:00,2010-09-23 14:08:00,2,33,28,121,255.03,United Kingdom
16922,1,False,2010-01-01,2010-12-31,2011-01-01,2011-06-30,2010-05-16 11:24:00,2010-05-16 11:24:00,1,122,122,281,611.08,United Kingdom
16923,0,True,2010-01-01,2010-12-31,2011-01-01,2011-06-30,2010-01-31 11:14:00,2010-12-12 11:06:00,14,507,244,3064,6638.55,United Kingdom
16925,1,False,2010-01-01,2010-12-31,2011-01-01,2011-06-30,2010-06-17 15:03:00,2010-06-17 15:03:00,1,18,18,123,125.65,United Kingdom
16926,1,False,2010-01-01,2010-12-31,2011-01-01,2011-06-30,2010-07-01 12:57:00,2010-12-03 13:42:00,5,96,63,197,1169.6100000000001,United Kingdom
16927,0,True,2010-01-01,2010-12-31,2011-01-01,2011-06-30,2010-12-13 11:57:00,2010-12-13 11:57:00,1,2,2,490,218.1,United Kingdom
16928,0,True,2010-01-01,2010-12-31,2011-01-01,2011-06-30,2010-02-03 12:30:00,2010-12-01 15:21:00,13,121,85,588,1199.08,United Kingdom
16931,0,True,2010-01-01,2010-12-31,2011-01-01,2011-06-30,2010-11-07 13:24:00,2010-12-17 13:45:00,4,143,104,405,842.01,United Kingdom
16932,1,False,2010-01-01,2010-12-31,2011-01-01,2011-06-30,2010-05-17 14:15:00,2010-10-12 14:14:00,2,85,77,135,262.32,United Kingdom
16933,0,True,2010-01-01,2010-12-31,2011-01-01,2011-06-30,2010-01-20 14:05:00,2010-11-15 14:36:00,6,168,136,876,1981.08,United Kingdom
16934,1,False,2010-01-01,2010-12-31,2011-01-01,2011-06-30,2010-03-28 12:43:00,2010-11-21 11:39:00,4,80,77,539,1152.1100000000001,United Kingdom
16935,1,False,2010-01-01,2010-12-31,2011-01-01,2011-06-30,2010-10-14 13:09:00,2010-11-23 09:16:00,3,69,55,273,530.86,United Kingdom
16936,1,False,2010-01-01,2010-12-31,2011-01-01,2011-06-30,2010-11-19 11:54:00,2010-11-19 11:54:00,1,83,81,168,286.39,United Kingdom
16937,1,False,2010-01-01,2010-12-31,2011-01-01,2011-06-30,2010-07-28 17:56:00,2010-07-28 17:56:00,1,49,49,123,196.25,United Kingdom
16938,0,True,2010-01-01,2010-12-31,2011-01-01,2011-06-30,2010-02-17 14:47:00,2010-11-23 13:01:00,5,589,426,2508,4283.68,United Kingdom
16939,1,False,2010-01-01,2010-12-31,2011-01-01,2011-06-30,2010-02-28 13:33:00,2010-08-08 12:24:00,3,41,38,229,433.85,United Kingdom
16940,0,True,2010-01-01,2010-12-31,2011-01-01,2011-06-30,2010-02-16 12:50:00,2010-09-15 12:53:00,4,271,198,1873,2720.93,United Kingdom
16941,1,False,2010-01-01,2010-12-31,2011-01-01,2011-06-30,2010-04-07 11:13:00,2010-04-07 11:13:00,1,2,2,12,33.0,United Kingdom
16943,0,True,2010-01-01,2010-12-31,2011-01-01,2011-06-30,2010-03-25 13:34:00,2010-06-18 11:16:00,2,2,1,2,482.76,United Kingdom
16944,1,False,2010-01-01,2010-12-31,2011-01-01,2011-06-30,2010-04-09 11:03:00,2010-04-09 11:03:00,1,7,7,27,101.36,United Kingdom
16945,0,True,2010-01-01,2010-12-31,2011-01-01,2011-06-30,2010-02-03 15:34:00,2010-12-16 17:49:00,13,220,144,2770,3872.5,United Kingdom
16946,1,False,2010-01-01,2010-12-31,2011-01-01,2011-06-30,2010-03-02 10:49:00,2010-11-21 14:06:00,5,75,69,509,1222.04,United Kingdom
16947,0,True,2010-01-01,2010-12-31,2011-01-01,2011-06-30,2010-03-03 10:54:00,2010-09-03 12:22:00,4,32,30,343,548.73,United Kingdom
16948,0,True,2010-01-01,2010-12-31,2011-01-01,2011-06-30,2010-02-21 13:48:00,2010-10-06 13:08:00,4,24,15,477,433.75,United Kingdom
16950,1,False,2010-01-01,2010-12-31,2011-01-01,2011-06-30,2010-01-24 11:26:00,2010-12-07 15:20:00,8,105,84,1820,2535.21,United Kingdom
16952,1,False,2010-01-01,2010-12-31,2011-01-01,2011-06-30,2010-09-07 14:31:00,2010-09-24 15:35:00,2,38,34,144,379.13,United Kingdom
16954,0,True,2010-01-01,2010-12-31,2011-01-01,2011-06-30,2010-01-18 14:49:00,2010-12-15 10:41:00,12,164,75,3226,4343.599999999999,United Kingdom
16955,0,True,2010-01-01,2010-12-31,2011-01-01,2011-06-30,2010-01-31 11:38:00,2010-12-06 10:38:00,4,32,26,557,790.74,United Kingdom
16958,1,False,2010-01-01,2010-12-31,2011-01-01,2011-06-30,2010-09-30 14:25:00,2010-09-30 14:25:00,1,70,69,514,778.49,United Kingdom
16960,0,True,2010-01-01,2010-12-31,2011-01-01,2011-06-30,2010-03-02 13:36:00,2010-11-14 12:17:00,5,348,267,1188,1483.83,United Kingdom
16961,1,False,2010-01-01,2010-12-31,2011-01-01,2011-06-30,2010-06-25 14:36:00,2010-11-16 16:37:00,2,38,38,357,560.39,United Kingdom
16962,1,False,2010-01-01,2010-12-31,2011-01-01,2011-06-30,2010-10-26 11:36:00,2010-10-26 11:36:00,1,15,15,158,251.04,United Kingdom
16970,1,False,2010-01-01,2010-12-31,2011-01-01,2011-06-30,2010-03-23 13:50:00,2010-03-23 13:50:00,1,2,2,12,71.4,United Kingdom
16972,1,False,2010-01-01,2010-12-31,2011-01-01,2011-06-30,2010-09-09 11:20:00,2010-11-22 10:59:00,2,82,54,183,749.0,United Kingdom
16973,1,False,2010-01-01,2010-12-31,2011-01-01,2011-06-30,2010-11-18 13:56:00,2010-11-18 13:56:00,1,6,6,60,127.0,United Kingdom
16974,1,False,2010-01-01,2010-12-31,2011-01-01,2011-06-30,2010-05-24 10:43:00,2010-07-05 10:18:00,2,8,5,70,365.5,United Kingdom
16975,1,False,2010-01-01,2010-12-31,2011-01-01,2011-06-30,2010-07-22 11:38:00,2010-10-12 17:53:00,3,45,44,586,926.12,United Kingdom
16977,1,False,2010-01-01,2010-12-31,2011-01-01,2011-06-30,2010-03-18 11:06:00,2010-11-09 13:17:00,4,28,25,142,496.0,United Kingdom
16978,1,False,2010-01-01,2010-12-31,2011-01-01,2011-06-30,2010-02-11 16:27:00,2010-02-11 16:33:00,2,28,28,119,424.55,United Kingdom
16979,0,True,2010-01-01,2010-12-31,2011-01-01,2011-06-30,2010-09-15 14:30:00,2010-11-21 13:23:00,3,40,32,586,1007.74,United Kingdom
16980,0,True,2010-01-01,2010-12-31,2011-01-01,2011-06-30,2010-10-07 14:05:00,2010-10-07 14:05:00,1,25,25,251,394.37,United Kingdom
16983,0,True,2010-01-01,2010-12-31,2011-01-01,2011-06-30,2010-09-19 12:38:00,2010-12-05 12:34:00,5,97,67,1087,1748.15,United Kingdom
16984,1,False,2010-01-01,2010-12-31,2011-01-01,2011-06-30,2010-03-07 15:34:00,2010-10-31 16:26:00,7,672,476,2747,5891.01,United Kingdom
16985,0,True,2010-01-01,2010-12-31,2011-01-01,2011-06-30,2010-01-07 11:22:00,2010-12-16 10:38:00,12,110,73,1383,5430.81,United Kingdom
16986,1,False,2010-01-01,2010-12-31,2011-01-01,2011-06-30,2010-02-04 14:46:00,2010-09-20 15:00:00,9,171,64,1499,3015.55,United Kingdom
16987,0,True,2010-01-01,2010-12-31,2011-01-01,2011-06-30,2010-04-12 15:59:00,2010-11-28 15:24:00,2,89,78,182,613.69,United Kingdom
16988,1,False,2010-01-01,2010-12-31,2011-01-01,2011-06-30,2010-11-25 09:22:00,2010-11-25 09:22:00,1,13,13,115,256.55,United Kingdom
16990,0,True,2010-01-01,2010-12-31,2011-01-01,2011-06-30,2010-10-13 11:42:00,2010-10-13 11:42:00,1,1,1,100,165.0,United Kingdom
16991,1,False,2010-01-01,2010-12-31,2011-01-01,2011-06-30,2010-10-14 14:08:00,2010-10-14 14:08:00,1,74,74,793,1041.21,United Kingdom
16992,0,True,2010-01-01,2010-12-31,2011-01-01,2011-06-30,2010-02-11 12:36:00,2010-11-17 15:21:00,8,192,154,1201,3862.19,United Kingdom
16993,1,False,2010-01-01,2010-12-31,2011-01-01,2011-06-30,2010-05-12 13:55:00,2010-09-02 12:16:00,2,28,19,285,1950.9499999999998,United Kingdom
16996,0,True,2010-01-01,2010-12-31,2011-01-01,2011-06-30,2010-10-18 12:24:00,2010-12-21 15:09:00,5,42,29,421,794.19,United Kingdom
16998,0,True,2010-01-01,2010-12-31,2011-01-01,2011-06-30,2010-09-21 14:39:00,2010-09-21 14:39:00,1,2,2,28,107.0,United Kingdom
17000,1,False,2010-01-01,2010-12-31,2011-01-01,2011-06-30,2010-10-27 14:16:00,2010-11-08 13:35:00,2,30,26,305,406.3,United Kingdom
17001,0,True,2010-01-01,2010-12-31,2011-01-01,2011-06-30,2010-03-25 12:41:00,2010-12-16 09:35:00,9,118,62,1878,3049.19,United Kingdom
17002,0,True,2010-01-01,2010-12-31,2011-01-01,2011-06-30,2010-03-08 15:46:00,2010-09-22 13:51:00,4,35,32,586,1077.82,United Kingdom
17003,1,False,2010-01-01,2010-12-31,2011-01-01,2011-06-30,2010-05-10 11:20:00,2010-11-02 13:15:00,4,111,90,494,828.21,United Kingdom
17004,1,False,2010-01-01,2010-12-31,2011-01-01,2011-06-30,2010-10-11 15:43:00,2010-11-12 13:17:00,2,26,21,462,1012.22,United Kingdom
17005,1,False,2010-01-01,2010-12-31,2011-01-01,2011-06-30,2010-04-30 10:55:00,2010-08-26 10:57:00,2,18,14,691,622.36,United Kingdom
17006,1,False,2010-01-01,2010-12-31,2011-01-01,2011-06-30,2010-03-05 13:33:00,2010-11-12 13:43:00,4,85,77,300,853.49,United Kingdom
17007,0,True,2010-01-01,2010-12-31,2011-01-01,2011-06-30,2010-09-28 13:51:00,2010-12-17 13:58:00,3,27,27,224,437.29,United Kingdom
17008,1,False,2010-01-01,2010-12-31,2011-01-01,2011-06-30,2010-10-06 15:19:00,2010-10-06 15:19:00,1,1,1,24,81.36,United Kingdom
17009,1,False,2010-01-01,2010-12-31,2011-01-01,2011-06-30,2010-06-06 16:01:00,2010-06-06 16:01:00,1,11,10,336,242.06,United Kingdom
17011,1,False,2010-01-01,2010-12-31,2011-01-01,2011-06-30,2010-02-26 09:47:00,2010-03-02 13:50:00,2,13,12,606,400.8,United Kingdom
17016,1,False,2010-01-01,2010-12-31,2011-01-01,2011-06-30,2010-05-12 12:32:00,2010-05-12 12:32:00,1,41,41,309,552.4,United Kingdom
17017,0,True,2010-01-01,2010-12-31,2011-01-01,2011-06-30,2010-06-16 10:29:00,2010-12-14 14:42:00,13,192,69,4546,5962.87,United Kingdom
17018,0,True,2010-01-01,2010-12-31,2011-01-01,2011-06-30,2010-01-08 09:38:00,2010-11-17 14:23:00,3,16,11,160,1016.0,United Kingdom
17019,0,True,2010-01-01,2010-12-31,2011-01-01,2011-06-30,2010-03-24 12:33:00,2010-12-06 12:55:00,7,422,246,1602,2490.37,United Kingdom
17020,1,False,2010-01-01,2010-12-31,2011-01-01,2011-06-30,2010-03-03 12:27:00,2010-06-15 13:06:00,2,69,64,860,935.62,United Kingdom
17021,1,False,2010-01-01,2010-12-31,2011-01-01,2011-06-30,2010-04-29 20:05:00,2010-09-23 20:01:00,6,48,35,992,1182.22,United Kingdom
17022,1,False,2010-01-01,2010-12-31,2011-01-01,2011-06-30,2010-10-03 10:27:00,2010-10-03 10:27:00,1,9,9,72,189.0,United Kingdom
17023,1,False,2010-01-01,2010-12-31,2011-01-01,2011-06-30,2010-01-11 15:09:00,2010-10-18 15:37:00,3,49,48,530,800.18,United Kingdom
17025,1,False,2010-01-01,2010-12-31,2011-01-01,2011-06-30,2010-03-08 13:37:00,2010-12-01 15:46:00,4,33,28,789,1152.87,United Kingdom
17026,0,True,2010-01-01,2010-12-31,2011-01-01,2011-06-30,2010-10-18 15:22:00,2010-12-05 12:47:00,2,4,4,35,54.15,United Kingdom
17027,0,True,2010-01-01,2010-12-31,2011-01-01,2011-06-30,2010-02-24 13:54:00,2010-09-19 14:11:00,2,28,28,226,293.22,United Kingdom
17028,1,False,2010-01-01,2010-12-31,2011-01-01,2011-06-30,2010-02-24 09:50:00,2010-05-07 15:33:00,2,78,73,703,1285.92,United Kingdom
17029,0,True,2010-01-01,2010-12-31,2011-01-01,2011-06-30,2010-02-14 10:19:00,2010-11-22 10:46:00,5,27,19,865,1421.3,United Kingdom
17031,1,False,2010-01-01,2010-12-31,2011-01-01,2011-06-30,2010-05-07 14:52:00,2010-11-26 15:17:00,4,28,22,1360,2393.5,United Kingdom
17032,1,False,2010-01-01,2010-12-31,2011-01-01,2011-06-30,2010-01-14 15:47:00,2010-06-10 12:16:00,7,179,147,1176,2150.07,United Kingdom
17033,0,True,2010-01-01,2010-12-31,2011-01-01,2011-06-30,2010-11-07 12:55:00,2010-12-15 13:21:00,2,20,18,245,610.45,United Kingdom
17034,0,True,2010-01-01,2010-12-31,2011-01-01,2011-06-30,2010-07-14 12:55:00,2010-10-26 14:00:00,2,28,26,284,530.9,United Kingdom
17035,0,True,2010-01-01,2010-12-31,2011-01-01,2011-06-30,2010-04-27 14:11:00,2010-04-27 14:11:00,1,3,3,62,125.46000000000001,United Kingdom
17036,1,False,2010-01-01,2010-12-31,2011-01-01,2011-06-30,2010-11-21 14:26:00,2010-11-21 14:26:00,1,12,12,76,176.9,United Kingdom
17038,1,False,2010-01-01,2010-12-31,2011-01-01,2011-06-30,2010-10-20 16:04:00,2010-10-20 16:04:00,1,41,41,507,630.77,United Kingdom
17039,1,False,2010-01-01,2010-12-31,2011-01-01,2011-06-30,2010-04-14 12:56:00,2010-04-14 12:56:00,1,44,44,689,1954.99,United Kingdom
17040,1,False,2010-01-01,2010-12-31,2011-01-01,2011-06-30,2010-06-07 15:08:00,2010-06-07 15:08:00,1,1,1,8,13.52,United Kingdom
17041,1,False,2010-01-01,2010-12-31,2011-01-01,2011-06-30,2010-04-18 14:25:00,2010-12-14 11:43:00,4,74,58,566,888.21,United Kingdom
17043,0,True,2010-01-01,2010-12-31,2011-01-01,2011-06-30,2010-05-18 13:36:00,2010-11-29 15:06:00,3,51,46,236,481.41,United Kingdom
17044,1,False,2010-01-01,2010-12-31,2011-01-01,2011-06-30,2010-03-10 10:53:00,2010-11-30 10:48:00,10,132,86,4822,10023.34,United Kingdom
17045,0,True,2010-01-01,2010-12-31,2011-01-01,2011-06-30,2010-10-06 14:52:00,2010-11-28 13:09:00,2,31,28,188,488.24,United Kingdom
17046,1,False,2010-01-01,2010-12-31,2011-01-01,2011-06-30,2010-03-29 13:46:00,2010-09-21 13:40:00,4,63,57,1126,1264.05,United Kingdom
17047,0,True,2010-01-01,2010-12-31,2011-01-01,2011-06-30,2010-04-08 14:28:00,2010-10-04 09:14:00,2,55,53,436,865.68,United Kingdom
17048,0,True,2010-01-01,2010-12-31,2011-01-01,2011-06-30,2010-01-18 13:55:00,2010-09-28 16:50:00,4,58,52,583,1146.33,United Kingdom
17049,0,True,2010-01-01,2010-12-31,2011-01-01,2011-06-30,2010-03-04 10:23:00,2010-11-29 13:00:00,10,241,157,1600,4287.5,United Kingdom
17050,0,True,2010-01-01,2010-12-31,2011-01-01,2011-06-30,2010-01-26 14:54:00,2010-11-29 17:20:00,5,41,27,837,1462.95,United Kingdom
17051,0,True,2010-01-01,2010-12-31,2011-01-01,2011-06-30,2010-03-21 14:55:00,2010-09-19 15:09:00,3,113,92,328,465.6,United Kingdom
17055,1,False,2010-01-01,2010-12-31,2011-01-01,2011-06-30,2010-09-20 12:21:00,2010-09-20 12:21:00,1,26,24,83,232.85,United Kingdom
17057,1,False,2010-01-01,2010-12-31,2011-01-01,2011-06-30,2010-04-22 19:21:00,2010-04-22 19:21:00,1,50,48,129,294.74,United Kingdom
17059,0,True,2010-01-01,2010-12-31,2011-01-01,2011-06-30,2010-01-26 14:43:00,2010-12-05 12:35:00,5,324,208,1728,2506.54,United Kingdom
17062,0,True,2010-01-01,2010-12-31,2011-01-01,2011-06-30,2010-09-26 11:57:00,2010-12-16 12:31:00,5,103,73,550,787.11,United Kingdom
17063,0,True,2010-01-01,2010-12-31,2011-01-01,2011-06-30,2010-03-08 08:45:00,2010-10-28 15:59:00,5,102,79,1000,1898.78,United Kingdom
17065,1,False,2010-01-01,2010-12-31,2011-01-01,2011-06-30,2010-03-12 11:40:00,2010-03-12 11:41:00,2,12,6,82,194.7,United Kingdom
17068,0,True,2010-01-01,2010-12-31,2011-01-01,2011-06-30,2010-03-28 14:26:00,2010-12-16 15:07:00,28,731,205,2305,4732.99,United Kingdom
17069,0,True,2010-01-01,2010-12-31,2011-01-01,2011-06-30,2010-05-06 15:05:00,2010-12-20 10:00:00,6,134,106,1561,2890.18,United Kingdom
17070,1,False,2010-01-01,2010-12-31,2011-01-01,2011-06-30,2010-10-25 15:57:00,2010-10-25 15:57:00,1,41,41,101,133.18,United Kingdom
17071,0,True,2010-01-01,2010-12-31,2011-01-01,2011-06-30,2010-01-24 13:05:00,2010-11-23 11:47:00,4,71,57,737,1364.68,United Kingdom
17072,1,False,2010-01-01,2010-12-31,2011-01-01,2011-06-30,2010-03-24 16:33:00,2010-03-24 16:33:00,1,21,20,212,273.35,United Kingdom
17074,1,False,2010-01-01,2010-12-31,2011-01-01,2011-06-30,2010-05-26 12:04:00,2010-05-26 12:04:00,1,4,4,19,203.05,United Kingdom
17075,0,True,2010-01-01,2010-12-31,2011-01-01,2011-06-30,2010-01-26 13:46:00,2010-10-06 13:24:00,5,109,95,445,1214.81,United Kingdom
17076,0,True,2010-01-01,2010-12-31,2011-01-01,2011-06-30,2010-03-11 13:19:00,2010-12-10 10:08:00,3,29,22,229,485.49,United Kingdom
17077,1,False,2010-01-01,2010-12-31,2011-01-01,2011-06-30,2010-05-10 16:36:00,2010-05-10 16:36:00,1,1,1,36,306.0,United Kingdom
17080,0,True,2010-01-01,2010-12-31,2011-01-01,2011-06-30,2010-07-01 16:03:00,2010-11-25 17:55:00,5,25,19,403,669.91,United Kingdom
17081,1,False,2010-01-01,2010-12-31,2011-01-01,2011-06-30,2010-02-22 13:19:00,2010-11-09 12:44:00,4,144,121,304,660.48,United Kingdom
17082,0,True,2010-01-01,2010-12-31,2011-01-01,2011-06-30,2010-03-24 09:26:00,2010-11-10 09:19:00,2,59,44,957,1819.98,United Kingdom
17083,0,True,2010-01-01,2010-12-31,2011-01-01,2011-06-30,2010-02-09 11:46:00,2010-10-26 08:41:00,6,63,26,1183,2644.01,United Kingdom
17084,1,False,2010-01-01,2010-12-31,2011-01-01,2011-06-30,2010-11-08 14:20:00,2010-11-08 14:20:00,1,132,132,1476,2253.22,United Kingdom
17085,0,True,2010-01-01,2010-12-31,2011-01-01,2011-06-30,2010-01-25 16:17:00,2010-12-20 11:08:00,22,807,360,2905,6489.67,United Kingdom
17089,1,False,2010-01-01,2010-12-31,2011-01-01,2011-06-30,2010-11-18 15:33:00,2010-11-18 15:33:00,1,4,4,35,128.45,United Kingdom
17090,0,True,2010-01-01,2010-12-31,2011-01-01,2011-06-30,2010-07-19 16:02:00,2010-12-20 13:52:00,7,31,17,465,1166.73,United Kingdom
17091,0,True,2010-01-01,2010-12-31,2011-01-01,2011-06-30,2010-02-15 10:56:00,2010-12-07 09:55:00,10,261,161,2005,3684.94,United Kingdom
17092,0,True,2010-01-01,2010-12-31,2011-01-01,2011-06-30,2010-02-02 16:42:00,2010-09-28 14:27:00,7,268,192,2638,3737.38,United Kingdom
17093,1,False,2010-01-01,2010-12-31,2011-01-01,2011-06-30,2010-04-26 10:22:00,2010-04-26 10:22:00,1,13,13,114,235.88,United Kingdom
17094,0,True,2010-01-01,2010-12-31,2011-01-01,2011-06-30,2010-10-12 10:48:00,2010-10-12 10:48:00,1,4,4,60,100.2,United Kingdom
17095,0,True,2010-01-01,2010-12-31,2011-01-01,2011-06-30,2010-03-18 13:28:00,2010-10-05 09:45:00,3,52,49,1019,946.19,United Kingdom
17096,0,True,2010-01-01,2010-12-31,2011-01-01,2011-06-30,2010-06-02 14:48:00,2010-11-21 12:59:00,7,157,128,1220,2675.8,United Kingdom
17097,0,True,2010-01-01,2010-12-31,2011-01-01,2011-06-30,2010-10-05 14:09:00,2010-12-09 14:55:00,2,96,84,190,363.66,Spain
17098,1,False,2010-01-01,2010-12-31,2011-01-01,2011-06-30,2010-06-17 10:30:00,2010-11-23 12:13:00,3,18,10,125,591.0699999999999,United Kingdom
17099,1,False,2010-01-01,2010-12-31,2011-01-01,2011-06-30,2010-06-24 16:25:00,2010-06-24 16:25:00,1,40,40,317,582.17,United Kingdom
17101,0,True,2010-01-01,2010-12-31,2011-01-01,2011-06-30,2010-06-07 15:12:00,2010-11-10 10:15:00,3,31,28,360,885.3199999999999,United Kingdom
17104,1,False,2010-01-01,2010-12-31,2011-01-01,2011-06-30,2010-10-12 12:21:00,2010-10-12 12:21:00,1,19,19,149,474.03,United Kingdom
17106,1,False,2010-01-01,2010-12-31,2011-01-01,2011-06-30,2010-11-15 14:11:00,2010-11-15 14:11:00,1,51,51,153,481.58,United Kingdom
17107,0,True,2010-01-01,2010-12-31,2011-01-01,2011-06-30,2010-01-31 15:47:00,2010-11-07 13:50:00,4,254,197,2704,5255.24,United Kingdom
17108,1,False,2010-01-01,2010-12-31,2011-01-01,2011-06-30,2010-02-14 12:22:00,2010-02-14 12:22:00,1,9,9,31,174.95,United Kingdom
17109,0,True,2010-01-01,2010-12-31,2011-01-01,2011-06-30,2010-07-30 12:42:00,2010-10-29 15:56:00,2,23,22,200,410.42,United Kingdom
17110,0,True,2010-01-01,2010-12-31,2011-01-01,2011-06-30,2010-04-08 13:32:00,2010-07-07 12:21:00,2,37,32,86,336.59999999999997,United Kingdom
17111,1,False,2010-01-01,2010-12-31,2011-01-01,2011-06-30,2010-10-10 15:21:00,2010-10-10 15:21:00,1,19,19,299,227.97,United Kingdom
17112,1,False,2010-01-01,2010-12-31,2011-01-01,2011-06-30,2010-07-25 11:14:00,2010-07-25 11:14:00,1,47,44,130,197.57,United Kingdom
17113,1,False,2010-01-01,2010-12-31,2011-01-01,2011-06-30,2010-01-11 10:14:00,2010-05-14 13:59:00,6,158,122,913,2305.59,United Kingdom
17115,0,True,2010-01-01,2010-12-31,2011-01-01,2011-06-30,2010-01-28 15:17:00,2010-06-09 11:10:00,3,66,64,418,1489.84,United Kingdom
17116,1,False,2010-01-01,2010-12-31,2011-01-01,2011-06-30,2010-03-01 16:29:00,2010-03-01 16:29:00,1,47,47,392,389.78,United Kingdom
17121,1,False,2010-01-01,2010-12-31,2011-01-01,2011-06-30,2010-11-02 11:47:00,2010-11-02 11:47:00,1,12,12,106,314.74,United Kingdom
17122,1,False,2010-01-01,2010-12-31,2011-01-01,2011-06-30,2010-07-28 09:34:00,2010-11-16 14:38:00,3,23,19,288,432.18,United Kingdom
17123,1,False,2010-01-01,2010-12-31,2011-01-01,2011-06-30,2010-05-16 11:52:00,2010-09-26 12:06:00,2,34,31,430,631.87,United Kingdom
17126,0,True,2010-01-01,2010-12-31,2011-01-01,2011-06-30,2010-08-31 13:41:00,2010-12-12 11:26:00,5,250,183,725,1228.93,United Kingdom
17127,1,False,2010-01-01,2010-12-31,2011-01-01,2011-06-30,2010-06-24 10:25:00,2010-10-07 09:54:00,4,31,22,291,1017.0800000000002,United Kingdom
17129,1,False,2010-01-01,2010-12-31,2011-01-01,2011-06-30,2010-07-07 13:46:00,2010-07-07 13:46:00,1,2,2,5,31.85,United Kingdom
17132,1,False,2010-01-01,2010-12-31,2011-01-01,2011-06-30,2010-08-08 13:49:00,2010-09-13 16:31:00,2,71,62,963,1220.9099999999999,United Kingdom
17133,0,True,2010-01-01,2010-12-31,2011-01-01,2011-06-30,2010-03-21 12:31:00,2010-08-22 13:58:00,5,29,16,7377,9730.09,United Kingdom
17134,0,True,2010-01-01,2010-12-31,2011-01-01,2011-06-30,2010-09-23 18:32:00,2010-09-23 18:32:00,1,13,13,46,212.1,United Kingdom
17135,0,True,2010-01-01,2010-12-31,2011-01-01,2011-06-30,2010-05-09 16:03:00,2010-12-03 09:31:00,4,100,79,684,798.03,United Kingdom
17136,1,False,2010-01-01,2010-12-31,2011-01-01,2011-06-30,2010-02-15 13:13:00,2010-02-15 13:13:00,1,14,14,256,231.68,United Kingdom
17137,1,False,2010-01-01,2010-12-31,2011-01-01,2011-06-30,2010-01-31 12:27:00,2010-10-19 14:51:00,6,167,125,680,1099.81,United Kingdom
17138,0,True,2010-01-01,2010-12-31,2011-01-01,2011-06-30,2010-02-04 14:19:00,2010-11-15 13:15:00,6,232,217,1898,4036.77,United Kingdom
17139,0,True,2010-01-01,2010-12-31,2011-01-01,2011-06-30,2010-01-11 11:31:00,2010-11-15 12:19:00,13,331,226,4677,8915.99,United Kingdom
17141,1,False,2010-01-01,2010-12-31,2011-01-01,2011-06-30,2010-01-24 14:19:00,2010-10-17 14:54:00,4,162,138,423,727.58,United Kingdom
17142,0,True,2010-01-01,2010-12-31,2011-01-01,2011-06-30,2010-01-24 15:23:00,2010-10-31 14:52:00,3,74,67,241,696.25,United Kingdom
17143,1,False,2010-01-01,2010-12-31,2011-01-01,2011-06-30,2010-07-12 13:26:00,2010-10-18 15:27:00,2,112,82,314,880.97,United Kingdom
17145,1,False,2010-01-01,2010-12-31,2011-01-01,2011-06-30,2010-02-19 12:07:00,2010-07-15 09:02:00,4,180,168,2591,3120.91,United Kingdom
17146,0,True,2010-01-01,2010-12-31,2011-01-01,2011-06-30,2010-02-02 09:39:00,2010-12-16 12:20:00,11,282,158,2067,5401.11,United Kingdom
17147,0,True,2010-01-01,2010-12-31,2011-01-01,2011-06-30,2010-01-11 09:38:00,2010-09-13 10:30:00,5,55,41,426,1485.36,United Kingdom
17149,1,False,2010-01-01,2010-12-31,2011-01-01,2011-06-30,2010-09-14 14:56:00,2010-09-14 14:56:00,1,6,6,18,143.10000000000002,United Kingdom
17150,1,False,2010-01-01,2010-12-31,2011-01-01,2011-06-30,2010-02-28 11:25:00,2010-11-28 11:27:00,4,68,48,298,1042.3,United Kingdom
17152,0,True,2010-01-01,2010-12-31,2011-01-01,2011-06-30,2010-10-10 12:40:00,2010-10-10 12:40:00,1,2,2,60,327.0,United Kingdom
17155,0,True,2010-01-01,2010-12-31,2011-01-01,2011-06-30,2010-03-28 11:19:00,2010-06-30 09:24:00,3,31,20,384,368.4,United Kingdom
17156,1,False,2010-01-01,2010-12-31,2011-01-01,2011-06-30,2010-08-05 11:30:00,2010-08-05 11:30:00,1,39,39,391,591.87,United Kingdom
17157,0,True,2010-01-01,2010-12-31,2011-01-01,2011-06-30,2010-02-05 10:32:00,2010-08-16 13:22:00,12,106,60,1312,3171.86,United Kingdom
17158,0,True,2010-01-01,2010-12-31,2011-01-01,2011-06-30,2010-03-07 15:50:00,2010-12-14 13:03:00,3,71,50,620,1126.82,United Kingdom
17159,0,True,2010-01-01,2010-12-31,2011-01-01,2011-06-30,2010-03-04 14:53:00,2010-08-19 11:48:00,2,29,27,237,560.71,United Kingdom
17160,0,True,2010-01-01,2010-12-31,2011-01-01,2011-06-30,2010-01-22 09:44:00,2010-11-30 17:43:00,10,363,146,4881,5865.1900000000005,United Kingdom
17161,1,False,2010-01-01,2010-12-31,2011-01-01,2011-06-30,2010-09-21 16:44:00,2010-09-21 16:44:00,1,52,52,537,856.01,United Kingdom
17163,1,False,2010-01-01,2010-12-31,2011-01-01,2011-06-30,2010-02-02 10:39:00,2010-09-20 10:08:00,2,25,24,465,406.68,United Kingdom
17165,0,True,2010-01-01,2010-12-31,2011-01-01,2011-06-30,2010-01-12 15:50:00,2010-11-23 13:35:00,4,72,62,574,1259.98,United Kingdom
17167,1,False,2010-01-01,2010-12-31,2011-01-01,2011-06-30,2010-09-20 14:02:00,2010-11-25 10:05:00,3,79,64,429,867.11,United Kingdom
17168,1,False,2010-01-01,2010-12-31,2011-01-01,2011-06-30,2010-07-29 12:33:00,2010-07-29 12:33:00,1,21,21,220,400.2,United Kingdom
17169,0,True,2010-01-01,2010-12-31,2011-01-01,2011-06-30,2010-05-10 13:00:00,2010-05-10 13:00:00,1,21,21,145,320.95,United Kingdom
17170,1,False,2010-01-01,2010-12-31,2011-01-01,2011-06-30,2010-11-15 16:23:00,2010-11-30 15:55:00,2,10,8,152,178.68,United Kingdom
17171,0,True,2010-01-01,2010-12-31,2011-01-01,2011-06-30,2010-02-16 12:02:00,2010-02-16 12:02:00,1,9,9,40,159.68,United Kingdom
17172,1,False,2010-01-01,2010-12-31,2011-01-01,2011-06-30,2010-10-05 12:02:00,2010-10-05 12:02:00,1,10,10,353,301.99,United Kingdom
17176,0,True,2010-01-01,2010-12-31,2011-01-01,2011-06-30,2010-01-31 15:49:00,2010-07-01 12:11:00,2,27,25,406,596.1899999999999,United Kingdom
17177,1,False,2010-01-01,2010-12-31,2011-01-01,2011-06-30,2010-07-22 14:53:00,2010-07-22 14:53:00,1,29,29,40,119.5,United Kingdom
17179,0,True,2010-01-01,2010-12-31,2011-01-01,2011-06-30,2010-05-26 11:22:00,2010-12-13 14:24:00,4,98,49,433,1038.47,United Kingdom
17180,0,True,2010-01-01,2010-12-31,2011-01-01,2011-06-30,2010-01-21 17:43:00,2010-10-13 16:58:00,7,275,149,1139,1452.8,United Kingdom
17181,1,False,2010-01-01,2010-12-31,2011-01-01,2011-06-30,2010-04-23 11:21:00,2010-12-01 12:38:00,2,7,7,243,225.45000000000002,United Kingdom
17182,1,False,2010-01-01,2010-12-31,2011-01-01,2011-06-30,2010-10-13 10:09:00,2010-10-13 10:09:00,1,4,4,24,142.8,United Kingdom
17184,1,False,2010-01-01,2010-12-31,2011-01-01,2011-06-30,2010-05-19 14:24:00,2010-05-19 14:24:00,1,11,11,58,147.86,United Kingdom
17185,1,False,2010-01-01,2010-12-31,2011-01-01,2011-06-30,2010-04-20 13:49:00,2010-04-27 12:15:00,3,44,38,119,229.46,United Kingdom
17187,0,True,2010-01-01,2010-12-31,2011-01-01,2011-06-30,2010-07-01 14:38:00,2010-07-01 14:38:00,1,13,13,282,263.76,United Kingdom
17188,0,True,2010-01-01,2010-12-31,2011-01-01,2011-06-30,2010-01-11 15:33:00,2010-12-12 12:56:00,6,86,79,1241,2304.32,United Kingdom
17189,1,False,2010-01-01,2010-12-31,2011-01-01,2011-06-30,2010-05-27 20:11:00,2010-12-15 17:28:00,2,61,55,183,353.88,United Kingdom
17190,0,True,2010-01-01,2010-12-31,2011-01-01,2011-06-30,2010-03-05 13:21:00,2010-11-01 14:22:00,5,171,143,2057,1281.83,United Kingdom
17191,0,True,2010-01-01,2010-12-31,2011-01-01,2011-06-30,2010-01-29 13:53:00,2010-12-06 14:46:00,10,301,189,1265,2465.03,United Kingdom
17192,1,False,2010-01-01,2010-12-31,2011-01-01,2011-06-30,2010-06-21 16:07:00,2010-06-21 16:07:00,1,20,20,45,75.28,United Kingdom
17193,0,True,2010-01-01,2010-12-31,2011-01-01,2011-06-30,2010-11-18 16:57:00,2010-11-18 16:57:00,1,11,11,378,565.74,United Kingdom
17194,0,True,2010-01-01,2010-12-31,2011-01-01,2011-06-30,2010-06-27 13:16:00,2010-12-14 12:06:00,2,60,57,419,802.5,United Kingdom
17195,1,False,2010-01-01,2010-12-31,2011-01-01,2011-06-30,2010-02-22 13:05:00,2010-02-22 13:05:00,1,31,31,486,562.98,United Kingdom
17196,1,False,2010-01-01,2010-12-31,2011-01-01,2011-06-30,2010-10-08 11:31:00,2010-10-08 11:31:00,1,93,84,154,327.75,United Kingdom
17198,1,False,2010-01-01,2010-12-31,2011-01-01,2011-06-30,2010-12-03 14:54:00,2010-12-09 13:34:00,2,77,73,242,521.66,United Kingdom
17199,1,False,2010-01-01,2010-12-31,2011-01-01,2011-06-30,2010-05-06 13:53:00,2010-05-06 13:53:00,1,8,8,232,135.04000000000002,United Kingdom
17200,1,False,2010-01-01,2010-12-31,2011-01-01,2011-06-30,2010-02-25 13:23:00,2010-11-17 13:04:00,4,25,25,367,356.71,United Kingdom
17201,1,False,2010-01-01,2010-12-31,2011-01-01,2011-06-30,2010-02-10 12:26:00,2010-07-04 11:40:00,3,133,119,773,853.3199999999999,United Kingdom
17202,1,False,2010-01-01,2010-12-31,2011-01-01,2011-06-30,2010-10-15 11:25:00,2010-10-15 11:25:00,1,8,8,55,160.65,United Kingdom
17203,1,False,2010-01-01,2010-12-31,2011-01-01,2011-06-30,2010-11-16 12:52:00,2010-11-16 13:07:00,4,113,84,1751,2004.01,United Kingdom
17204,0,True,2010-01-01,2010-12-31,2011-01-01,2011-06-30,2010-06-10 11:37:00,2010-11-30 17:58:00,5,120,89,2005,3940.13,United Kingdom
17205,1,False,2010-01-01,2010-12-31,2011-01-01,2011-06-30,2010-05-24 15:36:00,2010-10-19 16:11:00,2,22,18,1330,615.27,United Kingdom
17207,1,False,2010-01-01,2010-12-31,2011-01-01,2011-06-30,2010-02-25 19:08:00,2010-02-25 19:08:00,1,60,55,233,292.62,United Kingdom
17208,1,False,2010-01-01,2010-12-31,2011-01-01,2011-06-30,2010-11-09 12:50:00,2010-11-09 12:50:00,1,23,21,101,111.15,United Kingdom
17209,1,False,2010-01-01,2010-12-31,2011-01-01,2011-06-30,2010-02-28 16:01:00,2010-02-28 16:01:00,1,32,31,113,222.5,United Kingdom
17210,1,False,2010-01-01,2010-12-31,2011-01-01,2011-06-30,2010-11-12 12:15:00,2010-11-12 12:15:00,1,53,47,242,251.72,United Kingdom
17211,0,True,2010-01-01,2010-12-31,2011-01-01,2011-06-30,2010-02-01 14:02:00,2010-12-21 13:58:00,6,145,118,857,1506.29,United Kingdom
17212,0,True,2010-01-01,2010-12-31,2011-01-01,2011-06-30,2010-08-10 09:22:00,2010-09-07 15:46:00,2,25,25,580,567.5600000000001,United Kingdom
17213,0,True,2010-01-01,2010-12-31,2011-01-01,2011-06-30,2010-01-17 14:50:00,2010-12-21 09:34:00,6,114,74,949,2093.37,United Kingdom
17214,0,True,2010-01-01,2010-12-31,2011-01-01,2011-06-30,2010-12-15 15:14:00,2010-12-15 15:14:00,1,14,14,43,171.05,United Kingdom
17215,1,False,2010-01-01,2010-12-31,2011-01-01,2011-06-30,2010-09-01 13:39:00,2010-09-01 13:39:00,1,11,11,104,186.15,United Kingdom
17216,1,False,2010-01-01,2010-12-31,2011-01-01,2011-06-30,2010-06-03 13:03:00,2010-06-03 13:03:00,1,13,13,21,63.6,United Kingdom
17217,0,True,2010-01-01,2010-12-31,2011-01-01,2011-06-30,2010-03-30 13:35:00,2010-03-30 13:35:00,1,18,18,69,96.6,United Kingdom
17218,0,True,2010-01-01,2010-12-31,2011-01-01,2011-06-30,2010-01-25 16:12:00,2010-12-19 15:31:00,11,295,181,1348,2540.7,United Kingdom
17219,1,False,2010-01-01,2010-12-31,2011-01-01,2011-06-30,2010-10-19 11:29:00,2010-10-19 11:29:00,1,25,24,99,144.9,United Kingdom
17220,0,True,2010-01-01,2010-12-31,2011-01-01,2011-06-30,2010-01-20 11:57:00,2010-12-10 14:54:00,8,237,187,849,1587.26,United Kingdom
17221,1,False,2010-01-01,2010-12-31,2011-01-01,2011-06-30,2010-04-11 15:34:00,2010-04-27 10:27:00,3,62,58,426,642.14,United Kingdom
17222,1,False,2010-01-01,2010-12-31,2011-01-01,2011-06-30,2010-01-10 15:24:00,2010-08-19 13:48:00,5,85,71,735,1250.86,United Kingdom
17223,0,True,2010-01-01,2010-12-31,2011-01-01,2011-06-30,2010-11-29 17:19:00,2010-12-06 14:08:00,2,51,49,109,433.99,United Kingdom
17224,1,False,2010-01-01,2010-12-31,2011-01-01,2011-06-30,2010-07-26 13:30:00,2010-07-26 13:30:00,1,8,8,65,100.86,United Kingdom
17225,1,False,2010-01-01,2010-12-31,2011-01-01,2011-06-30,2010-05-07 11:38:00,2010-05-07 11:38:00,1,5,5,36,131.15,United Kingdom
17226,0,True,2010-01-01,2010-12-31,2011-01-01,2011-06-30,2010-02-12 14:31:00,2010-09-21 10:10:00,2,38,34,447,501.97999999999996,United Kingdom
17227,0,True,2010-01-01,2010-12-31,2011-01-01,2011-06-30,2010-01-15 15:05:00,2010-12-06 11:16:00,7,77,44,1032,1081.8600000000001,United Kingdom
17228,0,True,2010-01-01,2010-12-31,2011-01-01,2011-06-30,2010-03-12 11:54:00,2010-12-07 10:06:00,7,149,107,1033,1269.8899999999999,United Kingdom
17230,0,True,2010-01-01,2010-12-31,2011-01-01,2011-06-30,2010-01-31 15:34:00,2010-12-20 16:04:00,13,126,92,2382,5505.6,United Kingdom
17231,0,True,2010-01-01,2010-12-31,2011-01-01,2011-06-30,2010-01-18 16:09:00,2010-12-13 14:16:00,14,646,341,1785,3636.4,United Kingdom
17233,1,False,2010-01-01,2010-12-31,2011-01-01,2011-06-30,2010-09-17 13:20:00,2010-09-17 13:20:00,1,20,20,107,190.62,United Kingdom
17235,1,False,2010-01-01,2010-12-31,2011-01-01,2011-06-30,2010-06-04 17:01:00,2010-12-02 13:38:00,7,70,41,747,1354.82,United Kingdom
17236,0,True,2010-01-01,2010-12-31,2011-01-01,2011-06-30,2010-03-07 13:00:00,2010-12-12 11:49:00,7,62,48,397,1139.41,United Kingdom
17237,1,False,2010-01-01,2010-12-31,2011-01-01,2011-06-30,2010-11-23 11:45:00,2010-11-29 11:51:00,2,60,58,309,679.44,United Kingdom
17238,0,True,2010-01-01,2010-12-31,2011-01-01,2011-06-30,2010-03-16 11:08:00,2010-12-03 15:10:00,14,565,306,1697,3422.76,United Kingdom
17239,0,True,2010-01-01,2010-12-31,2011-01-01,2011-06-30,2010-07-01 10:53:00,2010-11-17 15:28:00,3,17,8,365,806.95,United Kingdom
17240,1,False,2010-01-01,2010-12-31,2011-01-01,2011-06-30,2010-04-22 15:44:00,2010-04-22 15:44:00,1,7,7,108,130.6,United Kingdom
17241,1,False,2010-01-01,2010-12-31,2011-01-01,2011-06-30,2010-02-15 14:47:00,2010-11-19 13:01:00,12,170,116,859,2736.64,United Kingdom
17242,0,True,2010-01-01,2010-12-31,2011-01-01,2011-06-30,2010-01-24 10:27:00,2010-09-09 10:44:00,3,44,27,848,1754.24,United Kingdom
17243,0,True,2010-01-01,2010-12-31,2011-01-01,2011-06-30,2010-01-08 12:22:00,2010-12-19 10:21:00,37,570,227,3468,8371.94,United Kingdom
17244,1,False,2010-01-01,2010-12-31,2011-01-01,2011-06-30,2010-11-21 13:42:00,2010-11-21 13:53:00,3,68,65,746,610.49,United Kingdom
17245,0,True,2010-01-01,2010-12-31,2011-01-01,2011-06-30,2010-01-19 15:39:00,2010-01-19 15:39:00,1,16,15,232,200.18,United Kingdom
17246,1,False,2010-01-01,2010-12-31,2011-01-01,2011-06-30,2010-06-11 12:36:00,2010-06-11 12:36:00,1,2,2,2,15.44,United Kingdom
17248,1,False,2010-01-01,2010-12-31,2011-01-01,2011-06-30,2010-08-15 11:55:00,2010-08-15 11:55:00,1,35,34,63,181.89000000000001,United Kingdom
17249,1,False,2010-01-01,2010-12-31,2011-01-01,2011-06-30,2010-10-07 11:33:00,2010-10-07 11:33:00,1,27,27,79,68.03,United Kingdom
17251,1,False,2010-01-01,2010-12-31,2011-01-01,2011-06-30,2010-11-22 10:42:00,2010-12-12 11:06:00,2,58,50,219,492.58,United Kingdom
17254,1,False,2010-01-01,2010-12-31,2011-01-01,2011-06-30,2010-11-03 14:00:00,2010-11-03 14:00:00,1,36,36,146,198.29,United Kingdom
17255,0,True,2010-01-01,2010-12-31,2011-01-01,2011-06-30,2010-09-19 15:53:00,2010-11-14 14:56:00,2,108,99,356,490.21999999999997,United Kingdom
17256,0,True,2010-01-01,2010-12-31,2011-01-01,2011-06-30,2010-04-18 13:40:00,2010-08-15 13:19:00,3,15,14,158,258.93,United Kingdom
17257,1,False,2010-01-01,2010-12-31,2011-01-01,2011-06-30,2010-09-29 12:49:00,2010-09-29 12:51:00,2,14,14,187,189.78,United Kingdom
17258,1,False,2010-01-01,2010-12-31,2011-01-01,2011-06-30,2010-02-12 15:51:00,2010-11-08 12:37:00,2,55,46,188,417.3,United Kingdom
17259,1,False,2010-01-01,2010-12-31,2011-01-01,2011-06-30,2010-02-22 13:38:00,2010-12-06 12:55:00,5,196,159,712,1239.11,United Kingdom
17260,1,False,2010-01-01,2010-12-31,2011-01-01,2011-06-30,2010-10-24 13:21:00,2010-10-24 13:21:00,1,6,6,23,120.95,United Kingdom
17261,1,False,2010-01-01,2010-12-31,2011-01-01,2011-06-30,2010-07-18 11:49:00,2010-07-18 11:49:00,1,43,43,95,221.59,United Kingdom
17262,0,True,2010-01-01,2010-12-31,2011-01-01,2011-06-30,2010-04-28 15:06:00,2010-12-08 13:30:00,6,8,4,332,1334.76,United Kingdom
17264,1,False,2010-01-01,2010-12-31,2011-01-01,2011-06-30,2010-10-11 12:52:00,2010-10-11 12:52:00,1,74,70,217,268.28,United Kingdom
17266,1,False,2010-01-01,2010-12-31,2011-01-01,2011-06-30,2010-03-09 10:42:00,2010-07-28 16:39:00,2,46,43,90,205.14,United Kingdom
17268,0,True,2010-01-01,2010-12-31,2011-01-01,2011-06-30,2010-03-16 13:25:00,2010-09-20 12:34:00,6,16,15,461,814.55,United Kingdom
17269,1,False,2010-01-01,2010-12-31,2011-01-01,2011-06-30,2010-11-19 11:12:00,2010-11-19 11:12:00,1,125,110,314,491.81,United Kingdom
17270,1,False,2010-01-01,2010-12-31,2011-01-01,2011-06-30,2010-08-27 14:09:00,2010-08-27 14:09:00,1,33,31,156,211.82999999999998,United Kingdom
17273,1,False,2010-01-01,2010-12-31,2011-01-01,2011-06-30,2010-10-11 15:57:00,2010-10-11 15:57:00,1,12,12,133,141.12,United Kingdom
17274,1,False,2010-01-01,2010-12-31,2011-01-01,2011-06-30,2010-11-09 12:06:00,2010-11-09 12:06:00,1,52,52,194,465.4,United Kingdom
17275,1,False,2010-01-01,2010-12-31,2011-01-01,2011-06-30,2010-11-21 13:26:00,2010-11-21 13:26:00,1,23,23,71,114.1,United Kingdom
17276,1,False,2010-01-01,2010-12-31,2011-01-01,2011-06-30,2010-11-02 16:20:00,2010-11-02 16:20:00,1,53,50,187,502.49,United Kingdom
17278,0,True,2010-01-01,2010-12-31,2011-01-01,2011-06-30,2010-05-23 13:49:00,2010-05-23 13:49:00,1,2,2,16,25.2,United Kingdom
17280,1,False,2010-01-01,2010-12-31,2011-01-01,2011-06-30,2010-09-27 16:46:00,2010-09-27 16:46:00,1,6,6,74,118.85999999999999,United Kingdom
17281,1,False,2010-01-01,2010-12-31,2011-01-01,2011-06-30,2010-02-04 13:00:00,2010-11-30 18:05:00,6,6,2,295,797.8499999999999,United Kingdom
17282,0,True,2010-01-01,2010-12-31,2011-01-01,2011-06-30,2010-06-09 12:07:00,2010-09-09 19:23:00,2,115,107,466,623.08,United Kingdom
17283,1,False,2010-01-01,2010-12-31,2011-01-01,2011-06-30,2010-11-26 11:53:00,2010-11-26 11:53:00,1,15,15,179,188.46,United Kingdom
17284,0,True,2010-01-01,2010-12-31,2011-01-01,2011-06-30,2010-09-20 16:18:00,2010-11-15 17:14:00,2,82,80,707,1140.58,United Kingdom
17285,1,False,2010-01-01,2010-12-31,2011-01-01,2011-06-30,2010-02-14 14:10:00,2010-03-21 13:38:00,2,44,41,134,407.94,United Kingdom
17286,1,False,2010-01-01,2010-12-31,2011-01-01,2011-06-30,2010-11-04 13:43:00,2010-11-04 13:52:00,2,46,46,251,237.81,United Kingdom
17287,0,True,2010-01-01,2010-12-31,2011-01-01,2011-06-30,2010-02-16 12:13:00,2010-12-07 12:43:00,12,297,208,1235,2535.29,United Kingdom
17288,0,True,2010-01-01,2010-12-31,2011-01-01,2011-06-30,2010-11-10 14:44:00,2010-12-16 13:33:00,5,155,133,654,1184.3600000000001,United Kingdom
17289,0,True,2010-01-01,2010-12-31,2011-01-01,2011-06-30,2010-03-08 12:52:00,2010-11-28 13:40:00,6,162,130,724,1110.78,United Kingdom
17290,1,False,2010-01-01,2010-12-31,2011-01-01,2011-06-30,2010-03-26 13:13:00,2010-11-23 11:13:00,5,97,93,619,918.5,United Kingdom
17292,1,False,2010-01-01,2010-12-31,2011-01-01,2011-06-30,2010-05-09 14:52:00,2010-08-24 17:14:00,2,15,14,131,271.75,United Kingdom
17293,0,True,2010-01-01,2010-12-31,2011-01-01,2011-06-30,2010-02-04 16:18:00,2010-12-13 14:55:00,7,105,80,1101,1837.67,United Kingdom
17294,1,False,2010-01-01,2010-12-31,2011-01-01,2011-06-30,2010-02-08 14:21:00,2010-02-08 16:12:00,2,17,17,297,467.78999999999996,United Kingdom
17298,1,False,2010-01-01,2010-12-31,2011-01-01,2011-06-30,2010-03-08 08:56:00,2010-11-30 17:55:00,3,39,38,465,455.84000000000003,United Kingdom
17299,0,True,2010-01-01,2010-12-31,2011-01-01,2011-06-30,2010-08-15 16:00:00,2010-09-26 13:40:00,2,58,52,251,336.62,United Kingdom
17300,1,False,2010-01-01,2010-12-31,2011-01-01,2011-06-30,2010-08-15 11:02:00,2010-11-14 10:56:00,2,44,37,467,393.64,United Kingdom
17301,1,False,2010-01-01,2010-12-31,2011-01-01,2011-06-30,2010-03-25 13:16:00,2010-03-25 13:16:00,1,54,52,79,131.15,United Kingdom
17303,1,False,2010-01-01,2010-12-31,2011-01-01,2011-06-30,2010-12-13 13:32:00,2010-12-13 13:32:00,1,53,53,144,250.04,United Kingdom
17304,1,False,2010-01-01,2010-12-31,2011-01-01,2011-06-30,2010-06-23 16:23:00,2010-06-23 16:23:00,1,5,5,73,111.5,United Kingdom
17305,1,False,2010-01-01,2010-12-31,2011-01-01,2011-06-30,2010-03-01 12:47:00,2010-03-01 12:47:00,1,9,9,1006,2135.46,United Kingdom
17306,0,True,2010-01-01,2010-12-31,2011-01-01,2011-06-30,2010-11-01 11:38:00,2010-12-21 13:34:00,3,7,5,3552,1475.04,United Kingdom
17307,1,False,2010-01-01,2010-12-31,2011-01-01,2011-06-30,2010-01-19 16:38:00,2010-11-09 13:40:00,11,48,22,3667,3999.8900000000003,United Kingdom
17308,1,False,2010-01-01,2010-12-31,2011-01-01,2011-06-30,2010-09-13 09:35:00,2010-11-11 13:19:00,2,7,5,5148,4511.76,United Kingdom
17309,1,False,2010-01-01,2010-12-31,2011-01-01,2011-06-30,2010-02-04 15:49:00,2010-11-23 13:47:00,2,24,22,140,237.64000000000001,United Kingdom
17310,1,False,2010-01-01,2010-12-31,2011-01-01,2011-06-30,2010-06-23 11:38:00,2010-11-17 16:00:00,2,2,1,402,1025.1,United Kingdom
17311,0,True,2010-01-01,2010-12-31,2011-01-01,2011-06-30,2010-02-03 12:38:00,2010-11-12 12:38:00,4,72,71,1750,2181.71,United Kingdom
17314,0,True,2010-01-01,2010-12-31,2011-01-01,2011-06-30,2010-01-31 11:43:00,2010-11-11 13:52:00,8,118,88,1695,2222.31,United Kingdom
17315,0,True,2010-01-01,2010-12-31,2011-01-01,2011-06-30,2010-09-27 12:45:00,2010-12-17 12:24:00,6,303,218,1285,3427.27,United Kingdom
17316,1,False,2010-01-01,2010-12-31,2011-01-01,2011-06-30,2010-10-15 14:35:00,2010-10-15 14:35:00,1,35,35,44,124.45,United Kingdom
17319,1,False,2010-01-01,2010-12-31,2011-01-01,2011-06-30,2010-02-08 15:47:00,2010-02-08 15:47:00,1,3,3,14,29.1,United Kingdom
17320,0,True,2010-01-01,2010-12-31,2011-01-01,2011-06-30,2010-01-21 16:29:00,2010-12-06 15:38:00,4,101,59,758,1695.15,United Kingdom
17321,1,False,2010-01-01,2010-12-31,2011-01-01,2011-06-30,2010-05-11 12:10:00,2010-11-10 12:56:00,4,172,159,426,1008.05,United Kingdom
17322,1,False,2010-01-01,2010-12-31,2011-01-01,2011-06-30,2010-10-20 13:29:00,2010-11-28 14:41:00,4,149,94,516,808.04,United Kingdom
17323,0,True,2010-01-01,2010-12-31,2011-01-01,2011-06-30,2010-01-10 11:58:00,2010-10-28 19:59:00,5,136,91,666,644.52,United Kingdom
17324,0,True,2010-01-01,2010-12-31,2011-01-01,2011-06-30,2010-03-01 13:22:00,2010-12-08 12:45:00,8,95,84,605,1210.6,United Kingdom
17325,0,True,2010-01-01,2010-12-31,2011-01-01,2011-06-30,2010-03-08 11:31:00,2010-10-25 09:20:00,2,33,33,405,512.77,United Kingdom
17326,1,False,2010-01-01,2010-12-31,2011-01-01,2011-06-30,2010-06-28 14:05:00,2010-10-27 15:38:00,2,86,82,136,312.35,United Kingdom
17327,1,False,2010-01-01,2010-12-31,2011-01-01,2011-06-30,2010-05-26 11:20:00,2010-10-26 09:54:00,2,4,3,59,152.35,United Kingdom
17328,1,False,2010-01-01,2010-12-31,2011-01-01,2011-06-30,2010-02-04 17:11:00,2010-02-04 17:11:00,1,6,6,86,104.7,United Kingdom
17330,1,False,2010-01-01,2010-12-31,2011-01-01,2011-06-30,2010-03-02 09:20:00,2010-06-13 12:34:00,2,2,2,2,59.900000000000006,United Kingdom
17332,1,False,2010-01-01,2010-12-31,2011-01-01,2011-06-30,2010-02-21 14:41:00,2010-06-29 16:10:00,5,95,82,794,838.27,United Kingdom
17334,0,True,2010-01-01,2010-12-31,2011-01-01,2011-06-30,2010-10-29 12:16:00,2010-10-29 12:16:00,1,20,20,251,328.13,United Kingdom
17335,1,False,2010-01-01,2010-12-31,2011-01-01,2011-06-30,2010-01-24 11:15:00,2010-11-21 10:17:00,2,36,34,210,497.04,United Kingdom
17336,1,False,2010-01-01,2010-12-31,2011-01-01,2011-06-30,2010-08-24 15:37:00,2010-08-24 15:37:00,1,1,1,48,81.12,United Kingdom
17338,0,True,2010-01-01,2010-12-31,2011-01-01,2011-06-30,2010-03-10 16:09:00,2010-12-13 12:57:00,10,640,371,3057,6163.39,United Kingdom
17339,1,False,2010-01-01,2010-12-31,2011-01-01,2011-06-30,2010-07-18 13:08:00,2010-12-09 14:44:00,2,5,5,36,119.0,United Kingdom
17340,0,True,2010-01-01,2010-12-31,2011-01-01,2011-06-30,2010-02-14 14:54:00,2010-12-20 17:05:00,9,407,234,5984,11625.05,United Kingdom
17341,1,False,2010-01-01,2010-12-31,2011-01-01,2011-06-30,2010-06-17 18:17:00,2010-12-08 12:46:00,3,198,180,634,1006.53,United Kingdom
17342,1,False,2010-01-01,2010-12-31,2011-01-01,2011-06-30,2010-02-08 09:16:00,2010-11-25 11:07:00,4,35,31,521,1227.54,United Kingdom
17343,1,False,2010-01-01,2010-12-31,2011-01-01,2011-06-30,2010-01-18 10:29:00,2010-12-19 15:07:00,5,68,54,365,1062.64,United Kingdom
17345,0,True,2010-01-01,2010-12-31,2011-01-01,2011-06-30,2010-05-05 14:31:00,2010-11-29 11:54:00,5,99,88,1067,737.03,United Kingdom
17346,0,True,2010-01-01,2010-12-31,2011-01-01,2011-06-30,2010-04-18 12:18:00,2010-12-15 11:14:00,13,483,296,1955,2611.07,United Kingdom
17348,0,True,2010-01-01,2010-12-31,2011-01-01,2011-06-30,2010-03-10 12:13:00,2010-09-28 10:49:00,4,230,185,1368,1285.69,United Kingdom
17349,0,True,2010-01-01,2010-12-31,2011-01-01,2011-06-30,2010-03-18 14:26:00,2010-11-24 15:09:00,4,77,66,670,674.16,United Kingdom
17350,1,False,2010-01-01,2010-12-31,2011-01-01,2011-06-30,2010-02-01 15:38:00,2010-11-10 16:15:00,3,73,65,408,612.381,United Kingdom
17351,0,True,2010-01-01,2010-12-31,2011-01-01,2011-06-30,2010-01-20 14:36:00,2010-10-08 15:40:00,8,35,23,245,1267.33,United Kingdom
17352,1,False,2010-01-01,2010-12-31,2011-01-01,2011-06-30,2010-01-12 16:13:00,2010-01-12 16:13:00,1,5,5,15,36.25,United Kingdom
17353,1,False,2010-01-01,2010-12-31,2011-01-01,2011-06-30,2010-03-25 12:52:00,2010-08-05 08:54:00,2,6,6,968,1502.0,United Kingdom
17354,1,False,2010-01-01,2010-12-31,2011-01-01,2011-06-30,2010-10-07 13:22:00,2010-10-07 13:42:00,3,85,73,1525,1740.8999999999999,United Kingdom
17355,1,False,2010-01-01,2010-12-31,2011-01-01,2011-06-30,2010-11-18 13:18:00,2010-11-18 13:18:00,1,33,28,249,273.31,United Kingdom
17356,0,True,2010-01-01,2010-12-31,2011-01-01,2011-06-30,2010-01-20 12:14:00,2010-06-03 10:25:00,4,67,62,759,768.25,United Kingdom
17358,0,True,2010-01-01,2010-12-31,2011-01-01,2011-06-30,2010-02-24 16:42:00,2010-12-19 14:16:00,4,129,111,385,741.86,United Kingdom
17359,1,False,2010-01-01,2010-12-31,2011-01-01,2011-06-30,2010-03-01 14:48:00,2010-03-01 14:48:00,1,23,23,76,156.6,United Kingdom
17360,0,True,2010-01-01,2010-12-31,2011-01-01,2011-06-30,2010-10-01 12:07:00,2010-11-19 12:00:00,3,104,90,296,632.27,United Kingdom
17361,0,True,2010-01-01,2010-12-31,2011-01-01,2011-06-30,2010-02-01 14:30:00,2010-02-01 14:33:00,2,28,26,223,383.59000000000003,United Kingdom
17362,0,True,2010-01-01,2010-12-31,2011-01-01,2011-06-30,2010-01-06 10:53:00,2010-11-04 12:39:00,5,109,84,358,711.8100000000001,United Kingdom
17363,1,False,2010-01-01,2010-12-31,2011-01-01,2011-06-30,2010-11-02 17:25:00,2010-11-09 17:11:00,3,35,34,499,920.46,United Kingdom
17364,0,True,2010-01-01,2010-12-31,2011-01-01,2011-06-30,2010-01-05 16:50:00,2010-11-28 15:47:00,15,403,254,4279,6374.16,United Kingdom
17365,0,True,2010-01-01,2010-12-31,2011-01-01,2011-06-30,2010-02-01 11:56:00,2010-11-18 10:19:00,7,329,236,3266,3417.13,United Kingdom
17366,1,False,2010-01-01,2010-12-31,2011-01-01,2011-06-30,2010-09-09 19:46:00,2010-10-03 16:04:00,2,131,120,504,1077.24,United Kingdom
17368,0,True,2010-01-01,2010-12-31,2011-01-01,2011-06-30,2010-06-14 13:26:00,2010-11-29 15:48:00,5,72,66,863,687.7,United Kingdom
17369,1,False,2010-01-01,2010-12-31,2011-01-01,2011-06-30,2010-09-10 09:49:00,2010-09-10 09:49:00,1,1,1,1152,979.1999999999999,United Kingdom
17371,1,False,2010-01-01,2010-12-31,2011-01-01,2011-06-30,2010-03-26 14:01:00,2010-12-13 15:20:00,2,37,37,75,174.82,United Kingdom
17372,0,True,2010-01-01,2010-12-31,2011-01-01,2011-06-30,2010-01-10 13:51:00,2010-12-14 13:33:00,19,424,296,1198,2884.26,United Kingdom
17373,0,True,2010-01-01,2010-12-31,2011-01-01,2011-06-30,2010-02-28 14:17:00,2010-10-17 13:35:00,3,34,31,330,520.58,United Kingdom
17374,0,True,2010-01-01,2010-12-31,2011-01-01,2011-06-30,2010-11-09 17:14:00,2010-11-09 17:14:00,1,14,14,70,231.34,United Kingdom
17375,0,True,2010-01-01,2010-12-31,2011-01-01,2011-06-30,2010-10-04 09:14:00,2010-12-13 15:16:00,2,38,37,182,370.16,United Kingdom
17376,0,True,2010-01-01,2010-12-31,2011-01-01,2011-06-30,2010-07-05 11:11:00,2010-10-31 10:42:00,2,31,27,158,250.44,United Kingdom
17377,0,True,2010-01-01,2010-12-31,2011-01-01,2011-06-30,2010-01-14 15:10:00,2010-12-17 17:12:00,55,1170,364,4782,12265.36,United Kingdom
17378,1,False,2010-01-01,2010-12-31,2011-01-01,2011-06-30,2010-11-30 18:46:00,2010-11-30 18:46:00,1,1,1,1,10.95,United Kingdom
17380,1,False,2010-01-01,2010-12-31,2011-01-01,2011-06-30,2010-06-23 11:24:00,2010-10-01 16:42:00,3,10,5,252,645.0,United Kingdom
17381,0,True,2010-01-01,2010-12-31,2011-01-01,2011-06-30,2010-06-09 12:55:00,2010-12-06 09:45:00,12,65,30,20118,19726.76,United Kingdom
17382,1,False,2010-01-01,2010-12-31,2011-01-01,2011-06-30,2010-05-19 11:33:00,2010-09-30 10:53:00,7,16,14,432,836.88,United Kingdom
17383,1,False,2010-01-01,2010-12-31,2011-01-01,2011-06-30,2010-09-12 14:54:00,2010-09-12 14:54:00,1,2,2,12,110.69999999999999,United Kingdom
17384,0,True,2010-01-01,2010-12-31,2011-01-01,2011-06-30,2010-08-29 16:01:00,2010-08-29 16:01:00,1,5,5,33,171.15,United Kingdom
17386,0,True,2010-01-01,2010-12-31,2011-01-01,2011-06-30,2010-11-19 13:40:00,2010-11-19 13:40:00,1,10,10,53,126.35000000000001,United Kingdom
17388,0,True,2010-01-01,2010-12-31,2011-01-01,2011-06-30,2010-05-11 10:56:00,2010-10-15 10:39:00,6,39,29,1271,1186.85,United Kingdom
17389,0,True,2010-01-01,2010-12-31,2011-01-01,2011-06-30,2010-03-23 13:21:00,2010-11-30 12:21:00,26,211,39,9784,24473.61,United Kingdom
17390,1,False,2010-01-01,2010-12-31,2011-01-01,2011-06-30,2010-10-15 11:29:00,2010-10-15 11:29:00,1,12,12,49,149.3,United Kingdom
17392,0,True,2010-01-01,2010-12-31,2011-01-01,2011-06-30,2010-09-15 16:17:00,2010-12-16 19:04:00,2,57,54,351,440.42,United Kingdom
17393,1,False,2010-01-01,2010-12-31,2011-01-01,2011-06-30,2010-08-08 15:53:00,2010-10-25 11:10:00,2,48,45,238,381.15,United Kingdom
17395,1,False,2010-01-01,2010-12-31,2011-01-01,2011-06-30,2010-07-19 15:34:00,2010-07-19 15:34:00,1,3,3,66,97.5,United Kingdom
17396,1,False,2010-01-01,2010-12-31,2011-01-01,2011-06-30,2010-09-24 13:04:00,2010-12-03 09:45:00,7,23,11,414,1476.3,United Kingdom
17397,1,False,2010-01-01,2010-12-31,2011-01-01,2011-06-30,2010-10-19 13:20:00,2010-10-19 13:20:00,1,45,44,441,516.87,United Kingdom
17400,0,True,2010-01-01,2010-12-31,2011-01-01,2011-06-30,2010-02-19 17:40:00,2010-12-21 17:16:00,3,222,181,939,2150.31,United Kingdom
17401,1,False,2010-01-01,2010-12-31,2011-01-01,2011-06-30,2010-06-16 16:54:00,2010-06-16 16:54:00,1,12,11,34,114.85,United Kingdom
17402,0,True,2010-01-01,2010-12-31,2011-01-01,2011-06-30,2010-03-24 15:08:00,2010-12-05 15:06:00,10,123,83,808,2331.98,United Kingdom
17403,1,False,2010-01-01,2010-12-31,2011-01-01,2011-06-30,2010-09-15 12:29:00,2010-09-15 12:29:00,1,13,13,77,118.95,United Kingdom
17404,0,True,2010-01-01,2010-12-31,2011-01-01,2011-06-30,2010-01-07 11:31:00,2010-12-17 10:54:00,10,120,68,21885,19708.6,Sweden
17406,0,True,2010-01-01,2010-12-31,2011-01-01,2011-06-30,2010-02-04 11:39:00,2010-12-08 10:35:00,10,125,80,981,2297.93,United Kingdom
17407,1,False,2010-01-01,2010-12-31,2011-01-01,2011-06-30,2010-10-24 11:57:00,2010-10-24 11:57:00,1,23,23,426,552.9,United Kingdom
17408,0,True,2010-01-01,2010-12-31,2011-01-01,2011-06-30,2010-07-13 14:02:00,2010-07-27 13:17:00,2,6,6,160,283.44000000000005,United Kingdom
17409,0,True,2010-01-01,2010-12-31,2011-01-01,2011-06-30,2010-01-22 09:43:00,2010-10-14 10:10:00,7,78,37,3546,6122.02,United Kingdom
17411,0,True,2010-01-01,2010-12-31,2011-01-01,2011-06-30,2010-11-18 11:55:00,2010-11-18 11:55:00,1,15,15,152,302.04,United Kingdom
17412,0,True,2010-01-01,2010-12-31,2011-01-01,2011-06-30,2010-01-31 10:50:00,2010-12-16 17:48:00,8,125,96,1150,2283.65,United Kingdom
17413,1,False,2010-01-01,2010-12-31,2011-01-01,2011-06-30,2010-05-19 11:11:00,2010-10-31 12:33:00,2,10,10,302,560.14,United Kingdom
17414,0,True,2010-01-01,2010-12-31,2011-01-01,2011-06-30,2010-05-14 13:51:00,2010-10-12 16:53:00,3,10,6,3712,1231.84,United Kingdom
17416,0,True,2010-01-01,2010-12-31,2011-01-01,2011-06-30,2010-04-06 09:56:00,2010-11-11 12:47:00,14,303,214,4135,9745.63,United Kingdom
17417,1,False,2010-01-01,2010-12-31,2011-01-01,2011-06-30,2010-06-09 10:00:00,2010-06-09 10:00:00,1,16,16,76,164.18,United Kingdom
17418,0,True,2010-01-01,2010-12-31,2011-01-01,2011-06-30,2010-11-17 13:42:00,2010-11-17 13:42:00,1,12,12,232,206.60000000000002,United Kingdom
17419,0,True,2010-01-01,2010-12-31,2011-01-01,2011-06-30,2010-01-25 13:19:00,2010-12-07 15:04:00,8,112,81,1211,2273.95,United Kingdom
17420,0,True,2010-01-01,2010-12-31,2011-01-01,2011-06-30,2010-11-03 13:09:00,2010-12-01 09:56:00,4,27,24,234,485.6,United Kingdom
17421,1,False,2010-01-01,2010-12-31,2011-01-01,2011-06-30,2010-10-06 11:04:00,2010-11-18 16:57:00,2,54,44,711,928.61,United Kingdom
17422,0,True,2010-01-01,2010-12-31,2011-01-01,2011-06-30,2010-06-23 10:19:00,2010-11-23 10:24:00,5,88,75,1285,1615.39,United Kingdom
17423,0,True,2010-01-01,2010-12-31,2011-01-01,2011-06-30,2010-11-11 12:26:00,2010-11-11 12:26:00,1,17,17,331,420.54,United Kingdom
17426,0,True,2010-01-01,2010-12-31,2011-01-01,2011-06-30,2010-02-17 13:39:00,2010-09-13 12:35:00,7,156,118,2093,3040.51,United Kingdom
17428,0,True,2010-01-01,2010-12-31,2011-01-01,2011-06-30,2010-03-31 16:31:00,2010-12-13 10:46:00,15,365,234,7010,11899.24,United Kingdom
17429,0,True,2010-01-01,2010-12-31,2011-01-01,2011-06-30,2010-10-06 12:30:00,2010-11-08 13:28:00,2,56,53,662,832.54,United Kingdom
17430,1,False,2010-01-01,2010-12-31,2011-01-01,2011-06-30,2010-08-17 11:52:00,2010-12-09 13:05:00,3,28,24,325,469.40999999999997,United Kingdom
17432,1,False,2010-01-01,2010-12-31,2011-01-01,2011-06-30,2010-03-22 16:44:00,2010-11-19 17:01:00,6,187,148,732,1203.28,United Kingdom
17433,1,False,2010-01-01,2010-12-31,2011-01-01,2011-06-30,2010-11-19 13:37:00,2010-11-19 13:37:00,1,39,39,120,266.8,United Kingdom
17435,1,False,2010-01-01,2010-12-31,2011-01-01,2011-06-30,2010-10-24 13:55:00,2010-10-24 13:55:00,1,15,15,195,331.35,United Kingdom
17436,0,True,2010-01-01,2010-12-31,2011-01-01,2011-06-30,2010-04-25 11:53:00,2010-10-27 13:43:00,2,5,4,58,241.26,United Kingdom
17437,1,False,2010-01-01,2010-12-31,2011-01-01,2011-06-30,2010-06-28 11:11:00,2010-06-28 11:11:00,1,52,52,283,369.68,United Kingdom
17438,0,True,2010-01-01,2010-12-31,2011-01-01,2011-06-30,2010-03-08 16:53:00,2010-09-21 14:12:00,4,54,39,450,1034.32,United Kingdom
17439,1,False,2010-01-01,2010-12-31,2011-01-01,2011-06-30,2010-02-22 12:48:00,2010-02-22 12:48:00,1,8,8,370,325.74,United Kingdom
17440,0,True,2010-01-01,2010-12-31,2011-01-01,2011-06-30,2010-06-08 14:40:00,2010-06-08 14:40:00,1,1,1,36,137.16,United Kingdom
17442,0,True,2010-01-01,2010-12-31,2011-01-01,2011-06-30,2010-02-15 15:54:00,2010-11-23 14:46:00,9,148,113,1638,2371.74,United Kingdom
17448,1,False,2010-01-01,2010-12-31,2011-01-01,2011-06-30,2010-03-04 17:29:00,2010-07-30 14:07:00,46,1115,569,11534,14523.67,United Kingdom
17449,0,True,2010-01-01,2010-12-31,2011-01-01,2011-06-30,2010-03-07 16:12:00,2010-12-15 10:57:00,6,344,192,1424,2749.32,United Kingdom
17450,0,True,2010-01-01,2010-12-31,2011-01-01,2011-06-30,2010-09-27 16:59:00,2010-12-07 09:43:00,7,87,80,14727,52422.3,United Kingdom
17454,0,True,2010-01-01,2010-12-31,2011-01-01,2011-06-30,2010-01-15 15:40:00,2010-12-15 10:54:00,7,74,57,543,1196.26,United Kingdom
17456,1,False,2010-01-01,2010-12-31,2011-01-01,2011-06-30,2010-09-09 15:28:00,2010-12-09 15:23:00,2,60,59,508,975.5600000000001,United Kingdom
17457,0,True,2010-01-01,2010-12-31,2011-01-01,2011-06-30,2010-01-08 10:34:00,2010-11-25 13:05:00,8,42,20,1779,3891.73,United Kingdom
17458,1,False,2010-01-01,2010-12-31,2011-01-01,2011-06-30,2010-11-23 11:43:00,2010-11-23 11:43:00,1,32,32,112,213.08,United Kingdom
17460,0,True,2010-01-01,2010-12-31,2011-01-01,2011-06-30,2010-01-22 13:25:00,2010-12-02 15:14:00,12,110,83,744,1605.8400000000001,United Kingdom
17463,0,True,2010-01-01,2010-12-31,2011-01-01,2011-06-30,2010-04-29 17:57:00,2010-05-28 10:04:00,2,108,98,394,659.4,United Kingdom
17464,1,False,2010-01-01,2010-12-31,2011-01-01,2011-06-30,2010-03-30 13:15:00,2010-07-05 13:24:00,2,30,28,388,617.1800000000001,United Kingdom
17465,1,False,2010-01-01,2010-12-31,2011-01-01,2011-06-30,2010-01-29 09:21:00,2010-10-10 11:56:00,5,120,95,1266,2134.42,United Kingdom
17467,1,False,2010-01-01,2010-12-31,2011-01-01,2011-06-30,2010-11-09 12:58:00,2010-11-09 12:58:00,1,4,4,20,102.6,United Kingdom
17468,1,False,2010-01-01,2010-12-31,2011-01-01,2011-06-30,2010-11-29 17:25:00,2010-11-29 17:25:00,1,3,3,68,57.8,United Kingdom
17469,0,True,2010-01-01,2010-12-31,2011-01-01,2011-06-30,2010-01-14 10:56:00,2010-11-04 17:38:00,11,156,117,1320,2841.9700000000003,United Kingdom
17470,0,True,2010-01-01,2010-12-31,2011-01-01,2011-06-30,2010-07-19 16:16:00,2010-12-07 09:57:00,7,88,62,1168,1679.8,United Kingdom
17471,1,False,2010-01-01,2010-12-31,2011-01-01,2011-06-30,2010-08-22 11:53:00,2010-08-22 11:53:00,1,19,19,153,321.65000000000003,United Kingdom
17472,0,True,2010-01-01,2010-12-31,2011-01-01,2011-06-30,2010-03-21 13:27:00,2010-03-21 13:27:00,1,49,48,96,224.81,United Kingdom
17473,1,False,2010-01-01,2010-12-31,2011-01-01,2011-06-30,2010-09-09 19:03:00,2010-10-27 11:45:00,2,34,33,270,607.0,United Kingdom
17474,1,False,2010-01-01,2010-12-31,2011-01-01,2011-06-30,2010-04-19 10:43:00,2010-04-19 10:43:00,1,6,6,200,1047.0,United Kingdom
17476,1,False,2010-01-01,2010-12-31,2011-01-01,2011-06-30,2010-11-09 10:21:00,2010-11-09 10:21:00,1,15,15,100,229.5,United Kingdom
17477,1,False,2010-01-01,2010-12-31,2011-01-01,2011-06-30,2010-03-02 11:53:00,2010-04-06 10:06:00,2,44,44,225,1144.3,United Kingdom
17478,1,False,2010-01-01,2010-12-31,2011-01-01,2011-06-30,2010-03-16 14:19:00,2010-10-27 15:01:00,2,40,40,516,1272.8,United Kingdom
17479,1,False,2010-01-01,2010-12-31,2011-01-01,2011-06-30,2010-03-17 09:26:00,2010-03-17 09:26:00,1,18,18,266,389.26000000000005,United Kingdom
17480,1,False,2010-01-01,2010-12-31,2011-01-01,2011-06-30,2010-09-21 12:31:00,2010-09-21 12:31:00,1,24,24,243,370.40999999999997,United Kingdom
17482,1,False,2010-01-01,2010-12-31,2011-01-01,2011-06-30,2010-05-10 14:10:00,2010-08-09 15:33:00,2,53,50,240,775.64,United Kingdom
17483,0,True,2010-01-01,2010-12-31,2011-01-01,2011-06-30,2010-10-21 12:43:00,2010-10-21 12:43:00,1,7,7,74,177.69,United Kingdom
17484,1,False,2010-01-01,2010-12-31,2011-01-01,2011-06-30,2010-03-25 16:17:00,2010-05-12 15:41:00,2,14,14,339,209.57,United Kingdom
17488,1,False,2010-01-01,2010-12-31,2011-01-01,2011-06-30,2010-03-08 14:07:00,2010-03-08 14:07:00,1,18,18,136,336.5,United Kingdom
17490,0,True,2010-01-01,2010-12-31,2011-01-01,2011-06-30,2010-05-19 12:40:00,2010-11-16 18:47:00,2,40,37,397,658.18,United Kingdom
17491,0,True,2010-01-01,2010-12-31,2011-01-01,2011-06-30,2010-04-28 11:57:00,2010-12-07 12:18:00,8,73,52,1617,2422.2000000000003,United Kingdom
17492,0,True,2010-01-01,2010-12-31,2011-01-01,2011-06-30,2010-07-09 13:27:00,2010-08-18 15:10:00,2,27,23,295,747.85,United Kingdom
17493,1,False,2010-01-01,2010-12-31,2011-01-01,2011-06-30,2010-11-19 16:57:00,2010-11-19 16:57:00,1,8,8,62,100.91000000000001,United Kingdom
17494,1,False,2010-01-01,2010-12-31,2011-01-01,2011-06-30,2010-07-26 10:06:00,2010-07-26 10:06:00,1,3,3,26,54.699999999999996,United Kingdom
17495,1,False,2010-01-01,2010-12-31,2011-01-01,2011-06-30,2010-11-14 11:50:00,2010-11-14 11:50:00,1,21,21,138,309.16,United Kingdom
17496,1,False,2010-01-01,2010-12-31,2011-01-01,2011-06-30,2010-01-14 13:36:00,2010-12-16 08:39:00,4,72,54,675,1412.89,United Kingdom
17497,1,False,2010-01-01,2010-12-31,2011-01-01,2011-06-30,2010-04-08 08:01:00,2010-11-14 14:17:00,2,7,7,59,287.25,United Kingdom
17499,0,True,2010-01-01,2010-12-31,2011-01-01,2011-06-30,2010-05-27 09:59:00,2010-05-27 09:59:00,1,31,31,375,718.51,United Kingdom
17504,0,True,2010-01-01,2010-12-31,2011-01-01,2011-06-30,2010-02-08 09:22:00,2010-11-24 09:49:00,9,215,160,3756,6493.14,United Kingdom
17505,0,True,2010-01-01,2010-12-31,2011-01-01,2011-06-30,2010-04-13 16:33:00,2010-06-07 12:10:00,3,50,47,686,1289.64,United Kingdom
17508,0,True,2010-01-01,2010-12-31,2011-01-01,2011-06-30,2010-01-14 14:53:00,2010-11-23 12:22:00,6,168,146,2161,3580.97,Greece
17510,1,False,2010-01-01,2010-12-31,2011-01-01,2011-06-30,2010-10-15 10:20:00,2010-10-15 10:20:00,1,15,15,208,206.07999999999998,United Kingdom
17511,0,True,2010-01-01,2010-12-31,2011-01-01,2011-06-30,2010-01-19 12:31:00,2010-12-15 11:53:00,30,895,417,54052,79413.76,United Kingdom
17512,0,True,2010-01-01,2010-12-31,2011-01-01,2011-06-30,2010-03-18 14:40:00,2010-09-13 10:46:00,7,59,45,1994,1677.94,United Kingdom
17513,1,False,2010-01-01,2010-12-31,2011-01-01,2011-06-30,2010-08-17 15:08:00,2010-10-27 11:13:00,2,12,12,186,645.6,United Kingdom
17514,1,False,2010-01-01,2010-12-31,2011-01-01,2011-06-30,2010-02-08 14:00:00,2010-02-08 14:00:00,1,43,41,149,313.35,United Kingdom
17515,0,True,2010-01-01,2010-12-31,2011-01-01,2011-06-30,2010-06-07 13:29:00,2010-11-10 13:47:00,5,92,76,284,963.49,United Kingdom
17516,0,True,2010-01-01,2010-12-31,2011-01-01,2011-06-30,2010-11-26 12:50:00,2010-11-26 12:50:00,1,56,55,108,182.62,United Kingdom
17518,1,False,2010-01-01,2010-12-31,2011-01-01,2011-06-30,2010-03-28 13:31:00,2010-10-10 12:40:00,2,77,71,267,329.42,United Kingdom
17519,0,True,2010-01-01,2010-12-31,2011-01-01,2011-06-30,2010-01-22 12:37:00,2010-12-06 15:18:00,9,121,94,1898,2957.01,United Kingdom
17521,0,True,2010-01-01,2010-12-31,2011-01-01,2011-06-30,2010-10-01 11:49:00,2010-11-10 16:25:00,2,33,29,287,554.85,United Kingdom
17524,1,False,2010-01-01,2010-12-31,2011-01-01,2011-06-30,2010-09-27 16:20:00,2010-12-13 14:32:00,3,43,37,362,539.14,United Kingdom
17525,1,False,2010-01-01,2010-12-31,2011-01-01,2011-06-30,2010-10-07 09:12:00,2010-12-15 12:05:00,3,26,19,338,1161.9,United Kingdom
17526,0,True,2010-01-01,2010-12-31,2011-01-01,2011-06-30,2010-01-21 09:40:00,2010-12-14 11:11:00,9,48,36,708,2252.82,United Kingdom
17529,1,False,2010-01-01,2010-12-31,2011-01-01,2011-06-30,2010-01-11 12:29:00,2010-04-08 17:51:00,2,82,78,790,1240.25,United Kingdom
17530,0,True,2010-01-01,2010-12-31,2011-01-01,2011-06-30,2010-05-06 20:01:00,2010-12-09 20:01:00,2,110,95,301,479.58,United Kingdom
17531,0,True,2010-01-01,2010-12-31,2011-01-01,2011-06-30,2010-03-31 12:57:00,2010-06-30 12:17:00,2,44,43,336,970.12,United Kingdom
17532,1,False,2010-01-01,2010-12-31,2011-01-01,2011-06-30,2010-11-19 08:13:00,2010-11-19 08:13:00,1,4,4,30,65.34,United Kingdom
17533,1,False,2010-01-01,2010-12-31,2011-01-01,2011-06-30,2010-10-01 09:14:00,2010-10-01 09:14:00,1,1,1,24,34.8,United Kingdom
17534,1,False,2010-01-01,2010-12-31,2011-01-01,2011-06-30,2010-02-25 16:55:00,2010-09-14 13:32:00,4,83,69,757,1445.47,United Kingdom
17536,0,True,2010-01-01,2010-12-31,2011-01-01,2011-06-30,2010-01-26 12:00:00,2010-10-15 12:09:00,2,13,13,195,288.33,United Kingdom
17539,1,False,2010-01-01,2010-12-31,2011-01-01,2011-06-30,2010-01-10 11:08:00,2010-04-01 12:07:00,3,87,79,529,817.84,United Kingdom
17540,0,True,2010-01-01,2010-12-31,2011-01-01,2011-06-30,2010-04-19 09:47:00,2010-11-21 11:37:00,4,39,28,394,1011.7,United Kingdom
17541,1,False,2010-01-01,2010-12-31,2011-01-01,2011-06-30,2010-07-18 11:36:00,2010-07-18 11:36:00,1,31,31,44,119.86,United Kingdom
17542,0,True,2010-01-01,2010-12-31,2011-01-01,2011-06-30,2010-03-08 12:08:00,2010-03-08 12:17:00,2,39,34,189,170.1,United Kingdom
17543,1,False,2010-01-01,2010-12-31,2011-01-01,2011-06-30,2010-06-08 12:41:00,2010-06-08 12:41:00,1,13,13,62,120.05,United Kingdom
17544,1,False,2010-01-01,2010-12-31,2011-01-01,2011-06-30,2010-11-14 14:47:00,2010-11-14 15:08:00,3,88,80,410,944.82,United Kingdom
17545,1,False,2010-01-01,2010-12-31,2011-01-01,2011-06-30,2010-05-11 10:04:00,2010-11-14 15:30:00,3,119,112,345,767.54,United Kingdom
17547,1,False,2010-01-01,2010-12-31,2011-01-01,2011-06-30,2010-02-12 14:34:00,2010-11-29 09:41:00,2,31,22,223,727.85,United Kingdom
17548,0,True,2010-01-01,2010-12-31,2011-01-01,2011-06-30,2010-11-08 16:19:00,2010-11-26 15:19:00,3,29,17,436,627.96,United Kingdom
17550,0,True,2010-01-01,2010-12-31,2011-01-01,2011-06-30,2010-02-07 15:07:00,2010-11-07 14:51:00,6,279,218,882,2239.48,United Kingdom
17551,1,False,2010-01-01,2010-12-31,2011-01-01,2011-06-30,2010-12-15 14:12:00,2010-12-15 14:12:00,1,39,39,142,290.34,United Kingdom
17552,1,False,2010-01-01,2010-12-31,2011-01-01,2011-06-30,2010-03-22 09:19:00,2010-12-02 18:46:00,10,107,64,1376,2154.88,United Kingdom
17553,1,False,2010-01-01,2010-12-31,2011-01-01,2011-06-30,2010-04-08 09:44:00,2010-08-24 09:49:00,3,4,2,1240,2270.0,United Kingdom
17555,0,True,2010-01-01,2010-12-31,2011-01-01,2011-06-30,2010-05-02 16:02:00,2010-10-10 12:09:00,3,159,137,391,565.43,United Kingdom
17556,0,True,2010-01-01,2010-12-31,2011-01-01,2011-06-30,2010-11-25 17:00:00,2010-11-25 17:00:00,1,8,8,83,142.77,United Kingdom
17558,1,False,2010-01-01,2010-12-31,2011-01-01,2011-06-30,2010-11-11 14:36:00,2010-11-11 14:36:00,1,28,28,54,259.17,United Kingdom
17559,1,False,2010-01-01,2010-12-31,2011-01-01,2011-06-30,2010-07-15 12:02:00,2010-07-15 12:02:00,1,12,12,270,167.62,United Kingdom
17560,0,True,2010-01-01,2010-12-31,2011-01-01,2011-06-30,2010-02-17 12:11:00,2010-11-09 14:49:00,4,29,21,953,1040.85,United Kingdom
17561,1,False,2010-01-01,2010-12-31,2011-01-01,2011-06-30,2010-06-27 13:25:00,2010-11-14 12:36:00,2,94,84,157,348.2,United Kingdom
17563,1,False,2010-01-01,2010-12-31,2011-01-01,2011-06-30,2010-04-07 10:02:00,2010-05-10 14:54:00,2,29,27,256,392.38,United Kingdom
17565,1,False,2010-01-01,2010-12-31,2011-01-01,2011-06-30,2010-05-02 11:54:00,2010-05-02 11:54:00,1,30,30,67,131.83,United Kingdom
17567,0,True,2010-01-01,2010-12-31,2011-01-01,2011-06-30,2010-09-24 10:48:00,2010-12-02 15:18:00,2,58,57,520,1024.55,United Kingdom
17568,1,False,2010-01-01,2010-12-31,2011-01-01,2011-06-30,2010-03-16 16:45:00,2010-03-16 16:45:00,1,62,61,275,374.45,United Kingdom
17570,1,False,2010-01-01,2010-12-31,2011-01-01,2011-06-30,2010-11-23 11:56:00,2010-11-23 11:56:00,1,1,1,1,100.0,United Kingdom
17571,0,True,2010-01-01,2010-12-31,2011-01-01,2011-06-30,2010-06-15 12:50:00,2010-06-15 12:50:00,1,54,53,115,205.23999999999998,United Kingdom
17572,0,True,2010-01-01,2010-12-31,2011-01-01,2011-06-30,2010-04-26 10:27:00,2010-12-01 12:51:00,6,20,10,213,433.95000000000005,United Kingdom
17575,1,False,2010-01-01,2010-12-31,2011-01-01,2011-06-30,2010-02-10 13:48:00,2010-02-10 13:48:00,1,5,5,72,171.7,United Kingdom
17576,0,True,2010-01-01,2010-12-31,2011-01-01,2011-06-30,2010-01-12 16:55:00,2010-12-13 15:56:00,22,458,226,2418,4889.62,United Kingdom
17577,1,False,2010-01-01,2010-12-31,2011-01-01,2011-06-30,2010-02-09 10:10:00,2010-03-04 13:01:00,2,21,20,179,348.75,United Kingdom
17578,0,True,2010-01-01,2010-12-31,2011-01-01,2011-06-30,2010-06-28 11:55:00,2010-08-22 13:10:00,6,60,52,391,903.87,United Kingdom
17579,0,True,2010-01-01,2010-12-31,2011-01-01,2011-06-30,2010-05-10 14:28:00,2010-05-10 14:28:00,1,44,43,117,304.38,United Kingdom
17580,0,True,2010-01-01,2010-12-31,2011-01-01,2011-06-30,2010-10-13 14:28:00,2010-12-16 15:27:00,3,52,40,146,372.15,United Kingdom
17581,0,True,2010-01-01,2010-12-31,2011-01-01,2011-06-30,2010-01-18 13:16:00,2010-12-02 14:49:00,16,388,239,3879,7310.51,United Kingdom
17582,0,True,2010-01-01,2010-12-31,2011-01-01,2011-06-30,2010-03-26 12:23:00,2010-09-19 13:37:00,4,93,78,480,1271.68,United Kingdom
17583,1,False,2010-01-01,2010-12-31,2011-01-01,2011-06-30,2010-05-28 14:24:00,2010-05-28 14:24:00,1,7,7,55,135.95,United Kingdom
17584,1,False,2010-01-01,2010-12-31,2011-01-01,2011-06-30,2010-01-25 08:17:00,2010-08-29 12:43:00,4,89,73,2006,4067.12,United Kingdom
17585,0,True,2010-01-01,2010-12-31,2011-01-01,2011-06-30,2010-08-18 16:39:00,2010-09-20 14:49:00,3,176,147,860,948.03,United Kingdom
17586,1,False,2010-01-01,2010-12-31,2011-01-01,2011-06-30,2010-03-30 13:12:00,2010-03-30 13:12:00,1,8,8,68,167.4,United Kingdom
17587,1,False,2010-01-01,2010-12-31,2011-01-01,2011-06-30,2010-03-21 14:16:00,2010-03-21 14:16:00,1,42,42,67,176.71,United Kingdom
17588,0,True,2010-01-01,2010-12-31,2011-01-01,2011-06-30,2010-03-12 12:34:00,2010-11-08 15:45:00,4,48,29,703,1699.35,United Kingdom
17589,0,True,2010-01-01,2010-12-31,2011-01-01,2011-06-30,2010-03-07 13:48:00,2010-11-19 14:27:00,14,1049,526,7073,11433.77,United Kingdom
17591,0,True,2010-01-01,2010-12-31,2011-01-01,2011-06-30,2010-01-17 16:09:00,2010-12-07 15:39:00,2,90,79,152,519.95,United Kingdom
17593,0,True,2010-01-01,2010-12-31,2011-01-01,2011-06-30,2010-03-01 13:10:00,2010-12-22 10:29:00,4,129,111,1836,2943.92,United Kingdom
17594,0,True,2010-01-01,2010-12-31,2011-01-01,2011-06-30,2010-04-14 08:53:00,2010-09-16 19:17:00,2,54,46,818,1504.7,United Kingdom
17596,0,True,2010-01-01,2010-12-31,2011-01-01,2011-06-30,2010-03-16 16:18:00,2010-12-06 12:34:00,6,203,127,2727,1601.68,United Kingdom
17597,0,True,2010-01-01,2010-12-31,2011-01-01,2011-06-30,2010-05-05 15:33:00,2010-10-17 10:13:00,4,73,62,1039,1439.72,United Kingdom
17598,1,False,2010-01-01,2010-12-31,2011-01-01,2011-06-30,2010-11-23 17:43:00,2010-11-23 17:43:00,1,10,10,126,409.98,United Kingdom
17599,1,False,2010-01-01,2010-12-31,2011-01-01,2011-06-30,2010-08-19 12:50:00,2010-08-19 12:50:00,1,3,3,11,52.05,United Kingdom
17601,0,True,2010-01-01,2010-12-31,2011-01-01,2011-06-30,2010-11-24 14:29:00,2010-11-24 14:29:00,1,63,60,192,297.07,United Kingdom
17602,0,True,2010-01-01,2010-12-31,2011-01-01,2011-06-30,2010-03-30 17:25:00,2010-08-24 17:31:00,8,358,210,1764,2300.01,United Kingdom
17603,1,False,2010-01-01,2010-12-31,2011-01-01,2011-06-30,2010-01-29 17:25:00,2010-04-01 11:51:00,2,81,79,441,1103.81,United Kingdom
17604,0,True,2010-01-01,2010-12-31,2011-01-01,2011-06-30,2010-01-27 12:19:00,2010-10-13 10:17:00,4,145,106,445,633.02,United Kingdom
17605,1,False,2010-01-01,2010-12-31,2011-01-01,2011-06-30,2010-04-28 14:45:00,2010-04-28 14:45:00,1,13,13,71,160.75,United Kingdom
17607,1,False,2010-01-01,2010-12-31,2011-01-01,2011-06-30,2010-11-28 13:11:00,2010-11-28 13:11:00,1,22,22,269,333.81,United Kingdom
17608,1,False,2010-01-01,2010-12-31,2011-01-01,2011-06-30,2010-04-11 13:37:00,2010-09-16 16:15:00,2,103,90,299,296.07,United Kingdom
17609,0,True,2010-01-01,2010-12-31,2011-01-01,2011-06-30,2010-04-09 16:54:00,2010-11-02 10:00:00,6,152,143,602,782.12,United Kingdom
17610,1,False,2010-01-01,2010-12-31,2011-01-01,2011-06-30,2010-01-25 15:07:00,2010-06-17 16:34:00,3,75,69,392,715.93,United Kingdom
17611,0,True,2010-01-01,2010-12-31,2011-01-01,2011-06-30,2010-01-24 13:46:00,2010-12-13 13:52:00,13,506,388,2647,4113.11,United Kingdom
17612,0,True,2010-01-01,2010-12-31,2011-01-01,2011-06-30,2010-01-28 17:14:00,2010-11-25 19:41:00,11,191,126,1615,3113.01,United Kingdom
17615,0,True,2010-01-01,2010-12-31,2011-01-01,2011-06-30,2010-08-11 12:54:00,2010-11-17 08:42:00,3,42,35,238,392.2,United Kingdom
17616,0,True,2010-01-01,2010-12-31,2011-01-01,2011-06-30,2010-09-14 10:43:00,2010-12-07 10:04:00,2,2,1,192,489.59999999999997,United Kingdom
17617,1,False,2010-01-01,2010-12-31,2011-01-01,2011-06-30,2010-05-30 12:48:00,2010-05-30 12:48:00,1,18,18,249,385.19,United Kingdom
17618,0,True,2010-01-01,2010-12-31,2011-01-01,2011-06-30,2010-01-24 11:03:00,2010-12-12 16:05:00,9,332,194,1628,3350.34,United Kingdom
17621,0,True,2010-01-01,2010-12-31,2011-01-01,2011-06-30,2010-10-04 09:37:00,2010-12-20 13:31:00,4,44,41,688,2034.62,United Kingdom
17622,1,False,2010-01-01,2010-12-31,2011-01-01,2011-06-30,2010-04-20 13:38:00,2010-04-21 12:36:00,2,38,19,379,1130.21,United Kingdom
17623,1,False,2010-01-01,2010-12-31,2011-01-01,2011-06-30,2010-05-19 13:32:00,2010-10-26 14:12:00,5,132,91,481,1641.67,United Kingdom
17624,0,True,2010-01-01,2010-12-31,2011-01-01,2011-06-30,2010-09-28 14:07:00,2010-09-28 14:07:00,1,25,25,271,408.32,United Kingdom
17625,0,True,2010-01-01,2010-12-31,2011-01-01,2011-06-30,2010-01-31 11:54:00,2010-09-19 14:51:00,3,327,275,2032,3283.38,United Kingdom
17626,1,False,2010-01-01,2010-12-31,2011-01-01,2011-06-30,2010-04-16 12:15:00,2010-04-16 12:15:00,1,18,18,202,254.0,United Kingdom
17627,1,False,2010-01-01,2010-12-31,2011-01-01,2011-06-30,2010-08-18 11:27:00,2010-08-18 11:27:00,1,10,10,676,296.36,United Kingdom
17629,0,True,2010-01-01,2010-12-31,2011-01-01,2011-06-30,2010-10-14 13:35:00,2010-12-15 09:58:00,3,44,36,389,880.05,United Kingdom
17631,0,True,2010-01-01,2010-12-31,2011-01-01,2011-06-30,2010-02-09 13:18:00,2010-11-30 10:02:00,2,19,18,178,289.31,United Kingdom
17633,1,False,2010-01-01,2010-12-31,2011-01-01,2011-06-30,2010-11-15 14:55:00,2010-11-25 11:28:00,3,31,29,255,732.55,United Kingdom
17635,1,False,2010-01-01,2010-12-31,2011-01-01,2011-06-30,2010-04-28 10:51:00,2010-10-11 15:12:00,3,74,60,770,1265.58,United Kingdom
17638,1,False,2010-01-01,2010-12-31,2011-01-01,2011-06-30,2010-03-02 14:32:00,2010-03-02 14:32:00,1,1,1,120,234.0,United Kingdom
17639,0,True,2010-01-01,2010-12-31,2011-01-01,2011-06-30,2010-08-13 11:59:00,2010-11-17 16:11:00,5,72,54,527,506.67,United Kingdom
17640,1,False,2010-01-01,2010-12-31,2011-01-01,2011-06-30,2010-03-23 09:15:00,2010-11-25 14:27:00,5,61,47,1442,2547.28,United Kingdom
17642,0,True,2010-01-01,2010-12-31,2011-01-01,2011-06-30,2010-03-29 09:48:00,2010-10-06 13:20:00,2,49,47,720,831.18,United Kingdom
17643,1,False,2010-01-01,2010-12-31,2011-01-01,2011-06-30,2010-07-22 13:07:00,2010-12-01 14:38:00,2,31,30,226,439.7,United Kingdom
17644,0,True,2010-01-01,2010-12-31,2011-01-01,2011-06-30,2010-02-16 08:44:00,2010-11-10 10:18:00,9,170,89,1676,3132.96,United Kingdom
17646,0,True,2010-01-01,2010-12-31,2011-01-01,2011-06-30,2010-01-28 14:29:00,2010-12-09 14:28:00,9,136,88,936,2705.9,United Kingdom
17647,1,False,2010-01-01,2010-12-31,2011-01-01,2011-06-30,2010-02-08 14:39:00,2010-02-08 14:40:00,2,5,5,52,198.6,United Kingdom
17648,0,True,2010-01-01,2010-12-31,2011-01-01,2011-06-30,2010-11-19 16:41:00,2010-11-19 16:41:00,1,34,34,467,418.87,United Kingdom
17649,1,False,2010-01-01,2010-12-31,2011-01-01,2011-06-30,2010-08-24 13:01:00,2010-08-27 10:23:00,2,46,45,324,710.4,United Kingdom
17651,0,True,2010-01-01,2010-12-31,2011-01-01,2011-06-30,2010-07-01 12:17:00,2010-07-29 12:28:00,6,100,84,974,1758.52,United Kingdom
17655,0,True,2010-01-01,2010-12-31,2011-01-01,2011-06-30,2010-10-19 10:20:00,2010-12-08 16:45:00,3,29,26,426,1013.54,United Kingdom
17657,1,False,2010-01-01,2010-12-31,2011-01-01,2011-06-30,2010-10-05 14:52:00,2010-10-05 14:52:00,1,7,7,60,126.0,United Kingdom
17659,0,True,2010-01-01,2010-12-31,2011-01-01,2011-06-30,2010-11-18 14:20:00,2010-12-16 17:38:00,4,51,38,312,947.48,United Kingdom
17662,1,False,2010-01-01,2010-12-31,2011-01-01,2011-06-30,2010-02-16 09:38:00,2010-02-16 09:38:00,1,4,4,8,59.92,United Kingdom
17663,0,True,2010-01-01,2010-12-31,2011-01-01,2011-06-30,2010-03-04 11:42:00,2010-10-18 10:26:00,10,152,112,1500,3372.92,United Kingdom
17664,0,True,2010-01-01,2010-12-31,2011-01-01,2011-06-30,2010-03-29 17:17:00,2010-08-22 13:14:00,2,37,31,454,561.59,United Kingdom
17665,1,False,2010-01-01,2010-12-31,2011-01-01,2011-06-30,2010-08-03 13:12:00,2010-08-03 13:12:00,1,19,19,690,563.1,United Kingdom
17666,1,False,2010-01-01,2010-12-31,2011-01-01,2011-06-30,2010-06-30 12:03:00,2010-08-19 12:23:00,3,26,17,956,1319.6399999999999,United Kingdom
17667,0,True,2010-01-01,2010-12-31,2011-01-01,2011-06-30,2010-02-23 09:57:00,2010-09-30 12:19:00,4,114,83,1159,1895.19,United Kingdom
17669,0,True,2010-01-01,2010-12-31,2011-01-01,2011-06-30,2010-04-01 18:48:00,2010-09-03 13:13:00,3,76,56,1589,2735.63,United Kingdom
17671,0,True,2010-01-01,2010-12-31,2011-01-01,2011-06-30,2010-11-29 11:53:00,2010-12-09 14:27:00,2,39,33,405,830.63,United Kingdom
17672,0,True,2010-01-01,2010-12-31,2011-01-01,2011-06-30,2010-01-26 17:20:00,2010-10-18 13:34:00,5,96,93,1068,2600.46,United Kingdom
17673,0,True,2010-01-01,2010-12-31,2011-01-01,2011-06-30,2010-03-19 14:02:00,2010-11-29 15:26:00,7,289,151,1822,2578.91,United Kingdom
17674,1,False,2010-01-01,2010-12-31,2011-01-01,2011-06-30,2010-12-06 10:20:00,2010-12-06 10:20:00,1,11,11,349,300.66,United Kingdom
17675,0,True,2010-01-01,2010-12-31,2011-01-01,2011-06-30,2010-01-06 10:20:00,2010-12-10 09:48:00,38,409,174,7732,17173.4,United Kingdom
17676,1,False,2010-01-01,2010-12-31,2011-01-01,2011-06-30,2010-03-30 10:49:00,2010-12-08 13:49:00,5,86,57,1000,1378.16,United Kingdom
17677,0,True,2010-01-01,2010-12-31,2011-01-01,2011-06-30,2010-01-29 14:37:00,2010-12-08 12:08:00,24,379,228,11593,19299.03,United Kingdom
17678,0,True,2010-01-01,2010-12-31,2011-01-01,2011-06-30,2010-04-15 13:54:00,2010-04-15 13:54:00,1,12,12,161,301.65,United Kingdom
17679,1,False,2010-01-01,2010-12-31,2011-01-01,2011-06-30,2010-01-13 10:29:00,2010-07-06 09:39:00,3,35,30,662,1120.5,United Kingdom
17680,1,False,2010-01-01,2010-12-31,2011-01-01,2011-06-30,2010-07-16 16:07:00,2010-11-21 13:31:00,2,9,9,59,313.05,United Kingdom
17681,1,False,2010-01-01,2010-12-31,2011-01-01,2011-06-30,2010-01-15 11:53:00,2010-04-21 17:22:00,5,14,12,450,731.2,United Kingdom
17682,0,True,2010-01-01,2010-12-31,2011-01-01,2011-06-30,2010-03-08 09:49:00,2010-12-06 13:35:00,6,120,61,1124,1982.45,United Kingdom
17683,1,False,2010-01-01,2010-12-31,2011-01-01,2011-06-30,2010-06-03 17:15:00,2010-11-19 10:11:00,3,46,41,781,819.01,United Kingdom
17685,0,True,2010-01-01,2010-12-31,2011-01-01,2011-06-30,2010-02-11 13:44:00,2010-12-14 11:44:00,7,84,58,1923,2762.14,United Kingdom
17686,0,True,2010-01-01,2010-12-31,2011-01-01,2011-06-30,2010-06-24 09:49:00,2010-10-12 17:06:00,2,143,127,1105,2557.35,United Kingdom
17687,1,False,2010-01-01,2010-12-31,2011-01-01,2011-06-30,2010-10-15 12:30:00,2010-10-15 12:30:00,1,26,26,210,432.68,United Kingdom
17688,1,False,2010-01-01,2010-12-31,2011-01-01,2011-06-30,2010-11-11 10:41:00,2010-11-11 10:41:00,1,19,19,114,304.2,United Kingdom
17689,1,False,2010-01-01,2010-12-31,2011-01-01,2011-06-30,2010-08-22 13:54:00,2010-11-16 13:22:00,2,22,17,300,317.08,United Kingdom
17690,0,True,2010-01-01,2010-12-31,2011-01-01,2011-06-30,2010-02-03 14:26:00,2010-12-10 11:47:00,9,134,102,1412,2924.9,United Kingdom
17691,1,False,2010-01-01,2010-12-31,2011-01-01,2011-06-30,2010-06-11 11:50:00,2010-12-16 17:20:00,4,43,37,315,637.5500000000001,United Kingdom
17692,0,True,2010-01-01,2010-12-31,2011-01-01,2011-06-30,2010-06-17 11:14:00,2010-12-15 13:37:00,9,141,85,2050,2578.12,United Kingdom
17694,1,False,2010-01-01,2010-12-31,2011-01-01,2011-06-30,2010-05-26 08:27:00,2010-07-16 10:22:00,2,66,45,1309,1412.85,United Kingdom
17695,0,True,2010-01-01,2010-12-31,2011-01-01,2011-06-30,2010-01-28 09:27:00,2010-11-10 14:44:00,3,26,20,1030,980.7,United Kingdom
17696,0,True,2010-01-01,2010-12-31,2011-01-01,2011-06-30,2010-02-11 10:49:00,2010-12-10 09:52:00,19,228,136,3809,4932.56,United Kingdom
17699,1,False,2010-01-01,2010-12-31,2011-01-01,2011-06-30,2010-05-27 11:53:00,2010-08-20 09:39:00,2,19,17,208,442.0,United Kingdom
17700,0,True,2010-01-01,2010-12-31,2011-01-01,2011-06-30,2010-01-26 11:24:00,2010-11-23 15:55:00,9,180,143,1956,3448.6,United Kingdom
17702,0,True,2010-01-01,2010-12-31,2011-01-01,2011-06-30,2010-11-04 12:09:00,2010-11-21 13:15:00,2,79,69,800,1319.67,United Kingdom
17703,1,False,2010-01-01,2010-12-31,2011-01-01,2011-06-30,2010-10-17 16:16:00,2010-10-17 16:16:00,1,23,23,307,296.1,United Kingdom
17705,0,True,2010-01-01,2010-12-31,2011-01-01,2011-06-30,2010-05-12 09:47:00,2010-09-10 14:43:00,2,17,16,338,260.38,United Kingdom
17706,0,True,2010-01-01,2010-12-31,2011-01-01,2011-06-30,2010-01-19 12:13:00,2010-12-08 11:04:00,17,383,274,4150,10245.49,United Kingdom
17707,0,True,2010-01-01,2010-12-31,2011-01-01,2011-06-30,2010-03-05 12:39:00,2010-11-28 15:52:00,5,17,9,342,405.90000000000003,United Kingdom
17708,0,True,2010-01-01,2010-12-31,2011-01-01,2011-06-30,2010-10-12 12:13:00,2010-11-02 08:57:00,2,39,37,297,620.85,United Kingdom
17709,0,True,2010-01-01,2010-12-31,2011-01-01,2011-06-30,2010-04-15 14:48:00,2010-08-26 14:02:00,4,33,31,278,533.56,United Kingdom
17710,1,False,2010-01-01,2010-12-31,2011-01-01,2011-06-30,2010-10-12 07:49:00,2010-10-12 07:49:00,1,20,20,158,293.5,United Kingdom
17713,1,False,2010-01-01,2010-12-31,2011-01-01,2011-06-30,2010-06-09 09:33:00,2010-11-22 16:50:00,4,76,55,989,1198.09,United Kingdom
17714,0,True,2010-01-01,2010-12-31,2011-01-01,2011-06-30,2010-07-14 10:41:00,2010-10-11 08:30:00,4,71,60,516,1257.18,United Kingdom
17715,0,True,2010-01-01,2010-12-31,2011-01-01,2011-06-30,2010-04-26 12:17:00,2010-04-26 12:17:00,1,1,1,192,163.2,United Kingdom
17716,0,True,2010-01-01,2010-12-31,2011-01-01,2011-06-30,2010-03-05 13:52:00,2010-11-08 10:45:00,12,329,204,5351,9780.78,United Kingdom
17717,1,False,2010-01-01,2010-12-31,2011-01-01,2011-06-30,2010-10-14 12:54:00,2010-10-14 12:54:00,1,26,26,344,376.92,United Kingdom
17718,0,True,2010-01-01,2010-12-31,2011-01-01,2011-06-30,2010-03-05 08:01:00,2010-03-05 08:01:00,1,17,17,191,299.83,United Kingdom
17720,0,True,2010-01-01,2010-12-31,2011-01-01,2011-06-30,2010-05-10 09:58:00,2010-12-07 10:43:00,7,83,62,1037,1572.97,United Kingdom
17721,1,False,2010-01-01,2010-12-31,2011-01-01,2011-06-30,2010-02-18 15:18:00,2010-02-18 15:18:00,1,11,11,107,307.21000000000004,United Kingdom
17722,0,True,2010-01-01,2010-12-31,2011-01-01,2011-06-30,2010-11-29 09:44:00,2010-12-08 12:41:00,2,104,101,1342,2006.32,United Kingdom
17723,0,True,2010-01-01,2010-12-31,2011-01-01,2011-06-30,2010-11-29 10:35:00,2010-11-29 10:35:00,1,2,2,120,102.0,United Kingdom
17726,1,False,2010-01-01,2010-12-31,2011-01-01,2011-06-30,2010-01-26 14:58:00,2010-11-09 13:37:00,7,64,52,444,1092.06,United Kingdom
17728,1,False,2010-01-01,2010-12-31,2011-01-01,2011-06-30,2010-09-12 14:58:00,2010-10-31 15:50:00,2,79,79,677,1362.75,United Kingdom
17729,1,False,2010-01-01,2010-12-31,2011-01-01,2011-06-30,2010-04-22 15:03:00,2010-04-22 15:03:00,1,23,23,247,438.65000000000003,United Kingdom
17730,0,True,2010-01-01,2010-12-31,2011-01-01,2011-06-30,2010-04-29 11:48:00,2010-11-22 12:26:00,7,96,75,1724,2475.32,United Kingdom
17731,0,True,2010-01-01,2010-12-31,2011-01-01,2011-06-30,2010-02-09 12:37:00,2010-03-28 12:43:00,2,32,30,214,468.88,United Kingdom
17732,1,False,2010-01-01,2010-12-31,2011-01-01,2011-06-30,2010-08-09 08:41:00,2010-12-02 09:29:00,8,122,90,1058,2166.42,United Kingdom
17734,0,True,2010-01-01,2010-12-31,2011-01-01,2011-06-30,2010-03-07 13:55:00,2010-07-02 10:01:00,3,43,40,319,741.69,United Kingdom
17735,0,True,2010-01-01,2010-12-31,2011-01-01,2011-06-30,2010-07-30 13:25:00,2010-12-07 10:32:00,8,206,139,2462,4134.91,United Kingdom
17738,0,True,2010-01-01,2010-12-31,2011-01-01,2011-06-30,2010-03-19 10:07:00,2010-11-09 14:24:00,9,133,103,1747,2304.51,United Kingdom
17739,0,True,2010-01-01,2010-12-31,2011-01-01,2011-06-30,2010-01-11 12:46:00,2010-12-14 14:26:00,10,90,42,1308,4487.34,United Kingdom
17740,1,False,2010-01-01,2010-12-31,2011-01-01,2011-06-30,2010-01-11 13:11:00,2010-11-15 16:33:00,6,9,5,222,426.9,United Kingdom
17741,1,False,2010-01-01,2010-12-31,2011-01-01,2011-06-30,2010-05-28 12:11:00,2010-10-29 11:59:00,2,6,6,114,101.1,United Kingdom
17742,0,True,2010-01-01,2010-12-31,2011-01-01,2011-06-30,2010-02-09 10:03:00,2010-10-07 15:03:00,8,62,41,529,1524.8200000000002,United Kingdom
17743,1,False,2010-01-01,2010-12-31,2011-01-01,2011-06-30,2010-09-17 14:54:00,2010-09-17 14:54:00,1,3,3,96,229.2,United Kingdom
17744,0,True,2010-01-01,2010-12-31,2011-01-01,2011-06-30,2010-11-24 09:34:00,2010-12-16 14:17:00,2,34,33,958,704.26,United Kingdom
17745,1,False,2010-01-01,2010-12-31,2011-01-01,2011-06-30,2010-06-02 09:03:00,2010-08-19 12:30:00,2,28,27,164,600.34,United Kingdom
17746,0,True,2010-01-01,2010-12-31,2011-01-01,2011-06-30,2010-04-08 12:54:00,2010-08-25 13:31:00,3,30,28,659,793.9300000000001,United Kingdom
17748,1,False,2010-01-01,2010-12-31,2011-01-01,2011-06-30,2010-06-30 13:49:00,2010-06-30 13:49:00,1,17,17,111,358.15,United Kingdom
17749,0,True,2010-01-01,2010-12-31,2011-01-01,2011-06-30,2010-06-11 14:56:00,2010-06-11 14:56:00,1,22,22,126,351.66,United Kingdom
17751,1,False,2010-01-01,2010-12-31,2011-01-01,2011-06-30,2010-10-14 13:57:00,2010-10-14 13:57:00,1,32,31,147,157.85999999999999,United Kingdom
17752,1,False,2010-01-01,2010-12-31,2011-01-01,2011-06-30,2010-12-15 16:19:00,2010-12-15 16:19:00,1,1,1,192,80.64,United Kingdom
17753,1,False,2010-01-01,2010-12-31,2011-01-01,2011-06-30,2010-01-06 14:20:00,2010-09-01 15:49:00,4,69,63,124,382.06,United Kingdom
17754,0,True,2010-01-01,2010-12-31,2011-01-01,2011-06-30,2010-01-05 15:55:00,2010-11-30 11:31:00,7,115,101,2190,2516.39,United Kingdom
17756,1,False,2010-01-01,2010-12-31,2011-01-01,2011-06-30,2010-11-10 12:54:00,2010-11-29 12:20:00,3,84,54,399,728.75,United Kingdom
17757,0,True,2010-01-01,2010-12-31,2011-01-01,2011-06-30,2010-01-13 15:56:00,2010-12-14 14:02:00,30,597,248,1944,4046.46,United Kingdom
17758,0,True,2010-01-01,2010-12-31,2011-01-01,2011-06-30,2010-05-20 13:18:00,2010-10-08 12:08:00,4,124,121,1145,1555.83,United Kingdom
17759,0,True,2010-01-01,2010-12-31,2011-01-01,2011-06-30,2010-05-05 11:40:00,2010-11-11 15:09:00,2,43,41,268,441.92,United Kingdom
17760,1,False,2010-01-01,2010-12-31,2011-01-01,2011-06-30,2010-02-28 12:15:00,2010-12-01 15:08:00,5,51,44,457,631.34,United Kingdom
17762,1,False,2010-01-01,2010-12-31,2011-01-01,2011-06-30,2010-09-09 17:40:00,2010-09-09 17:40:00,1,17,16,129,129.75,United Kingdom
17763,0,True,2010-01-01,2010-12-31,2011-01-01,2011-06-30,2010-02-18 14:32:00,2010-02-24 13:34:00,3,13,11,29,71.15,United Kingdom
17764,0,True,2010-01-01,2010-12-31,2011-01-01,2011-06-30,2010-06-17 17:00:00,2010-11-02 17:12:00,2,49,38,254,553.87,United Kingdom
17765,0,True,2010-01-01,2010-12-31,2011-01-01,2011-06-30,2010-09-17 12:45:00,2010-09-17 12:45:00,1,25,22,52,156.37,United Kingdom
17766,1,False,2010-01-01,2010-12-31,2011-01-01,2011-06-30,2010-11-23 14:17:00,2010-11-23 14:29:00,2,22,21,155,299.61,United Kingdom
17767,1,False,2010-01-01,2010-12-31,2011-01-01,2011-06-30,2010-10-25 16:22:00,2010-10-25 16:22:00,1,18,18,70,141.85,United Kingdom
17768,0,True,2010-01-01,2010-12-31,2011-01-01,2011-06-30,2010-01-28 15:51:00,2010-11-17 13:42:00,3,53,44,715,828.26,United Kingdom
17769,0,True,2010-01-01,2010-12-31,2011-01-01,2011-06-30,2010-01-19 11:33:00,2010-11-21 12:11:00,7,279,195,1307,3095.95,United Kingdom
17771,0,True,2010-01-01,2010-12-31,2011-01-01,2011-06-30,2010-04-29 13:21:00,2010-09-29 16:35:00,2,15,14,86,141.6,United Kingdom
17772,1,False,2010-01-01,2010-12-31,2011-01-01,2011-06-30,2010-11-12 11:31:00,2010-11-12 11:31:00,1,46,45,58,187.3,United Kingdom
17773,1,False,2010-01-01,2010-12-31,2011-01-01,2011-06-30,2010-01-18 14:32:00,2010-07-13 14:07:00,2,55,48,254,575.37,United Kingdom
17774,0,True,2010-01-01,2010-12-31,2011-01-01,2011-06-30,2010-02-08 16:06:00,2010-11-07 12:31:00,5,244,205,1077,2060.1,United Kingdom
17776,1,False,2010-01-01,2010-12-31,2011-01-01,2011-06-30,2010-11-18 12:14:00,2010-11-18 12:14:00,1,32,31,74,122.81,United Kingdom
17778,1,False,2010-01-01,2010-12-31,2011-01-01,2011-06-30,2010-02-16 12:44:00,2010-02-16 12:44:00,1,10,10,214,197.70000000000002,United Kingdom
17780,1,False,2010-01-01,2010-12-31,2011-01-01,2011-06-30,2010-01-24 11:21:00,2010-02-10 13:43:00,3,79,76,156,346.56,United Kingdom
17782,1,False,2010-01-01,2010-12-31,2011-01-01,2011-06-30,2010-11-22 10:03:00,2010-11-22 11:15:00,2,29,29,538,679.02,United Kingdom
17783,0,True,2010-01-01,2010-12-31,2011-01-01,2011-06-30,2010-07-15 12:50:00,2010-07-15 12:50:00,1,24,24,84,93.49,United Kingdom
17784,1,False,2010-01-01,2010-12-31,2011-01-01,2011-06-30,2010-06-07 16:08:00,2010-06-07 16:08:00,1,23,19,72,112.86,United Kingdom
17785,1,False,2010-01-01,2010-12-31,2011-01-01,2011-06-30,2010-05-23 13:01:00,2010-09-20 14:14:00,2,38,38,160,271.44,United Kingdom
17787,0,True,2010-01-01,2010-12-31,2011-01-01,2011-06-30,2010-12-03 13:43:00,2010-12-03 13:43:00,1,31,30,356,736.28,United Kingdom
17789,0,True,2010-01-01,2010-12-31,2011-01-01,2011-06-30,2010-02-16 13:16:00,2010-02-16 13:16:00,1,15,13,125,171.25,United Kingdom
17790,0,True,2010-01-01,2010-12-31,2011-01-01,2011-06-30,2010-06-13 13:30:00,2010-12-17 10:34:00,11,137,94,732,1214.66,United Kingdom
17792,1,False,2010-01-01,2010-12-31,2011-01-01,2011-06-30,2010-08-18 13:08:00,2010-08-29 14:30:00,2,52,45,149,368.35,United Kingdom
17794,1,False,2010-01-01,2010-12-31,2011-01-01,2011-06-30,2010-01-20 12:17:00,2010-01-22 10:18:00,2,7,7,46,147.3,United Kingdom
17796,0,True,2010-01-01,2010-12-31,2011-01-01,2011-06-30,2010-10-14 13:37:00,2010-12-05 12:23:00,4,141,119,199,661.04,United Kingdom
17797,0,True,2010-01-01,2010-12-31,2011-01-01,2011-06-30,2010-01-27 12:14:00,2010-11-09 14:33:00,4,136,117,499,985.71,United Kingdom
17798,1,False,2010-01-01,2010-12-31,2011-01-01,2011-06-30,2010-05-07 11:42:00,2010-05-07 11:42:00,1,45,43,138,178.07,United Kingdom
17799,0,True,2010-01-01,2010-12-31,2011-01-01,2011-06-30,2010-01-22 16:28:00,2010-12-13 13:10:00,10,487,315,1924,3096.78,United Kingdom
17801,1,False,2010-01-01,2010-12-31,2011-01-01,2011-06-30,2010-01-17 11:31:00,2010-09-14 14:32:00,3,81,66,820,770.03,United Kingdom
17802,0,True,2010-01-01,2010-12-31,2011-01-01,2011-06-30,2010-04-19 13:28:00,2010-12-02 13:44:00,6,335,218,1739,3238.43,United Kingdom
17803,1,False,2010-01-01,2010-12-31,2011-01-01,2011-06-30,2010-11-12 13:53:00,2010-11-12 13:53:00,1,27,27,98,184.66,United Kingdom
17804,1,False,2010-01-01,2010-12-31,2011-01-01,2011-06-30,2010-06-25 13:35:00,2010-11-28 14:01:00,2,59,56,102,258.83,United Kingdom
17805,1,False,2010-01-01,2010-12-31,2011-01-01,2011-06-30,2010-04-08 14:36:00,2010-04-08 14:36:00,1,1,1,648,414.72,United Kingdom
17807,1,False,2010-01-01,2010-12-31,2011-01-01,2011-06-30,2010-01-04 14:00:00,2010-11-09 16:21:00,3,89,88,262,437.87,United Kingdom
17808,1,False,2010-01-01,2010-12-31,2011-01-01,2011-06-30,2010-05-07 16:26:00,2010-06-09 10:44:00,4,33,29,143,262.64,United Kingdom
17809,0,True,2010-01-01,2010-12-31,2011-01-01,2011-06-30,2010-01-28 09:20:00,2010-12-03 12:43:00,9,45,26,1142,5163.78,United Kingdom
17810,1,False,2010-01-01,2010-12-31,2011-01-01,2011-06-30,2010-01-25 10:26:00,2010-02-09 10:47:00,2,55,51,118,373.16,United Kingdom
17811,0,True,2010-01-01,2010-12-31,2011-01-01,2011-06-30,2010-09-20 11:24:00,2010-11-30 10:56:00,8,324,253,1132,1757.98,United Kingdom
17812,1,False,2010-01-01,2010-12-31,2011-01-01,2011-06-30,2010-06-27 13:34:00,2010-12-06 15:27:00,4,85,79,242,405.48,United Kingdom
17814,1,False,2010-01-01,2010-12-31,2011-01-01,2011-06-30,2010-10-13 14:03:00,2010-11-29 14:21:00,2,143,112,1435,1609.37,United Kingdom
17815,1,False,2010-01-01,2010-12-31,2011-01-01,2011-06-30,2010-11-11 14:39:00,2010-11-11 14:39:00,1,13,13,612,591.96,United Kingdom
17816,0,True,2010-01-01,2010-12-31,2011-01-01,2011-06-30,2010-02-19 13:53:00,2010-12-09 14:10:00,2,31,28,44,51.129999999999995,United Kingdom
17817,0,True,2010-01-01,2010-12-31,2011-01-01,2011-06-30,2010-10-13 15:07:00,2010-11-26 14:09:00,3,101,87,286,400.46999999999997,United Kingdom
17819,0,True,2010-01-01,2010-12-31,2011-01-01,2011-06-30,2010-02-28 10:40:00,2010-12-12 12:46:00,5,51,45,739,2139.2,United Kingdom
17820,1,False,2010-01-01,2010-12-31,2011-01-01,2011-06-30,2010-11-30 17:43:00,2010-11-30 17:43:00,1,41,39,111,180.60999999999999,United Kingdom
17821,1,False,2010-01-01,2010-12-31,2011-01-01,2011-06-30,2010-10-29 13:20:00,2010-10-29 13:20:00,1,6,6,162,334.62,United Kingdom
17822,1,False,2010-01-01,2010-12-31,2011-01-01,2011-06-30,2010-05-28 12:15:00,2010-10-15 13:47:00,5,169,152,1375,2162.93,United Kingdom
17823,1,False,2010-01-01,2010-12-31,2011-01-01,2011-06-30,2010-10-14 16:14:00,2010-10-14 16:24:00,2,100,88,252,449.25,United Kingdom
17825,1,False,2010-01-01,2010-12-31,2011-01-01,2011-06-30,2010-04-20 12:01:00,2010-04-20 12:01:00,1,3,3,296,264.5,United Kingdom
17826,1,False,2010-01-01,2010-12-31,2011-01-01,2011-06-30,2010-11-30 13:23:00,2010-11-30 13:23:00,1,33,33,84,133.34,United Kingdom
17827,0,True,2010-01-01,2010-12-31,2011-01-01,2011-06-30,2010-03-28 12:20:00,2010-12-10 11:31:00,4,177,165,1083,1659.8,United Kingdom
17829,0,True,2010-01-01,2010-12-31,2011-01-01,2011-06-30,2010-02-22 15:39:00,2010-10-26 13:46:00,4,141,121,2513,3867.5,United Arab Emirates
17834,1,False,2010-01-01,2010-12-31,2011-01-01,2011-06-30,2010-09-20 15:32:00,2010-10-21 12:09:00,2,58,54,639,689.6700000000001,United Kingdom
17838,0,True,2010-01-01,2010-12-31,2011-01-01,2011-06-30,2010-03-19 09:53:00,2010-12-09 15:50:00,10,178,87,2192,3786.7000000000003,United Kingdom
17840,1,False,2010-01-01,2010-12-31,2011-01-01,2011-06-30,2010-09-22 12:24:00,2010-09-22 12:24:00,1,50,44,128,175.9,United Kingdom
17841,0,True,2010-01-01,2010-12-31,2011-01-01,2011-06-30,2010-01-04 15:29:00,2010-12-19 13:59:00,85,4531,1427,13650,27735.19,United Kingdom
17842,1,False,2010-01-01,2010-12-31,2011-01-01,2011-06-30,2010-04-16 14:23:00,2010-04-16 14:23:00,1,18,18,89,430.69,United Kingdom
17843,0,True,2010-01-01,2010-12-31,2011-01-01,2011-06-30,2010-10-24 10:56:00,2010-10-24 10:56:00,1,25,22,138,114.92,United Kingdom
17845,1,False,2010-01-01,2010-12-31,2011-01-01,2011-06-30,2010-05-12 13:04:00,2010-06-02 15:20:00,4,47,42,195,596.09,United Kingdom
17847,1,False,2010-01-01,2010-12-31,2011-01-01,2011-06-30,2010-03-04 12:57:00,2010-07-12 10:00:00,2,9,9,29,129.69,United Kingdom
17848,0,True,2010-01-01,2010-12-31,2011-01-01,2011-06-30,2010-01-14 19:10:00,2010-12-16 18:38:00,21,113,74,943,2580.0099999999998,United Kingdom
17849,0,True,2010-01-01,2010-12-31,2011-01-01,2011-06-30,2010-03-14 15:17:00,2010-08-16 11:31:00,4,24,18,110,457.96000000000004,United Kingdom
17850,1,False,2010-01-01,2010-12-31,2011-01-01,2011-06-30,2010-01-14 12:46:00,2010-12-02 15:27:00,140,2240,95,18894,43797.73,United Kingdom
17851,1,False,2010-01-01,2010-12-31,2011-01-01,2011-06-30,2010-01-15 15:47:00,2010-10-13 15:13:00,3,91,90,346,421.67,United Kingdom
17852,1,False,2010-01-01,2010-12-31,2011-01-01,2011-06-30,2010-11-16 12:19:00,2010-11-16 12:19:00,1,37,37,108,163.11,United Kingdom
17853,1,False,2010-01-01,2010-12-31,2011-01-01,2011-06-30,2010-08-20 11:14:00,2010-10-28 15:29:00,2,76,60,466,1011.94,United Kingdom
17854,0,True,2010-01-01,2010-12-31,2011-01-01,2011-06-30,2010-07-13 12:38:00,2010-09-03 12:06:00,3,88,84,458,621.3,United Kingdom
17855,1,False,2010-01-01,2010-12-31,2011-01-01,2011-06-30,2010-12-02 09:44:00,2010-12-02 09:44:00,1,17,17,197,208.97,United Kingdom
17857,0,True,2010-01-01,2010-12-31,2011-01-01,2011-06-30,2010-03-08 12:09:00,2010-12-16 16:28:00,3,7,6,2814,1808.7,United Kingdom
17858,0,True,2010-01-01,2010-12-31,2011-01-01,2011-06-30,2010-02-17 16:40:00,2010-12-15 13:26:00,18,168,89,3873,7783.47,United Kingdom
17860,1,False,2010-01-01,2010-12-31,2011-01-01,2011-06-30,2010-10-07 13:09:00,2010-12-06 12:41:00,2,107,90,574,470.45,United Kingdom
17861,0,True,2010-01-01,2010-12-31,2011-01-01,2011-06-30,2010-01-05 12:26:00,2010-11-19 13:43:00,9,304,200,2141,2661.42,United Kingdom
17862,0,True,2010-01-01,2010-12-31,2011-01-01,2011-06-30,2010-05-25 17:22:00,2010-11-19 12:09:00,3,88,83,340,923.99,United Kingdom
17863,0,True,2010-01-01,2010-12-31,2011-01-01,2011-06-30,2010-02-25 12:01:00,2010-12-05 13:21:00,7,128,84,2314,2585.2,United Kingdom
17864,0,True,2010-01-01,2010-12-31,2011-01-01,2011-06-30,2010-10-08 11:49:00,2010-11-19 12:04:00,2,42,37,309,321.72,United Kingdom
17865,0,True,2010-01-01,2010-12-31,2011-01-01,2011-06-30,2010-01-27 15:39:00,2010-12-17 15:57:00,22,546,253,6238,13911.89,United Kingdom
17866,1,False,2010-01-01,2010-12-31,2011-01-01,2011-06-30,2010-08-12 12:43:00,2010-08-12 12:43:00,1,13,13,321,655.8000000000001,United Kingdom
17867,0,True,2010-01-01,2010-12-31,2011-01-01,2011-06-30,2010-01-26 17:08:00,2010-10-25 15:51:00,7,45,43,97,313.63,United Kingdom
17868,1,False,2010-01-01,2010-12-31,2011-01-01,2011-06-30,2010-11-18 18:55:00,2010-11-18 18:55:00,1,18,18,85,227.15,United Kingdom
17869,0,True,2010-01-01,2010-12-31,2011-01-01,2011-06-30,2010-06-10 13:47:00,2010-12-06 17:16:00,3,56,53,447,599.78,United Kingdom
17870,1,False,2010-01-01,2010-12-31,2011-01-01,2011-06-30,2010-11-23 11:39:00,2010-12-08 08:12:00,2,3,2,476,1213.8,United Kingdom
17871,0,True,2010-01-01,2010-12-31,2011-01-01,2011-06-30,2010-01-15 14:48:00,2010-11-07 13:21:00,4,73,58,483,913.05,United Kingdom
17872,1,False,2010-01-01,2010-12-31,2011-01-01,2011-06-30,2010-11-23 12:02:00,2010-11-23 12:02:00,1,15,15,176,235.87,United Kingdom
17873,0,True,2010-01-01,2010-12-31,2011-01-01,2011-06-30,2010-02-04 16:43:00,2010-12-01 14:54:00,12,116,58,2833,4028.56,United Kingdom
17875,1,False,2010-01-01,2010-12-31,2011-01-01,2011-06-30,2010-01-20 15:30:00,2010-01-20 15:30:00,1,26,25,98,167.1,United Kingdom
17876,1,False,2010-01-01,2010-12-31,2011-01-01,2011-06-30,2010-02-02 13:00:00,2010-11-05 10:52:00,3,4,3,1958,3424.02,United Kingdom
17878,1,False,2010-01-01,2010-12-31,2011-01-01,2011-06-30,2010-11-09 13:50:00,2010-11-09 13:52:00,2,56,56,613,999.48,United Kingdom
17880,1,False,2010-01-01,2010-12-31,2011-01-01,2011-06-30,2010-03-10 12:39:00,2010-12-10 10:21:00,2,38,36,394,653.32,United Kingdom
17882,1,False,2010-01-01,2010-12-31,2011-01-01,2011-06-30,2010-11-25 14:35:00,2010-11-25 14:40:00,2,53,47,130,291.56,United Kingdom
17883,0,True,2010-01-01,2010-12-31,2011-01-01,2011-06-30,2010-02-25 20:07:00,2010-06-18 16:40:00,3,31,30,102,324.08,United Kingdom
17884,0,True,2010-01-01,2010-12-31,2011-01-01,2011-06-30,2010-02-01 12:36:00,2010-12-06 15:13:00,14,276,219,1846,1881.8899999999999,United Kingdom
17886,0,True,2010-01-01,2010-12-31,2011-01-01,2011-06-30,2010-04-29 11:10:00,2010-09-28 14:44:00,3,64,56,242,703.27,United Kingdom
17888,0,True,2010-01-01,2010-12-31,2011-01-01,2011-06-30,2010-01-22 14:40:00,2010-12-17 13:56:00,17,87,82,594,1057.6200000000001,United Kingdom
17889,0,True,2010-01-01,2010-12-31,2011-01-01,2011-06-30,2010-03-31 10:54:00,2010-11-30 12:33:00,5,96,80,326,545.05,United Kingdom
17890,0,True,2010-01-01,2010-12-31,2011-01-01,2011-06-30,2010-12-13 15:12:00,2010-12-13 15:12:00,1,62,61,330,463.01,United Kingdom
17894,0,True,2010-01-01,2010-12-31,2011-01-01,2011-06-30,2010-08-27 14:13:00,2010-12-22 13:46:00,14,301,167,755,1700.6200000000001,United Kingdom
17897,0,True,2010-01-01,2010-12-31,2011-01-01,2011-06-30,2010-05-12 16:03:00,2010-12-07 15:54:00,8,222,175,793,1968.75,United Kingdom
17898,0,True,2010-01-01,2010-12-31,2011-01-01,2011-06-30,2010-05-21 17:22:00,2010-09-13 12:01:00,2,22,22,61,147.12,United Kingdom
17901,1,False,2010-01-01,2010-12-31,2011-01-01,2011-06-30,2010-07-06 10:54:00,2010-07-06 11:05:00,2,3,3,14,149.7,United Kingdom
17902,1,False,2010-01-01,2010-12-31,2011-01-01,2011-06-30,2010-06-11 12:25:00,2010-06-11 12:25:00,1,24,24,526,216.39999999999998,United Kingdom
17903,1,False,2010-01-01,2010-12-31,2011-01-01,2011-06-30,2010-11-10 15:39:00,2010-11-10 15:39:00,1,45,44,142,381.09000000000003,United Kingdom
17905,1,False,2010-01-01,2010-12-31,2011-01-01,2011-06-30,2010-01-28 17:54:00,2010-12-22 16:23:00,11,140,123,1064,1772.78,United Kingdom
17907,1,False,2010-01-01,2010-12-31,2011-01-01,2011-06-30,2010-03-09 12:33:00,2010-03-09 12:33:00,1,13,13,1046,291.76,United Kingdom
17908,1,False,2010-01-01,2010-12-31,2011-01-01,2011-06-30,2010-04-20 11:52:00,2010-12-01 11:45:00,4,142,124,431,743.51,United Kingdom
17912,0,True,2010-01-01,2010-12-31,2011-01-01,2011-06-30,2010-11-29 13:53:00,2010-12-15 16:50:00,5,49,47,211,352.95,United Kingdom
17913,1,False,2010-01-01,2010-12-31,2011-01-01,2011-06-30,2010-03-07 12:35:00,2010-12-19 11:35:00,10,366,196,1284,2613.4,United Kingdom
17915,1,False,2010-01-01,2010-12-31,2011-01-01,2011-06-30,2010-06-06 13:22:00,2010-06-06 13:22:00,1,29,27,184,225.78,United Kingdom
17916,1,False,2010-01-01,2010-12-31,2011-01-01,2011-06-30,2010-03-21 12:26:00,2010-03-21 12:26:00,1,8,8,43,18.41,United Kingdom
17917,0,True,2010-01-01,2010-12-31,2011-01-01,2011-06-30,2010-12-12 12:08:00,2010-12-12 12:08:00,1,28,28,55,107.16,United Kingdom
17918,1,False,2010-01-01,2010-12-31,2011-01-01,2011-06-30,2010-07-22 14:20:00,2010-07-27 11:51:00,3,40,34,352,396.39,United Kingdom
17919,1,False,2010-01-01,2010-12-31,2011-01-01,2011-06-30,2010-09-27 10:40:00,2010-09-27 10:40:00,1,17,17,696,536.28,United Kingdom
17920,0,True,2010-01-01,2010-12-31,2011-01-01,2011-06-30,2010-01-10 11:55:00,2010-12-06 16:58:00,35,887,401,9265,18248.29,United Kingdom
17921,0,True,2010-01-01,2010-12-31,2011-01-01,2011-06-30,2010-07-15 20:05:00,2010-11-25 19:24:00,6,218,148,566,1574.13,United Kingdom
17922,1,False,2010-01-01,2010-12-31,2011-01-01,2011-06-30,2010-06-14 16:32:00,2010-06-14 16:32:00,1,8,8,49,170.4,United Kingdom
17923,0,True,2010-01-01,2010-12-31,2011-01-01,2011-06-30,2010-06-13 13:58:00,2010-06-30 13:41:00,2,2,2,90,289.5,United Kingdom
17924,0,True,2010-01-01,2010-12-31,2011-01-01,2011-06-30,2010-10-21 12:17:00,2010-12-01 10:51:00,2,4,3,108,574.2,United Kingdom
17925,1,False,2010-01-01,2010-12-31,2011-01-01,2011-06-30,2010-12-02 10:10:00,2010-12-02 10:10:00,1,1,1,72,244.08,United Kingdom
17926,0,True,2010-01-01,2010-12-31,2011-01-01,2011-06-30,2010-05-09 14:07:00,2010-09-21 18:42:00,3,23,16,266,638.2,United Kingdom
17928,0,True,2010-01-01,2010-12-31,2011-01-01,2011-06-30,2010-05-17 15:30:00,2010-05-17 15:30:00,1,4,4,82,128.7,United Kingdom
17929,0,True,2010-01-01,2010-12-31,2011-01-01,2011-06-30,2010-02-28 13:28:00,2010-11-17 12:01:00,7,8,4,254,1846.7,United Kingdom
17930,0,True,2010-01-01,2010-12-31,2011-01-01,2011-06-30,2010-03-04 10:41:00,2010-11-11 08:29:00,8,48,22,2201,2534.74,United Kingdom
17931,0,True,2010-01-01,2010-12-31,2011-01-01,2011-06-30,2010-02-16 15:47:00,2010-11-07 12:36:00,12,286,222,1670,2993.88,United Kingdom
17933,1,False,2010-01-01,2010-12-31,2011-01-01,2011-06-30,2010-03-17 15:11:00,2010-03-17 15:11:00,1,14,12,63,114.69,United Kingdom
17934,1,False,2010-01-01,2010-12-31,2011-01-01,2011-06-30,2010-10-29 12:23:00,2010-10-29 12:23:00,1,20,20,150,344.90000000000003,United Kingdom
17935,1,False,2010-01-01,2010-12-31,2011-01-01,2011-06-30,2010-03-24 12:07:00,2010-11-04 12:06:00,4,28,26,107,434.1,United Kingdom
17937,0,True,2010-01-01,2010-12-31,2011-01-01,2011-06-30,2010-12-12 14:43:00,2010-12-13 14:56:00,2,18,18,804,2153.88,United Kingdom
17938,1,False,2010-01-01,2010-12-31,2011-01-01,2011-06-30,2010-10-15 14:27:00,2010-10-15 14:27:00,1,29,29,53,144.29,United Kingdom
17940,0,True,2010-01-01,2010-12-31,2011-01-01,2011-06-30,2010-01-26 17:03:00,2010-09-20 15:33:00,5,13,8,58305,21906.75,United Kingdom
17941,1,False,2010-01-01,2010-12-31,2011-01-01,2011-06-30,2010-01-06 15:37:00,2010-04-28 09:23:00,3,5,3,856,1128.72,United Kingdom
17944,1,False,2010-01-01,2010-12-31,2011-01-01,2011-06-30,2010-10-12 16:25:00,2010-10-12 16:25:00,1,25,24,84,74.99,United Kingdom
17945,1,False,2010-01-01,2010-12-31,2011-01-01,2011-06-30,2010-01-12 11:33:00,2010-01-12 11:40:00,3,72,66,244,360.35,United Kingdom
17949,0,True,2010-01-01,2010-12-31,2011-01-01,2011-06-30,2010-01-05 11:29:00,2010-12-03 13:12:00,64,77,31,26426,54368.04,United Kingdom
17950,1,False,2010-01-01,2010-12-31,2011-01-01,2011-06-30,2010-01-04 17:39:00,2010-12-09 15:20:00,6,133,110,479,947.26,United Kingdom
17951,1,False,2010-01-01,2010-12-31,2011-01-01,2011-06-30,2010-10-31 15:15:00,2010-12-16 12:55:00,3,17,15,384,741.5400000000001,United Kingdom
17952,1,False,2010-01-01,2010-12-31,2011-01-01,2011-06-30,2010-06-16 11:54:00,2010-11-26 13:54:00,4,98,85,477,788.46,United Kingdom
17953,1,False,2010-01-01,2010-12-31,2011-01-01,2011-06-30,2010-06-17 15:08:00,2010-06-17 15:08:00,1,20,20,98,159.17000000000002,United Kingdom
17954,0,True,2010-01-01,2010-12-31,2011-01-01,2011-06-30,2010-02-12 15:24:00,2010-12-07 12:37:00,6,195,166,665,948.51,United Kingdom
17955,0,True,2010-01-01,2010-12-31,2011-01-01,2011-06-30,2010-02-12 16:27:00,2010-02-22 11:22:00,2,3,2,408,392.6,United Kingdom
17959,1,False,2010-01-01,2010-12-31,2011-01-01,2011-06-30,2010-04-26 14:12:00,2010-04-26 14:12:00,1,2,2,49,140.75,United Kingdom
17960,0,True,2010-01-01,2010-12-31,2011-01-01,2011-06-30,2010-03-08 12:22:00,2010-07-05 09:56:00,2,11,11,19,61.300000000000004,United Kingdom
17961,0,True,2010-01-01,2010-12-31,2011-01-01,2011-06-30,2010-01-12 09:24:00,2010-12-21 16:08:00,52,286,246,521,1397.97,United Kingdom
17962,1,False,2010-01-01,2010-12-31,2011-01-01,2011-06-30,2010-01-13 15:24:00,2010-06-08 16:24:00,3,149,126,506,564.55,United Kingdom
17963,1,False,2010-01-01,2010-12-31,2011-01-01,2011-06-30,2010-01-19 17:25:00,2010-08-25 15:58:00,4,109,98,341,643.16,United Kingdom
17964,1,False,2010-01-01,2010-12-31,2011-01-01,2011-06-30,2010-12-02 13:32:00,2010-12-02 13:32:00,1,35,35,195,261.76,United Kingdom
17965,0,True,2010-01-01,2010-12-31,2011-01-01,2011-06-30,2010-01-06 13:56:00,2010-12-09 18:09:00,16,479,370,2431,4291.03,United Kingdom
17966,0,True,2010-01-01,2010-12-31,2011-01-01,2011-06-30,2010-01-18 13:24:00,2010-04-27 10:14:00,5,45,33,1347,865.49,United Kingdom
17967,1,False,2010-01-01,2010-12-31,2011-01-01,2011-06-30,2010-10-19 13:19:00,2010-12-03 11:19:00,2,61,59,111,223.42,United Kingdom
17968,1,False,2010-01-01,2010-12-31,2011-01-01,2011-06-30,2010-07-15 15:01:00,2010-12-01 12:23:00,4,128,106,352,590.4399999999999,United Kingdom
17969,0,True,2010-01-01,2010-12-31,2011-01-01,2011-06-30,2010-01-04 17:03:00,2010-12-13 15:34:00,15,146,87,874,1815.49,United Kingdom
17971,1,False,2010-01-01,2010-12-31,2011-01-01,2011-06-30,2010-06-09 14:04:00,2010-06-09 14:04:00,1,21,21,62,161.94,United Kingdom
17974,0,True,2010-01-01,2010-12-31,2011-01-01,2011-06-30,2010-10-28 20:03:00,2010-11-23 13:24:00,3,196,161,689,1035.1,United Kingdom
17975,0,True,2010-01-01,2010-12-31,2011-01-01,2011-06-30,2010-08-06 11:24:00,2010-12-14 11:12:00,13,201,97,804,2834.56,United Kingdom
17976,1,False,2010-01-01,2010-12-31,2011-01-01,2011-06-30,2010-12-02 13:49:00,2010-12-02 13:49:00,1,57,56,93,321.79,United Kingdom
17977,1,False,2010-01-01,2010-12-31,2011-01-01,2011-06-30,2010-11-04 14:26:00,2010-11-04 14:26:00,1,83,83,1606,1223.31,United Kingdom
17978,1,False,2010-01-01,2010-12-31,2011-01-01,2011-06-30,2010-01-11 13:51:00,2010-12-09 14:05:00,3,41,38,1206,1036.8899999999999,United Kingdom
17980,0,True,2010-01-01,2010-12-31,2011-01-01,2011-06-30,2010-11-11 14:42:00,2010-12-15 15:50:00,2,46,35,324,496.47,United Kingdom
17981,1,False,2010-01-01,2010-12-31,2011-01-01,2011-06-30,2010-10-25 10:40:00,2010-10-25 10:40:00,1,17,17,260,239.12,United Kingdom
17982,1,False,2010-01-01,2010-12-31,2011-01-01,2011-06-30,2010-01-28 09:38:00,2010-01-28 09:38:00,1,13,13,117,138.18,United Kingdom
17983,1,False,2010-01-01,2010-12-31,2011-01-01,2011-06-30,2010-11-09 13:23:00,2010-11-09 13:24:00,1,24,23,108,171.71,United Kingdom
17984,1,False,2010-01-01,2010-12-31,2011-01-01,2011-06-30,2010-08-01 15:51:00,2010-11-12 14:13:00,3,147,129,654,786.88,United Kingdom
17987,0,True,2010-01-01,2010-12-31,2011-01-01,2011-06-30,2010-06-07 11:23:00,2010-11-28 16:04:00,4,151,132,720,766.87,United Kingdom
17988,0,True,2010-01-01,2010-12-31,2011-01-01,2011-06-30,2010-07-02 15:09:00,2010-08-09 16:56:00,4,33,32,63,98.1,United Kingdom
17989,1,False,2010-01-01,2010-12-31,2011-01-01,2011-06-30,2010-11-25 13:49:00,2010-11-25 13:49:00,1,29,26,300,207.32999999999998,United Kingdom
17990,0,True,2010-01-01,2010-12-31,2011-01-01,2011-06-30,2010-06-16 14:47:00,2010-12-21 12:57:00,4,35,26,403,880.07,United Kingdom
17991,0,True,2010-01-01,2010-12-31,2011-01-01,2011-06-30,2010-04-27 12:46:00,2010-04-27 12:46:00,1,33,33,68,206.95,United Kingdom
17992,1,False,2010-01-01,2010-12-31,2011-01-01,2011-06-30,2010-11-15 13:04:00,2010-11-15 13:04:00,1,52,49,130,252.88,United Kingdom
17993,1,False,2010-01-01,2010-12-31,2011-01-01,2011-06-30,2010-04-01 14:23:00,2010-04-01 14:23:00,1,60,60,108,225.99,United Kingdom
17994,0,True,2010-01-01,2010-12-31,2011-01-01,2011-06-30,2010-03-29 10:37:00,2010-11-16 09:56:00,7,227,185,1686,1595.1399999999999,United Kingdom
17995,0,True,2010-01-01,2010-12-31,2011-01-01,2011-06-30,2010-11-17 17:01:00,2010-11-22 16:34:00,2,27,26,130,419.38,United Kingdom
17996,1,False,2010-01-01,2010-12-31,2011-01-01,2011-06-30,2010-06-11 11:48:00,2010-11-25 11:00:00,3,67,63,587,482.33,United Kingdom
17998,1,False,2010-01-01,2010-12-31,2011-01-01,2011-06-30,2010-11-24 15:31:00,2010-11-24 15:31:00,1,8,8,271,320.05,United Kingdom
17999,1,False,2010-01-01,2010-12-31,2011-01-01,2011-06-30,2010-11-26 13:16:00,2010-12-08 15:17:00,2,81,77,161,338.41,United Kingdom
18000,1,False,2010-01-01,2010-12-31,2011-01-01,2011-06-30,2010-05-24 17:34:00,2010-05-24 17:34:00,1,6,6,109,124.25,United Kingdom
18001,1,False,2010-01-01,2010-12-31,2011-01-01,2011-06-30,2010-06-11 11:53:00,2010-09-16 11:37:00,3,63,59,368,332.40999999999997,United Kingdom
18002,1,False,2010-01-01,2010-12-31,2011-01-01,2011-06-30,2010-03-30 16:17:00,2010-11-29 10:57:00,3,40,39,49,200.05,United Kingdom
18003,1,False,2010-01-01,2010-12-31,2011-01-01,2011-06-30,2010-11-28 15:09:00,2010-11-28 15:09:00,1,23,23,297,353.51,United Kingdom
18004,1,False,2010-01-01,2010-12-31,2011-01-01,2011-06-30,2010-12-12 13:47:00,2010-12-12 13:47:00,1,37,32,75,157.92,United Kingdom
18006,1,False,2010-01-01,2010-12-31,2011-01-01,2011-06-30,2010-04-01 19:06:00,2010-11-23 10:22:00,2,37,34,166,471.28000000000003,United Kingdom
18007,1,False,2010-01-01,2010-12-31,2011-01-01,2011-06-30,2010-11-12 11:08:00,2010-11-12 11:08:00,1,50,46,246,215.22,United Kingdom
18008,0,True,2010-01-01,2010-12-31,2011-01-01,2011-06-30,2010-01-06 12:35:00,2010-10-20 14:28:00,14,67,54,6244,17642.89,United Kingdom
18009,0,True,2010-01-01,2010-12-31,2011-01-01,2011-06-30,2010-02-25 11:49:00,2010-06-15 13:40:00,7,148,122,526,1896.84,United Kingdom
18011,1,False,2010-01-01,2010-12-31,2011-01-01,2011-06-30,2010-05-21 13:28:00,2010-12-01 17:35:00,2,63,63,125,410.79,United Kingdom
18016,0,True,2010-01-01,2010-12-31,2011-01-01,2011-06-30,2010-01-27 16:00:00,2010-12-10 17:14:00,3,66,54,245,633.5500000000001,United Kingdom
18017,0,True,2010-01-01,2010-12-31,2011-01-01,2011-06-30,2010-10-04 15:11:00,2010-10-04 15:11:00,1,1,1,100,165.0,United Kingdom
18018,0,True,2010-01-01,2010-12-31,2011-01-01,2011-06-30,2010-10-15 11:05:00,2010-11-05 15:52:00,2,15,14,131,175.85,United Kingdom
18020,1,False,2010-01-01,2010-12-31,2011-01-01,2011-06-30,2010-06-14 12:31:00,2010-06-14 12:31:00,1,12,12,67,190.48000000000002,United Kingdom
18021,1,False,2010-01-01,2010-12-31,2011-01-01,2011-06-30,2010-07-15 18:47:00,2010-07-18 10:52:00,2,32,32,168,216.41,United Kingdom
18022,1,False,2010-01-01,2010-12-31,2011-01-01,2011-06-30,2010-06-11 13:59:00,2010-11-19 13:16:00,4,261,203,608,894.53,United Kingdom
18025,1,False,2010-01-01,2010-12-31,2011-01-01,2011-06-30,2010-03-30 17:33:00,2010-11-25 12:37:00,6,112,83,1053,1177.72,United Kingdom
18026,1,False,2010-01-01,2010-12-31,2011-01-01,2011-06-30,2010-07-22 16:21:00,2010-07-27 10:37:00,2,17,12,530,2074.07,United Kingdom
18028,1,False,2010-01-01,2010-12-31,2011-01-01,2011-06-30,2010-05-05 13:28:00,2010-05-05 13:28:00,1,4,4,133,192.05,United Kingdom
18029,1,False,2010-01-01,2010-12-31,2011-01-01,2011-06-30,2010-03-07 15:30:00,2010-03-07 15:30:00,1,18,18,253,433.77,United Kingdom
18031,1,False,2010-01-01,2010-12-31,2011-01-01,2011-06-30,2010-11-26 11:00:00,2010-11-26 11:00:00,1,63,49,298,451.3,United Kingdom
18034,1,False,2010-01-01,2010-12-31,2011-01-01,2011-06-30,2010-11-29 12:36:00,2010-11-29 12:36:00,1,104,97,392,335.52,United Kingdom
18035,1,False,2010-01-01,2010-12-31,2011-01-01,2011-06-30,2010-11-19 13:42:00,2010-11-19 13:46:00,2,8,8,550,546.34,United Kingdom
18036,0,True,2010-01-01,2010-12-31,2011-01-01,2011-06-30,2010-01-18 14:23:00,2010-11-19 13:56:00,7,221,166,483,1071.57,United Kingdom
18037,0,True,2010-01-01,2010-12-31,2011-01-01,2011-06-30,2010-01-18 15:14:00,2010-12-12 16:20:00,7,17,16,20,101.05,United Kingdom
18038,1,False,2010-01-01,2010-12-31,2011-01-01,2011-06-30,2010-06-01 15:59:00,2010-06-01 15:59:00,1,27,25,80,141.48,United Kingdom
18039,1,False,2010-01-01,2010-12-31,2011-01-01,2011-06-30,2010-03-09 11:19:00,2010-11-30 13:07:00,4,158,137,555,548.22,United Kingdom
18041,0,True,2010-01-01,2010-12-31,2011-01-01,2011-06-30,2010-01-14 10:04:00,2010-12-09 13:24:00,20,475,315,4026,4536.29,United Kingdom
18042,1,False,2010-01-01,2010-12-31,2011-01-01,2011-06-30,2010-06-16 10:53:00,2010-06-16 10:53:00,1,9,9,36,116.1,United Kingdom
18043,0,True,2010-01-01,2010-12-31,2011-01-01,2011-06-30,2010-12-08 12:35:00,2010-12-08 12:35:00,1,62,59,157,287.91,United Kingdom
18044,0,True,2010-01-01,2010-12-31,2011-01-01,2011-06-30,2010-05-28 15:31:00,2010-12-14 12:25:00,9,79,64,618,1491.26,United Kingdom
18046,1,False,2010-01-01,2010-12-31,2011-01-01,2011-06-30,2010-02-28 11:36:00,2010-02-28 11:36:00,1,26,26,44,189.63,United Kingdom
18047,1,False,2010-01-01,2010-12-31,2011-01-01,2011-06-30,2010-11-23 12:57:00,2010-11-23 13:11:00,2,83,74,130,326.09,United Kingdom
18048,0,True,2010-01-01,2010-12-31,2011-01-01,2011-06-30,2010-08-03 13:03:00,2010-08-03 13:03:00,1,52,51,129,222.64,United Kingdom
18049,1,False,2010-01-01,2010-12-31,2011-01-01,2011-06-30,2010-04-28 13:24:00,2010-09-28 14:26:00,2,87,82,402,500.92,United Kingdom
18050,1,False,2010-01-01,2010-12-31,2011-01-01,2011-06-30,2010-11-11 15:51:00,2010-12-15 14:25:00,2,23,22,250,412.06,United Kingdom
18051,1,False,2010-01-01,2010-12-31,2011-01-01,2011-06-30,2010-01-05 11:34:00,2010-03-15 13:58:00,5,43,35,1151,1581.18,United Kingdom
18052,1,False,2010-01-01,2010-12-31,2011-01-01,2011-06-30,2010-05-24 11:11:00,2010-05-24 11:11:00,1,16,16,17766,10877.18,United Kingdom
18053,1,False,2010-01-01,2010-12-31,2011-01-01,2011-06-30,2010-06-30 12:36:00,2010-07-02 11:42:00,2,12,12,107,271.05,United Kingdom
18054,1,False,2010-01-01,2010-12-31,2011-01-01,2011-06-30,2010-11-12 08:18:00,2010-11-12 08:18:00,1,11,11,96,176.5,United Kingdom
18055,0,True,2010-01-01,2010-12-31,2011-01-01,2011-06-30,2010-10-22 13:27:00,2010-12-16 12:09:00,7,257,184,1628,5132.42,United Kingdom
18056,0,True,2010-01-01,2010-12-31,2011-01-01,2011-06-30,2010-03-31 12:29:00,2010-03-31 12:29:00,1,11,11,123,190.95,United Kingdom
18057,1,False,2010-01-01,2010-12-31,2011-01-01,2011-06-30,2010-01-18 12:42:00,2010-11-11 16:55:00,3,134,121,970,1188.46,United Kingdom
18058,1,False,2010-01-01,2010-12-31,2011-01-01,2011-06-30,2010-02-10 09:38:00,2010-06-16 13:45:00,2,13,11,306,603.9,United Kingdom
18060,1,False,2010-01-01,2010-12-31,2011-01-01,2011-06-30,2010-05-24 08:34:00,2010-10-27 16:41:00,2,75,74,902,1185.46,United Kingdom
18061,0,True,2010-01-01,2010-12-31,2011-01-01,2011-06-30,2010-01-11 16:42:00,2010-12-08 13:03:00,17,70,21,2298,3802.2,United Kingdom
18062,0,True,2010-01-01,2010-12-31,2011-01-01,2011-06-30,2010-04-21 08:55:00,2010-11-18 10:05:00,3,27,25,435,912.15,United Kingdom
18063,1,False,2010-01-01,2010-12-31,2011-01-01,2011-06-30,2010-03-16 13:05:00,2010-11-14 10:46:00,2,3,2,48,186.60000000000002,United Kingdom
18064,0,True,2010-01-01,2010-12-31,2011-01-01,2011-06-30,2010-02-01 15:01:00,2010-09-19 15:37:00,9,57,47,2301,3667.83,United Kingdom
18065,0,True,2010-01-01,2010-12-31,2011-01-01,2011-06-30,2010-01-15 10:47:00,2010-12-10 12:45:00,15,181,133,1342,3511.92,United Kingdom
18066,1,False,2010-01-01,2010-12-31,2011-01-01,2011-06-30,2010-10-20 11:42:00,2010-11-18 10:08:00,2,43,35,427,1122.4,United Kingdom
18069,0,True,2010-01-01,2010-12-31,2011-01-01,2011-06-30,2010-02-28 16:14:00,2010-11-21 15:56:00,6,513,385,1872,2455.68,United Kingdom
18070,1,False,2010-01-01,2010-12-31,2011-01-01,2011-06-30,2010-02-08 13:28:00,2010-02-08 13:28:00,1,9,9,86,314.1,United Kingdom
18071,0,True,2010-01-01,2010-12-31,2011-01-01,2011-06-30,2010-08-25 09:33:00,2010-12-09 10:33:00,3,35,32,342,568.08,United Kingdom
18074,1,False,2010-01-01,2010-12-31,2011-01-01,2011-06-30,2010-07-22 10:31:00,2010-12-01 09:53:00,2,43,37,361,1019.44,United Kingdom
18075,0,True,2010-01-01,2010-12-31,2011-01-01,2011-06-30,2010-07-29 11:47:00,2010-12-14 10:48:00,11,193,123,1934,3370.4900000000002,United Kingdom
18076,1,False,2010-01-01,2010-12-31,2011-01-01,2011-06-30,2010-11-24 14:02:00,2010-11-24 14:02:00,1,8,8,164,151.49,United Kingdom
18077,0,True,2010-01-01,2010-12-31,2011-01-01,2011-06-30,2010-02-14 12:49:00,2010-12-19 11:19:00,6,125,66,1101,1356.01,United Kingdom
18078,0,True,2010-01-01,2010-12-31,2011-01-01,2011-06-30,2010-03-21 15:50:00,2010-10-10 16:01:00,2,44,43,225,389.40000000000003,United Kingdom
18079,0,True,2010-01-01,2010-12-31,2011-01-01,2011-06-30,2010-08-05 12:19:00,2010-08-05 12:19:00,1,13,13,1383,590.78,United Kingdom
18083,1,False,2010-01-01,2010-12-31,2011-01-01,2011-06-30,2010-11-07 11:44:00,2010-11-07 11:44:00,1,40,36,268,463.53,United Kingdom
18084,1,False,2010-01-01,2010-12-31,2011-01-01,2011-06-30,2010-11-16 08:09:00,2010-11-21 15:47:00,2,6,6,443,704.75,United Kingdom
18085,0,True,2010-01-01,2010-12-31,2011-01-01,2011-06-30,2010-03-21 11:57:00,2010-12-01 12:08:00,3,42,33,320,955.8000000000001,United Kingdom
18087,0,True,2010-01-01,2010-12-31,2011-01-01,2011-06-30,2010-01-08 14:18:00,2010-11-25 12:00:00,11,64,33,3578,9716.06,United Kingdom
18089,1,False,2010-01-01,2010-12-31,2011-01-01,2011-06-30,2010-09-19 11:57:00,2010-09-19 11:57:00,1,10,9,95,428.45,United Kingdom
18090,1,False,2010-01-01,2010-12-31,2011-01-01,2011-06-30,2010-10-14 12:32:00,2010-10-14 12:32:00,1,54,47,307,321.9,United Kingdom
18091,1,False,2010-01-01,2010-12-31,2011-01-01,2011-06-30,2010-04-25 13:18:00,2010-04-25 13:18:00,1,25,25,539,360.85,United Kingdom
18092,0,True,2010-01-01,2010-12-31,2011-01-01,2011-06-30,2010-02-17 13:16:00,2010-12-22 16:19:00,7,51,21,3700,6201.88,United Kingdom
18093,0,True,2010-01-01,2010-12-31,2011-01-01,2011-06-30,2010-03-31 10:27:00,2010-09-21 15:41:00,4,25,20,2037,2346.19,United Kingdom
18094,0,True,2010-01-01,2010-12-31,2011-01-01,2011-06-30,2010-01-07 11:16:00,2010-09-19 14:03:00,6,56,36,1646,3374.2200000000003,United Kingdom
18095,0,True,2010-01-01,2010-12-31,2011-01-01,2011-06-30,2010-04-19 14:09:00,2010-10-08 15:09:00,3,27,22,1204,1723.04,United Kingdom
18096,1,False,2010-01-01,2010-12-31,2011-01-01,2011-06-30,2010-07-14 14:30:00,2010-09-23 13:54:00,3,195,154,621,808.81,United Kingdom
18097,0,True,2010-01-01,2010-12-31,2011-01-01,2011-06-30,2010-07-18 15:50:00,2010-12-20 14:49:00,5,46,21,1104,1976.78,United Kingdom
18098,1,False,2010-01-01,2010-12-31,2011-01-01,2011-06-30,2010-11-08 16:31:00,2010-11-08 16:31:00,1,86,85,215,527.94,United Kingdom
18100,1,False,2010-01-01,2010-12-31,2011-01-01,2011-06-30,2010-06-07 14:19:00,2010-06-07 14:19:00,1,30,30,440,451.56,United Kingdom
18101,1,False,2010-01-01,2010-12-31,2011-01-01,2011-06-30,2010-02-03 13:52:00,2010-11-30 14:21:00,3,69,62,160,399.61,United Kingdom
18102,0,True,2010-01-01,2010-12-31,2011-01-01,2011-06-30,2010-01-05 14:07:00,2010-12-09 13:44:00,80,561,261,110132,308158.61,United Kingdom
18103,1,False,2010-01-01,2010-12-31,2011-01-01,2011-06-30,2010-06-08 13:36:00,2010-06-08 13:36:00,1,10,10,23,105.8,United Kingdom
18106,0,True,2010-01-01,2010-12-31,2011-01-01,2011-06-30,2010-01-15 11:36:00,2010-08-20 14:14:00,5,154,112,380,1019.16,United Kingdom
18107,1,False,2010-01-01,2010-12-31,2011-01-01,2011-06-30,2010-09-23 13:03:00,2010-09-23 13:03:00,1,38,38,65,165.88,United Kingdom
18108,0,True,2010-01-01,2010-12-31,2011-01-01,2011-06-30,2010-04-22 09:38:00,2010-04-22 09:38:00,1,4,4,12,84.56,United Kingdom
18109,0,True,2010-01-01,2010-12-31,2011-01-01,2011-06-30,2010-07-01 12:13:00,2010-12-12 10:47:00,14,234,126,691,2103.54,United Kingdom
18110,1,False,2010-01-01,2010-12-31,2011-01-01,2011-06-30,2010-10-24 14:21:00,2010-10-24 14:21:00,1,35,29,97,193.48000000000002,United Kingdom
18111,1,False,2010-01-01,2010-12-31,2011-01-01,2011-06-30,2010-04-29 12:58:00,2010-04-29 12:58:00,1,27,27,232,405.85,United Kingdom
18112,0,True,2010-01-01,2010-12-31,2011-01-01,2011-06-30,2010-06-06 12:40:00,2010-10-17 13:16:00,2,36,34,188,420.67,United Kingdom
18113,1,False,2010-01-01,2010-12-31,2011-01-01,2011-06-30,2010-12-06 12:31:00,2010-12-06 12:31:00,1,1,1,72,76.32000000000001,United Kingdom
18115,1,False,2010-01-01,2010-12-31,2011-01-01,2011-06-30,2010-01-11 11:57:00,2010-01-11 11:57:00,1,3,3,3,9.700000000000001,United Kingdom
18116,0,True,2010-01-01,2010-12-31,2011-01-01,2011-06-30,2010-10-24 15:29:00,2010-12-23 16:06:00,8,347,228,725,1392.75,United Kingdom
18118,0,True,2010-01-01,2010-12-31,2011-01-01,2011-06-30,2010-11-23 13:36:00,2010-12-10 12:20:00,5,317,199,589,1200.7,United Kingdom
18119,1,False,2010-01-01,2010-12-31,2011-01-01,2011-06-30,2010-12-07 11:59:00,2010-12-07 11:59:00,1,29,29,124,180.7,United Kingdom
18123,1,False,2010-01-01,2010-12-31,2011-01-01,2011-06-30,2010-07-14 12:47:00,2010-07-14 12:47:00,1,22,22,34,92.2,United Kingdom
18124,1,False,2010-01-01,2010-12-31,2011-01-01,2011-06-30,2010-08-24 17:21:00,2010-08-24 17:21:00,1,20,20,47,102.65,United Kingdom
18127,1,False,2010-01-01,2010-12-31,2011-01-01,2011-06-30,2010-11-01 13:56:00,2010-11-01 13:56:00,1,21,21,63,209.05,United Kingdom
18128,1,False,2010-01-01,2010-12-31,2011-01-01,2011-06-30,2010-06-20 13:19:00,2010-06-20 13:19:00,1,42,42,216,399.29,United Kingdom
18131,1,False,2010-01-01,2010-12-31,2011-01-01,2011-06-30,2010-03-18 08:48:00,2010-03-18 08:48:00,1,4,4,552,222.95999999999998,United Kingdom
18132,1,False,2010-01-01,2010-12-31,2011-01-01,2011-06-30,2010-07-23 16:54:00,2010-07-23 16:54:00,1,62,60,212,220.13,United Kingdom
18134,1,False,2010-01-01,2010-12-31,2011-01-01,2011-06-30,2010-01-14 11:59:00,2010-04-20 14:02:00,2,28,27,128,445.0,United Kingdom
18135,0,True,2010-01-01,2010-12-31,2011-01-01,2011-06-30,2010-03-15 13:55:00,2010-11-12 10:34:00,5,17,16,404,567.71,United Kingdom
18136,0,True,2010-01-01,2010-12-31,2011-01-01,2011-06-30,2010-09-14 15:50:00,2010-10-26 15:57:00,2,50,47,481,847.03,United Kingdom
18137,1,False,2010-01-01,2010-12-31,2011-01-01,2011-06-30,2010-06-06 13:45:00,2010-06-06 14:18:00,2,29,26,59,145.99,United Kingdom
18140,1,False,2010-01-01,2010-12-31,2011-01-01,2011-06-30,2010-08-23 11:58:00,2010-08-23 11:58:00,1,54,49,395,536.41,West Indies
18141,1,False,2010-01-01,2010-12-31,2011-01-01,2011-06-30,2010-04-29 15:32:00,2010-11-03 11:44:00,2,42,38,433,882.47,United Kingdom
18144,0,True,2010-01-01,2010-12-31,2011-01-01,2011-06-30,2010-04-13 13:26:00,2010-12-14 13:02:00,8,33,25,847,1909.35,United Kingdom
18145,0,True,2010-01-01,2010-12-31,2011-01-01,2011-06-30,2010-01-05 10:18:00,2010-11-22 12:55:00,6,164,124,2233,2438.4900000000002,United Kingdom
18148,1,False,2010-01-01,2010-12-31,2011-01-01,2011-06-30,2010-03-03 11:40:00,2010-03-03 11:40:00,1,10,9,63,112.85000000000001,United Kingdom
18149,0,True,2010-01-01,2010-12-31,2011-01-01,2011-06-30,2010-03-14 12:41:00,2010-10-31 11:24:00,4,75,52,559,941.88,United Kingdom
18151,0,True,2010-01-01,2010-12-31,2011-01-01,2011-06-30,2010-03-04 10:47:00,2010-10-15 15:29:00,4,68,65,631,1226.09,United Kingdom
18152,1,False,2010-01-01,2010-12-31,2011-01-01,2011-06-30,2010-03-03 15:26:00,2010-03-03 15:26:00,1,10,10,75,426.69,United Kingdom
18153,1,False,2010-01-01,2010-12-31,2011-01-01,2011-06-30,2010-02-18 15:50:00,2010-02-18 15:50:00,1,17,17,200,246.22,United Kingdom
18154,1,False,2010-01-01,2010-12-31,2011-01-01,2011-06-30,2010-08-06 09:18:00,2010-11-16 12:40:00,3,26,22,371,533.41,United Kingdom
18156,1,False,2010-01-01,2010-12-31,2011-01-01,2011-06-30,2010-12-05 12:29:00,2010-12-05 12:29:00,1,50,50,68,186.88,United Kingdom
18157,1,False,2010-01-01,2010-12-31,2011-01-01,2011-06-30,2010-05-17 14:09:00,2010-05-17 14:09:00,1,25,25,145,213.9,United Kingdom
18160,0,True,2010-01-01,2010-12-31,2011-01-01,2011-06-30,2010-11-18 16:33:00,2010-11-18 16:33:00,1,26,26,225,365.82,United Kingdom
18161,0,True,2010-01-01,2010-12-31,2011-01-01,2011-06-30,2010-11-25 15:55:00,2010-11-25 15:55:00,1,13,13,153,184.41,United Kingdom
18163,1,False,2010-01-01,2010-12-31,2011-01-01,2011-06-30,2010-05-04 14:51:00,2010-05-04 14:51:00,1,33,33,452,728.84,United Kingdom
18166,1,False,2010-01-01,2010-12-31,2011-01-01,2011-06-30,2010-03-26 12:26:00,2010-03-26 12:26:00,1,10,10,90,175.5,United Kingdom
18168,0,True,2010-01-01,2010-12-31,2011-01-01,2011-06-30,2010-02-05 14:57:00,2010-12-15 11:08:00,10,222,139,1238,2127.39,United Kingdom
18170,0,True,2010-01-01,2010-12-31,2011-01-01,2011-06-30,2010-01-08 14:10:00,2010-11-30 13:33:00,6,88,49,775,1897.69,United Kingdom
18171,0,True,2010-01-01,2010-12-31,2011-01-01,2011-06-30,2010-01-05 10:46:00,2010-08-26 12:17:00,4,38,34,510,1206.0,United Kingdom
18172,0,True,2010-01-01,2010-12-31,2011-01-01,2011-06-30,2010-02-16 10:10:00,2010-11-17 15:24:00,31,279,121,4117,9672.460000000001,United Kingdom
18173,0,True,2010-01-01,2010-12-31,2011-01-01,2011-06-30,2010-04-06 10:43:00,2010-04-06 10:43:00,1,14,14,510,589.52,United Kingdom
18174,1,False,2010-01-01,2010-12-31,2011-01-01,2011-06-30,2010-04-15 12:17:00,2010-04-15 12:17:00,1,1,1,30,58.5,United Kingdom
18175,1,False,2010-01-01,2010-12-31,2011-01-01,2011-06-30,2010-02-02 10:25:00,2010-02-02 10:25:00,1,7,7,70,176.1,United Kingdom
18176,1,False,2010-01-01,2010-12-31,2011-01-01,2011-06-30,2010-12-16 15:45:00,2010-12-16 15:45:00,1,30,30,283,476.35,United Kingdom
18177,0,True,2010-01-01,2010-12-31,2011-01-01,2011-06-30,2010-03-21 15:25:00,2010-05-28 12:38:00,2,18,17,259,540.95,United Kingdom
18178,0,True,2010-01-01,2010-12-31,2011-01-01,2011-06-30,2010-02-18 14:25:00,2010-12-10 12:42:00,8,269,171,2972,4813.58,United Kingdom
18179,0,True,2010-01-01,2010-12-31,2011-01-01,2011-06-30,2010-02-14 15:51:00,2010-07-05 10:48:00,2,19,19,451,754.38,United Kingdom
18181,1,False,2010-01-01,2010-12-31,2011-01-01,2011-06-30,2010-05-25 15:36:00,2010-11-04 16:51:00,3,78,75,262,522.5,United Kingdom
18182,1,False,2010-01-01,2010-12-31,2011-01-01,2011-06-30,2010-09-02 14:25:00,2010-09-02 14:25:00,1,10,10,167,291.13,United Kingdom
18187,1,False,2010-01-01,2010-12-31,2011-01-01,2011-06-30,2010-03-18 09:49:00,2010-03-18 09:49:00,1,48,48,310,724.89,United Kingdom
18188,0,True,2010-01-01,2010-12-31,2011-01-01,2011-06-30,2010-03-26 11:37:00,2010-10-05 09:38:00,3,62,55,720,1279.55,United Kingdom
18189,0,True,2010-01-01,2010-12-31,2011-01-01,2011-06-30,2010-03-24 09:57:00,2010-03-24 09:57:00,1,18,18,270,313.49,United Kingdom
18190,0,True,2010-01-01,2010-12-31,2011-01-01,2011-06-30,2010-01-29 14:37:00,2010-04-15 09:45:00,2,11,9,110,268.74,United Kingdom
18191,0,True,2010-01-01,2010-12-31,2011-01-01,2011-06-30,2010-08-19 17:42:00,2010-08-19 17:42:00,1,8,8,192,321.59999999999997,United Kingdom
18193,0,True,2010-01-01,2010-12-31,2011-01-01,2011-06-30,2010-09-23 13:33:00,2010-11-24 12:25:00,2,54,50,802,963.59,United Kingdom
18194,1,False,2010-01-01,2010-12-31,2011-01-01,2011-06-30,2010-01-28 15:30:00,2010-09-27 13:08:00,5,21,16,1142,3188.2000000000003,United Kingdom
18195,1,False,2010-01-01,2010-12-31,2011-01-01,2011-06-30,2010-11-17 15:03:00,2010-11-17 15:03:00,1,5,5,60,101.16,United Kingdom
18196,0,True,2010-01-01,2010-12-31,2011-01-01,2011-06-30,2010-03-17 14:55:00,2010-08-25 15:31:00,2,138,112,607,770.56,United Kingdom
18197,1,False,2010-01-01,2010-12-31,2011-01-01,2011-06-30,2010-05-13 10:46:00,2010-05-13 10:46:00,1,9,9,166,230.1,United Kingdom
18199,1,False,2010-01-01,2010-12-31,2011-01-01,2011-06-30,2010-01-25 11:32:00,2010-01-25 11:32:00,1,20,20,99,344.75,United Kingdom
18203,1,False,2010-01-01,2010-12-31,2011-01-01,2011-06-30,2010-06-07 12:29:00,2010-11-23 12:25:00,2,26,24,46,223.02,United Kingdom
18206,1,False,2010-01-01,2010-12-31,2011-01-01,2011-06-30,2010-06-04 13:47:00,2010-06-04 13:47:00,1,19,19,246,314.65999999999997,United Kingdom
18207,1,False,2010-01-01,2010-12-31,2011-01-01,2011-06-30,2010-07-28 14:26:00,2010-07-28 14:26:00,1,31,31,325,544.47,United Kingdom
18208,1,False,2010-01-01,2010-12-31,2011-01-01,2011-06-30,2010-05-23 11:54:00,2010-05-23 11:54:00,1,17,17,82,360.08,United Kingdom
18210,0,True,2010-01-01,2010-12-31,2011-01-01,2011-06-30,2010-11-22 09:39:00,2010-11-22 09:39:00,1,10,10,101,147.45,United Kingdom
18212,0,True,2010-01-01,2010-12-31,2011-01-01,2011-06-30,2010-01-31 14:42:00,2010-01-31 14:42:00,1,12,12,66,298.3,United Kingdom
18214,1,False,2010-01-01,2010-12-31,2011-01-01,2011-06-30,2010-06-03 19:47:00,2010-06-27 11:21:00,4,58,38,989,1780.34,United Kingdom
18215,1,False,2010-01-01,2010-12-31,2011-01-01,2011-06-30,2010-03-26 13:03:00,2010-09-28 16:18:00,4,76,49,1013,1933.15,United Kingdom
18217,1,False,2010-01-01,2010-12-31,2011-01-01,2011-06-30,2010-07-01 15:39:00,2010-07-14 12:27:00,2,9,7,249,323.29,United Kingdom
18218,0,True,2010-01-01,2010-12-31,2011-01-01,2011-06-30,2010-02-17 15:11:00,2010-04-22 12:38:00,2,18,16,492,479.91999999999996,United Kingdom
18219,0,True,2010-01-01,2010-12-31,2011-01-01,2011-06-30,2010-03-08 13:24:00,2010-12-14 12:30:00,8,90,53,743,1521.27,United Kingdom
18220,0,True,2010-01-01,2010-12-31,2011-01-01,2011-06-30,2010-05-06 10:04:00,2010-11-10 14:22:00,4,16,12,900,1362.8400000000001,United Kingdom
18221,0,True,2010-01-01,2010-12-31,2011-01-01,2011-06-30,2010-11-14 15:46:00,2010-11-14 15:46:00,1,20,20,209,383.33,United Kingdom
18223,0,True,2010-01-01,2010-12-31,2011-01-01,2011-06-30,2010-01-20 11:31:00,2010-12-16 16:42:00,11,276,118,3041,6510.24,United Kingdom
18225,0,True,2010-01-01,2010-12-31,2011-01-01,2011-06-30,2010-01-29 10:25:00,2010-12-09 15:46:00,14,304,179,4046,7480.34,United Kingdom
18226,0,True,2010-01-01,2010-12-31,2011-01-01,2011-06-30,2010-03-05 10:05:00,2010-11-26 15:51:00,15,286,204,4417,6650.83,United Kingdom
18227,0,True,2010-01-01,2010-12-31,2011-01-01,2011-06-30,2010-08-12 16:45:00,2010-08-12 16:45:00,1,1,1,1,295.0,United Kingdom
18229,0,True,2010-01-01,2010-12-31,2011-01-01,2011-06-30,2010-01-19 13:33:00,2010-12-08 10:51:00,9,43,23,611,3145.81,United Kingdom
18230,0,True,2010-01-01,2010-12-31,2011-01-01,2011-06-30,2010-07-02 10:01:00,2010-11-26 15:33:00,2,54,42,680,1480.8600000000001,United Kingdom
18231,0,True,2010-01-01,2010-12-31,2011-01-01,2011-06-30,2010-01-10 12:13:00,2010-10-29 14:17:00,23,260,149,2096,4782.400000000001,United Kingdom
18234,1,False,2010-01-01,2010-12-31,2011-01-01,2011-06-30,2010-06-06 11:22:00,2010-06-06 11:22:00,1,30,30,80,179.6,United Kingdom
18236,0,True,2010-01-01,2010-12-31,2011-01-01,2011-06-30,2010-04-15 13:39:00,2010-11-16 12:48:00,6,49,43,293,913.11,United Kingdom
18238,1,False,2010-01-01,2010-12-31,2011-01-01,2011-06-30,2010-07-12 12:51:00,2010-07-12 12:51:00,1,14,14,114,270.92,United Kingdom
18239,0,True,2010-01-01,2010-12-31,2011-01-01,2011-06-30,2010-10-13 10:11:00,2010-12-02 17:48:00,2,37,35,257,588.75,United Kingdom
18241,0,True,2010-01-01,2010-12-31,2011-01-01,2011-06-30,2010-04-01 11:55:00,2010-10-20 11:58:00,4,55,42,420,913.9,United Kingdom
18242,0,True,2010-01-01,2010-12-31,2011-01-01,2011-06-30,2010-01-11 08:49:00,2010-09-20 13:57:00,4,62,46,1004,1372.72,United Kingdom
18243,1,False,2010-01-01,2010-12-31,2011-01-01,2011-06-30,2010-10-21 14:29:00,2010-10-21 14:29:00,1,26,26,221,515.78,United Kingdom
18244,1,False,2010-01-01,2010-12-31,2011-01-01,2011-06-30,2010-07-25 10:30:00,2010-10-05 11:15:00,2,19,19,856,568.64,United Kingdom
18245,0,True,2010-01-01,2010-12-31,2011-01-01,2011-06-30,2010-03-08 15:26:00,2010-12-19 14:58:00,14,310,239,3607,4123.65,United Kingdom
18246,0,True,2010-01-01,2010-12-31,2011-01-01,2011-06-30,2010-04-09 10:19:00,2010-04-09 10:19:00,1,1,1,48,162.72,United Kingdom
18247,1,False,2010-01-01,2010-12-31,2011-01-01,2011-06-30,2010-03-18 15:52:00,2010-10-21 09:49:00,3,37,28,335,839.73,United Kingdom
18251,1,False,2010-01-01,2010-12-31,2011-01-01,2011-06-30,2010-03-11 10:13:00,2010-09-20 13:26:00,7,69,59,23394,18679.26,United Kingdom
18252,0,True,2010-01-01,2010-12-31,2011-01-01,2011-06-30,2010-01-11 13:24:00,2010-06-09 12:25:00,3,20,16,383,525.45,United Kingdom
18253,1,False,2010-01-01,2010-12-31,2011-01-01,2011-06-30,2010-03-07 12:38:00,2010-03-07 12:38:00,1,7,7,128,317.88,United Kingdom
18254,1,False,2010-01-01,2010-12-31,2011-01-01,2011-06-30,2010-05-07 14:37:00,2010-05-07 14:37:00,1,16,16,188,267.9,United Kingdom
18255,1,False,2010-01-01,2010-12-31,2011-01-01,2011-06-30,2010-09-09 16:31:00,2010-09-09 16:31:00,1,13,13,127,199.85,United Kingdom
18256,1,False,2010-01-01,2010-12-31,2011-01-01,2011-06-30,2010-11-17 08:53:00,2010-11-17 08:53:00,1,10,10,180,110.7,United Kingdom
18257,0,True,2010-01-01,2010-12-31,2011-01-01,2011-06-30,2010-02-18 16:20:00,2010-09-19 13:02:00,4,158,134,1328,2262.52,United Kingdom
18258,1,False,2010-01-01,2010-12-31,2011-01-01,2011-06-30,2010-05-16 11:35:00,2010-09-01 14:20:00,6,50,30,1981,2059.67,United Kingdom
18259,1,False,2010-01-01,2010-12-31,2011-01-01,2011-06-30,2010-01-28 16:39:00,2010-12-08 13:38:00,4,45,35,580,1623.2,United Kingdom
18260,0,True,2010-01-01,2010-12-31,2011-01-01,2011-06-30,2010-04-28 15:01:00,2010-12-16 18:23:00,17,282,168,3629,7241.2300000000005,United Kingdom
18262,1,False,2010-01-01,2010-12-31,2011-01-01,2011-06-30,2010-04-16 09:05:00,2010-11-11 13:30:00,2,29,27,370,428.06,United Kingdom
18264,1,False,2010-01-01,2010-12-31,2011-01-01,2011-06-30,2010-07-29 10:02:00,2010-07-29 10:02:00,1,36,36,241,603.25,United Kingdom
18266,1,False,2010-01-01,2010-12-31,2011-01-01,2011-06-30,2010-10-01 15:33:00,2010-10-01 15:33:00,1,14,14,138,251.1,United Kingdom
18267,1,False,2010-01-01,2010-12-31,2011-01-01,2011-06-30,2010-02-05 08:43:00,2010-02-05 08:43:00,1,17,17,135,269.37,United Kingdom
18268,1,False,2010-01-01,2010-12-31,2011-01-01,2011-06-30,2010-01-14 09:33:00,2010-04-27 15:47:00,4,53,32,563,1089.55,United Kingdom
18269,1,False,2010-01-01,2010-12-31,2011-01-01,2011-06-30,2010-12-08 13:53:00,2010-12-08 13:53:00,1,7,7,76,168.6,United Kingdom
18270,0,True,2010-01-01,2010-12-31,2011-01-01,2011-06-30,2010-10-03 10:49:00,2010-10-03 10:49:00,1,6,6,108,161.4,United Kingdom
18271,1,False,2010-01-01,2010-12-31,2011-01-01,2011-06-30,2010-04-09 09:26:00,2010-04-09 09:26:00,1,12,12,230,488.3,United Kingdom
18272,0,True,2010-01-01,2010-12-31,2011-01-01,2011-06-30,2010-03-04 12:53:00,2010-06-09 14:37:00,3,60,50,830,1307.4,United Kingdom
18273,0,True,2010-01-01,2010-12-31,2011-01-01,2011-06-30,2010-04-28 12:24:00,2010-04-28 12:24:00,1,1,1,60,153.0,United Kingdom
18275,1,False,2010-01-01,2010-12-31,2011-01-01,2011-06-30,2010-05-10 15:46:00,2010-05-10 15:46:00,1,10,10,193,369.21000000000004,United Kingdom
18276,1,False,2010-01-01,2010-12-31,2011-01-01,2011-06-30,2010-04-20 10:40:00,2010-11-12 10:11:00,4,64,58,867,1102.6100000000001,United Kingdom
18277,1,False,2010-01-01,2010-12-31,2011-01-01,2011-06-30,2010-08-02 10:26:00,2010-11-07 15:52:00,4,56,48,381,1069.67,United Kingdom
18278,1,False,2010-01-01,2010-12-31,2011-01-01,2011-06-30,2010-10-31 12:13:00,2010-10-31 12:13:00,1,15,15,74,240.3,United Kingdom
18279,1,False,2010-01-01,2010-12-31,2011-01-01,2011-06-30,2010-07-08 14:48:00,2010-07-08 14:48:00,1,13,13,630,231.33999999999997,United Kingdom
18280,0,True,2010-01-01,2010-12-31,2011-01-01,2011-06-30,2010-11-10 15:51:00,2010-11-10 15:51:00,1,20,20,149,307.55,United Kingdom
18281,0,True,2010-01-01,2010-12-31,2011-01-01,2011-06-30,2010-05-11 10:49:00,2010-05-11 10:49:00,1,10,10,92,120.32,United Kingdom
18283,0,True,2010-01-01,2010-12-31,2011-01-01,2011-06-30,2010-02-19 17:16:00,2010-11-22 15:30:00,6,217,158,322,619.37,United Kingdom
18284,1,False,2010-01-01,2010-12-31,2011-01-01,2011-06-30,2010-10-04 11:33:00,2010-10-04 11:33:00,1,28,28,494,461.68,United Kingdom
18285,1,False,2010-01-01,2010-12-31,2011-01-01,2011-06-30,2010-02-17 10:24:00,2010-02-17 10:24:00,1,12,12,145,427.0,United Kingdom
18286,1,False,2010-01-01,2010-12-31,2011-01-01,2011-06-30,2010-08-20 11:57:00,2010-08-20 11:57:00,1,50,50,494,833.48,United Kingdom
18287,0,True,2010-01-01,2010-12-31,2011-01-01,2011-06-30,2010-05-17 11:55:00,2010-11-22 11:51:00,4,85,77,1427,2345.71,United Kingdom
