Customer ID,churn,recency_days,frequency,monetary,avg_order_value,purchase_interval_days,product_diversity,cancellation_rate,spending_trend,order_trend,obs_n_lines,avg_line_quantity,country,purchase_interval_imputed
12346,0,186,6,259.36,43.22666666666667,34.6,25,0.4,-0.9999999999961444,-0.9999999998333333,28,1.5714285714285714,United Kingdom,0
12347,0,24,2,1323.32,661.66,37.0,70,0.0,0.9999999999992444,0.9999999995,71,11.661971830985916,Iceland,0
12348,0,15,2,1114.96,557.48,80.0,21,0.0,0.9999999999991032,0.9999999995,37,43.972972972972975,Finland,0
12349,1,64,3,2671.14,890.38,90.0,90,0.0,0.050203283991086096,-0.3333333332222222,102,9.735294117647058,Italy,0
12351,1,32,1,300.93,300.93,48.75,21,0.0,0.999999999996677,0.9999999989999999,21,12.428571428571429,Unspecified,1
12352,0,32,2,343.8,171.9,16.0,18,0.0,0.9999999999970913,0.9999999995,18,10.444444444444445,Norway,0
12353,0,65,1,317.76,317.76,48.75,20,0.0,0.999999999996853,0.9999999989999999,20,9.6,Bahrain,1
12355,0,224,1,488.21000000000004,488.21000000000004,48.75,22,0.0,-0.9999999999979517,-0.9999999989999999,22,13.772727272727273,Bahrain,1
12356,0,37,3,3560.3,1186.7666666666667,21.5,68,0.0,0.9999999999997191,0.9999999996666666,83,21.987951807228917,Portugal,0
12357,1,45,2,12079.99,6039.995,0.0,165,0.0,0.9999999999999172,0.9999999995,165,23.509090909090908,Switzerland,0
12358,1,32,2,1289.18,644.59,174.0,40,0.0,0.5840766999173241,0.0,41,12.731707317073171,Austria,0
12359,0,82,4,1724.47,431.1175,71.66666666666667,78,0.2,-0.3605803522239525,-0.499999999875,83,6.27710843373494,Cyprus,0
12360,0,36,5,1590.83,318.166,68.5,74,0.16666666666666666,0.019329532382454863,-0.19999999996,88,14.704545454545455,Austria,0
12361,0,119,3,321.35,107.11666666666667,109.5,14,0.0,-0.2904932316779508,-0.3333333332222222,19,7.578947368421052,Belgium,0
12366,1,290,1,500.24,500.24,48.75,3,0.0,-0.9999999999980009,-0.9999999989999999,3,98.66666666666667,Cyprus,1
12368,1,285,1,917.6999999999999,917.6999999999999,48.75,18,0.0,-0.9999999999989103,-0.9999999989999999,18,18.333333333333332,Cyprus,1
12369,1,70,3,1791.1499999999999,597.05,113.5,90,0.0,0.6110655165672272,0.3333333332222222,93,13.344086021505376,Austria,0
12370,0,14,5,2638.89,527.778,77.5,115,0.0,0.41291982613886413,-0.19999999996,125,9.752,Cyprus,0
12371,1,66,3,2179.42,726.4733333333334,117.5,91,0.0,0.4423470464616997,-0.3333333332222222,104,8.125,Switzerland,0
12373,0,281,2,763.0500000000001,381.52500000000003,49.0,31,0.0,-0.9999999999986895,-0.9999999995,37,8.621621621621621,Austria,0
12374,1,78,3,2246.29,748.7633333333333,83.0,47,0.0,-0.2362962929985726,0.3333333332222222,50,20.4,Austria,0
12376,1,46,2,503.15,251.575,28.0,11,0.0,0.9999999999980126,0.9999999995,13,18.46153846153846,Switzerland,0
12377,0,11,3,2799.7200000000003,933.2400000000001,117.0,107,0.0,0.1349420656350867,0.3333333332222222,118,14.957627118644067,Switzerland,0
12378,1,219,1,1407.7,1407.7,48.75,82,0.0,-0.9999999999992897,-0.9999999989999999,82,9.597560975609756,Switzerland,1
12379,0,79,2,767.98,383.99,112.0,37,0.0,0.04299591135180211,0.0,41,9.951219512195122,Belgium,0
12380,0,122,7,6951.49,993.0699999999999,32.666666666666664,119,0.3,-0.6729219203364065,-0.7142857141836735,173,12.878612716763005,Belgium,0
12383,0,9,1,600.72,600.72,48.75,37,0.0,0.9999999999983353,0.9999999989999999,37,20.37837837837838,Belgium,1
12385,1,36,1,1938.4,1938.4,48.75,65,0.5,0.9999999999994841,0.9999999989999999,65,9.415384615384616,Belgium,1
12386,0,23,1,258.9,258.9,48.75,8,0.0,0.9999999999961375,0.9999999989999999,8,26.75,Australia,1
12387,1,72,1,143.94,143.94,48.75,9,0.0,0.9999999999930528,0.9999999989999999,9,14.88888888888889,Australia,1
12388,0,102,2,1120.45,560.225,136.0,36,0.0,0.1760096389841796,0.0,46,11.717391304347826,Australia,0
12389,1,59,3,1433.33,477.77666666666664,126.0,41,0.0,0.21437491715082055,-0.3333333332222222,49,12.53061224489796,Australia,0
12391,1,121,5,2285.1800000000003,457.03600000000006,49.5,159,0.16666666666666666,-0.6648053982615527,-0.59999999988,174,5.235632183908046,Cyprus,0
12392,1,248,1,234.75000000000003,234.75000000000003,48.75,7,0.0,-0.9999999999957402,-0.9999999989999999,7,10.428571428571429,Australia,1
12393,0,39,2,816.8499999999999,408.42499999999995,46.0,38,0.3333333333333333,0.9999999999987758,0.9999999995,43,11.511627906976743,Australia,0
12395,0,14,5,2382.46,476.492,61.0,94,0.0,0.0552286292319471,0.59999999988,117,15.726495726495726,Belgium,0
12396,1,331,1,931.43,931.43,48.75,65,0.0,-0.9999999999989264,-0.9999999989999999,65,9.092307692307692,RSA,1
12399,0,42,3,853.6500000000001,284.55,129.0,40,0.0,0.5174134598482781,0.3333333332222222,51,20.0,Belgium,0
12400,1,71,1,205.25,205.25,48.75,11,0.0,0.9999999999951279,0.9999999989999999,11,8.272727272727273,Australia,1
12402,0,49,5,1031.3,206.26,69.0,40,0.16666666666666666,0.01997478910111514,0.19999999996,59,8.305084745762711,Belgium,0
12403,1,178,1,591.6600000000001,591.6600000000001,48.75,4,0.0,0.9999999999983099,0.9999999989999999,4,41.0,Denmark,1
12404,1,339,1,63.24,63.24,48.75,1,0.0,-0.9999999999841873,-0.9999999989999999,1,1.0,Finland,1
12406,0,56,3,2975.0600000000004,991.6866666666668,148.5,44,0.25,-0.09523841535965817,-0.3333333332222222,61,26.19672131147541,Denmark,0
12408,0,42,3,1452.2199999999998,484.07333333333327,56.0,41,0.4,0.9999999999993114,0.9999999996666666,54,15.185185185185185,Belgium,0
12409,0,77,4,12346.619999999999,3086.6549999999997,47.666666666666664,125,0.3333333333333333,-0.13612956420460537,0.0,155,48.980645161290326,Switzerland,0
12410,0,159,1,320.38,320.38,48.75,14,0.0,0.9999999999968787,0.9999999989999999,14,9.285714285714286,Switzerland,1
12411,1,66,1,346.9,346.9,48.75,22,0.0,0.9999999999971173,0.9999999989999999,22,6.2727272727272725,Australia,1
12412,0,59,3,1370.05,456.68333333333334,68.5,50,0.4,0.020648881427670025,0.3333333332222222,66,17.696969696969695,Denmark,0
12413,0,59,1,241.35,241.35,48.75,13,0.0,0.9999999999958566,0.9999999989999999,13,2.5384615384615383,Spain,1
12414,0,120,3,390.0,130.0,0.0,9,0.4,0.9999999999974359,0.9999999996666666,10,19.5,Austria,0
12415,0,32,7,19543.84,2791.977142857143,25.0,169,0.0,0.7618953081891398,0.7142857141836735,212,66.38207547169812,Australia,0
12416,1,313,1,202.56,202.56,48.75,11,0.0,-0.9999999999950633,-0.9999999989999999,11,12.0,Australia,1
12417,0,14,10,3122.05,312.20500000000004,37.666666666666664,136,0.2857142857142857,0.05504396149963808,0.19999999998,169,7.337278106508876,Belgium,0
12418,1,70,3,1352.6200000000001,450.8733333333334,107.5,61,0.25,-0.3001582114708491,-0.3333333332222222,68,10.014705882352942,Switzerland,0
12419,1,42,2,503.01,251.505,27.0,23,0.0,0.999999999998012,0.9999999995,25,9.24,Spain,0
12421,0,72,2,291.56,145.78,90.0,18,0.3333333333333333,0.9999999999965702,0.9999999995,20,8.4,Spain,0
12422,0,51,13,4353.24,334.8646153846154,21.833333333333332,106,0.23529411764705882,-0.19512822633252586,0.07692307691715976,128,16.921875,Switzerland,0
12423,0,10,3,1001.01,333.67,55.5,51,0.0,0.999999999999001,0.9999999996666666,56,11.464285714285714,Belgium,0
12424,0,79,2,1579.07,789.535,125.0,59,0.3333333333333333,0.4344265928676788,0.0,62,20.725806451612904,Australia,0
12425,1,105,1,964.21,964.21,48.75,55,0.5,0.9999999999989629,0.9999999989999999,55,11.836363636363636,Portugal,1
12426,0,319,1,762.48,762.48,48.75,47,0.5,-0.9999999999986885,-0.9999999989999999,47,6.9361702127659575,Germany,1
12427,1,28,1,303.5,303.5,48.75,10,0.5,0.9999999999967052,0.9999999989999999,10,7.9,Germany,1
12429,0,22,5,3735.51,747.1020000000001,45.0,70,0.16666666666666666,0.24649646233037883,0.19999999996,76,23.513157894736842,Denmark,0
12431,0,14,14,4718.72,337.0514285714286,25.53846153846154,133,0.17647058823529413,-0.021149803336493588,0.14285714284693876,179,10.87709497206704,Australia,0
12433,1,23,5,7205.389999999999,1441.078,27.25,163,0.16666666666666666,0.9999999999998611,0.9999999998,286,21.136363636363637,Norway,0
12434,0,38,1,297.29,297.29,48.75,20,0.5,0.9999999999966364,0.9999999989999999,20,6.9,Australia,1
12435,0,53,3,5088.04,1696.0133333333333,120.0,67,0.0,0.7134928184525448,0.3333333332222222,75,32.306666666666665,Denmark,0
12437,0,52,20,7153.71,357.6855,15.0,207,0.2,-0.24243224844168373,0.099999999995,337,14.287833827893175,France,0
12439,1,339,1,76.52000000000001,76.52000000000001,48.75,4,0.0,-0.9999999999869315,-0.9999999989999999,4,8.0,Cyprus,1
12440,1,119,1,290.69,290.69,48.75,11,0.5,0.99999999999656,0.9999999989999999,11,6.909090909090909,Austria,1
12441,1,23,1,173.55,173.55,48.75,11,0.0,0.999999999994238,0.9999999989999999,11,11.0,France,1
12445,1,77,1,301.58000000000004,301.58000000000004,48.75,20,0.5,0.9999999999966842,0.9999999989999999,20,7.2,Spain,1
12449,0,67,2,768.6,384.3,28.0,10,0.0,0.9999999999986989,0.9999999995,10,72.9,Denmark,0
12450,0,56,3,490.32000000000005,163.44000000000003,37.0,25,0.4,0.9999999999979605,0.9999999996666666,29,10.827586206896552,Spain,0
12451,0,120,3,3634.36,1211.4533333333334,33.0,147,0.25,-0.1838508017917367,0.3333333332222222,157,17.73248407643312,Switzerland,0
12454,1,52,4,13151.44,3287.86,7.666666666666667,9,0.42857142857142855,0.999999999999924,0.99999999975,25,267.88,Spain,0
12455,0,102,3,1776.6599999999999,592.2199999999999,90.0,43,0.0,-0.4561255389323472,-0.3333333332222222,48,14.5,Cyprus,0
12457,0,92,1,632.68,632.68,48.75,22,0.5,0.9999999999984195,0.9999999989999999,22,11.409090909090908,Switzerland,1
12458,0,84,2,830.09,415.045,60.0,44,0.0,0.9999999999987953,0.9999999995,46,10.434782608695652,Switzerland,0
12459,1,262,1,454.36,454.36,48.75,23,0.0,-0.9999999999977991,-0.9999999989999999,23,11.217391304347826,Spain,1
12460,1,113,1,326.65,326.65,48.75,18,0.0,0.9999999999969387,0.9999999989999999,18,9.444444444444445,Belgium,1
12466,1,339,1,56.73,56.73,48.75,1,0.0,-0.9999999999823727,-0.9999999989999999,1,1.0,France,1
12467,1,80,1,132.8,132.8,48.75,9,0.5,0.9999999999924699,0.9999999989999999,9,14.333333333333334,USA,1
12468,0,183,3,2941.2,980.4,77.5,102,0.5714285714285714,-0.5840745274035822,-0.3333333332222222,112,16.383928571428573,Germany,0
12469,1,179,2,3070.54,1535.27,14.0,76,0.0,-0.2745901372396143,0.0,76,33.578947368421055,Thailand,0
12470,1,346,1,211.95,211.95,48.75,23,0.0,-0.999999999995282,-0.9999999989999999,23,4.130434782608695,Unspecified,1
12471,0,14,46,20687.28,449.7234782608695,7.333333333333333,154,0.3783783783783784,0.2831914103738972,0.08695652173724008,631,13.876386687797147,Germany,0
12472,0,26,12,10022.05,835.1708333333332,26.454545454545453,285,0.4782608695652174,0.0396495726922097,-0.16666666665277777,507,12.424063116370808,Germany,0
12474,0,35,13,5048.66,388.35846153846154,23.583333333333332,197,0.48,0.5380675268287947,0.3846153845857988,286,10.863636363636363,Germany,0
12475,1,66,1,426.26,426.26,48.75,25,0.0,0.999999999997654,0.9999999989999999,25,9.44,Germany,1
12476,0,18,13,7279.9400000000005,559.9953846153846,11.416666666666666,225,0.38095238095238093,0.9999999999998626,0.9999999999230769,283,11.395759717314487,Germany,0
12477,0,56,3,7056.63,2352.21,111.5,209,0.0,0.4271401504683642,0.3333333332222222,264,9.340909090909092,Germany,0
12480,0,56,3,2183.2200000000003,727.7400000000001,53.5,79,0.25,0.9999999999995419,0.9999999996666666,88,14.147727272727273,Germany,0
12481,0,11,7,7397.03,1056.7185714285713,41.666666666666664,144,0.2222222222222222,0.1143472447725487,0.4285714285102041,186,22.489247311827956,Germany,0
12482,1,233,29,23691.4,816.944827586207,2.642857142857143,42,0.09375,-0.9999999999999578,-0.9999999999655173,204,132.55882352941177,Sweden,0
12483,0,35,11,2612.2000000000003,237.4727272727273,29.5,35,0.21428571428571427,-0.01806906056197151,-0.09090909090082644,63,16.666666666666668,Sweden,0
12484,0,140,6,1826.78,304.4633333333333,39.2,110,0.14285714285714285,0.22798585489208997,0.0,128,8.4296875,Spain,0
12485,1,186,1,708.1,708.1,48.75,34,0.0,-0.9999999999985878,-0.9999999989999999,34,12.176470588235293,Sweden,1
12486,1,88,1,1037.28,1037.28,48.75,49,0.0,0.999999999999036,0.9999999989999999,49,10.673469387755102,Sweden,1
12490,0,35,10,3801.77,380.177,32.77777777777778,110,0.09090909090909091,-0.022276465961901373,-0.19999999998,196,12.244897959183673,France,0
12492,1,60,1,452.0,452.0,48.75,22,0.0,0.9999999999977877,0.9999999989999999,22,11.454545454545455,Germany,1
12494,0,15,4,631.72,157.93,71.66666666666667,29,0.5,-0.09184448806418688,0.499999999875,35,8.114285714285714,France,0
12495,1,297,1,357.4,357.4,48.75,17,0.5,-0.999999999997202,-0.9999999989999999,17,7.647058823529412,Sweden,1
12496,1,277,2,45.34,22.67,0.0,10,0.0,-0.9999999999779445,-0.9999999995,10,3.0,Spain,0
12497,1,57,2,5205.400000000001,2602.7000000000003,244.0,30,0.3333333333333333,0.5344219464401324,0.0,43,103.46511627906976,Germany,0
12499,1,217,1,393.72,393.72,48.75,27,0.0,-0.9999999999974601,-0.9999999989999999,27,11.185185185185185,Germany,1
12500,0,92,8,1697.39,212.17375,33.57142857142857,61,0.3333333333333333,-0.563624152374785,-0.4999999999375,85,8.223529411764705,Germany,0
12503,1,241,1,1126.0,1126.0,48.75,2,0.0,-0.9999999999991119,-0.9999999989999999,2,280.5,Spain,1
12504,1,74,2,297.0,148.5,179.0,8,0.0,0.09494949494917532,0.0,11,33.45454545454545,Germany,0
12505,1,65,1,955.2,955.2,48.75,42,0.5,0.9999999999989531,0.9999999989999999,42,7.714285714285714,Italy,1
12507,0,241,1,539.25,539.25,48.75,28,0.0,-0.9999999999981456,-0.9999999989999999,28,12.928571428571429,Spain,1
12510,0,116,6,3759.57,626.595,47.2,77,0.5,-0.5844099192193298,-0.6666666665555555,95,12.547368421052632,Spain,0
12511,1,85,1,3084.02,3084.02,48.75,190,0.5,0.9999999999996757,0.9999999989999999,190,9.226315789473684,Greece,1
12514,0,298,1,580.08,580.08,48.75,33,0.0,-0.9999999999982762,-0.9999999989999999,33,12.121212121212121,Italy,1
12515,1,10,1,383.7,383.7,48.75,16,0.0,0.9999999999973939,0.9999999989999999,16,8.1875,Italy,1
12516,0,87,2,1336.56,668.28,168.0,38,0.0,-0.031693302208631355,0.0,48,22.4375,Germany,0
12519,1,133,1,385.7,385.7,48.75,22,0.5,0.9999999999974073,0.9999999989999999,22,9.636363636363637,Germany,1
12523,0,31,11,2488.02,226.18363636363637,28.8,103,0.26666666666666666,-0.229724841440089,0.09090909090082644,139,9.611510791366907,France,0
12524,0,45,9,6640.39,737.8211111111111,34.75,65,0.1,0.31251628292911826,0.3333333332962963,96,36.239583333333336,Germany,0
12525,1,155,3,973.73,324.57666666666665,74.0,56,0.5714285714285714,-0.4661764554851282,-0.3333333332222222,60,8.483333333333333,France,0
12527,0,151,2,386.8,193.4,34.0,13,0.0,-0.5604963805569791,0.0,14,20.857142857142858,Germany,0
12529,1,185,1,316.48,316.48,48.75,21,0.5,-0.9999999999968403,-0.9999999989999999,21,9.142857142857142,France,1
12530,0,72,5,2096.98,419.396,56.25,66,0.2857142857142857,0.37286955526501314,0.19999999996,92,19.565217391304348,Germany,0
12531,1,343,1,1807.98,1807.98,48.75,110,0.5,-0.9999999999994469,-0.9999999989999999,110,9.763636363636364,Germany,1
12533,1,284,1,437.96999999999997,437.96999999999997,48.75,28,0.6666666666666666,-0.9999999999977167,-0.9999999989999999,28,7.857142857142857,Germany,1
12537,1,65,1,732.94,732.94,48.75,43,0.0,0.9999999999986356,0.9999999989999999,43,10.44186046511628,Sweden,1
12538,1,35,1,276.5,276.5,48.75,13,0.0,0.9999999999963834,0.9999999989999999,13,11.153846153846153,Spain,1
12539,0,107,1,497.34000000000003,497.34000000000003,48.75,24,0.0,0.9999999999979893,0.9999999989999999,24,14.166666666666666,Spain,1
12540,0,18,16,9322.66,582.66625,21.933333333333334,169,0.058823529411764705,0.08253438396336646,-0.249999999984375,306,14.911764705882353,Spain,0
12542,1,141,2,481.88,240.94,156.0,39,0.5,-0.5140283888094256,0.0,39,13.384615384615385,Spain,0
12543,1,105,1,980.25,980.25,48.75,43,0.0,0.9999999999989798,0.9999999989999999,43,16.0,Spain,1
12547,0,157,1,175.78,175.78,48.75,13,0.0,0.9999999999943111,0.9999999989999999,13,13.461538461538462,Spain,1
12549,1,232,6,1575.68,262.61333333333334,24.0,38,0.0,-0.9999999999993654,-0.9999999998333333,49,27.877551020408163,USA,0
12551,1,14,1,168.0,168.0,48.75,10,0.0,0.9999999999940477,0.9999999989999999,10,10.0,Spain,1
12553,0,42,2,916.47,458.235,37.0,39,0.3333333333333333,0.9999999999989089,0.9999999995,47,7.659574468085107,France,0
12554,1,105,1,468.5,468.5,48.75,26,0.0,0.9999999999978656,0.9999999989999999,26,9.23076923076923,Spain,1
12555,1,339,1,129.23,129.23,48.75,1,0.0,-0.999999999992262,-0.9999999989999999,1,1.0,Spain,1
12557,0,28,3,4772.54,1590.8466666666666,87.0,15,0.0,0.28400390567700134,0.3333333332222222,22,82.81818181818181,Spain,0
12562,0,42,2,1185.1799999999998,592.5899999999999,49.0,33,0.0,0.9999999999991562,0.9999999995,39,14.051282051282051,France,0
12563,1,65,1,249.24,249.24,48.75,13,0.0,0.9999999999959879,0.9999999989999999,13,8.692307692307692,Italy,1
12567,0,24,7,4308.58,615.5114285714286,49.166666666666664,146,0.125,0.47466218568519675,0.1428571428367347,193,9.2279792746114,France,0
12568,1,301,1,70.0,70.0,48.75,5,0.0,-0.9999999999857142,-0.9999999989999999,5,9.6,Germany,1
12570,1,339,1,77.52,77.52,48.75,1,0.0,-0.9999999999871001,-0.9999999989999999,1,1.0,Spain,1
12573,0,38,4,556.87,139.2175,27.0,83,0.0,0.9999999999982042,0.99999999975,91,4.34065934065934,France,0
12575,1,114,2,622.8199999999999,311.40999999999997,69.0,34,0.0,0.9999999999983944,0.9999999995,38,8.289473684210526,France,0
12576,0,49,3,826.89,275.63,66.0,51,0.4,0.9999999999987906,0.9999999996666666,54,9.75925925925926,Poland,0
12577,1,16,5,975.8399999999999,195.16799999999998,12.5,182,0.0,0.9999999999989753,0.9999999998,206,3.7718446601941746,France,0
12578,0,42,2,1847.94,923.97,58.0,53,0.3333333333333333,0.9999999999994589,0.9999999995,58,20.413793103448278,Italy,0
12580,0,233,1,637.2,637.2,48.75,34,0.0,-0.9999999999984307,-0.9999999989999999,34,9.735294117647058,Germany,1
12582,0,79,2,1469.04,734.52,155.0,79,0.0,-0.13966944399053824,0.0,81,8.45679012345679,Finland,0
12583,0,30,12,6348.62,529.0516666666666,24.90909090909091,81,0.07692307692307693,0.23825650298801346,0.16666666665277777,196,18.040816326530614,France,0
12585,0,8,1,1262.85,1262.85,48.75,65,0.0,0.9999999999992082,0.9999999989999999,65,13.415384615384616,Germany,1
12586,1,31,2,1443.38,721.69,40.0,60,0.3333333333333333,0.9999999999993072,0.9999999995,64,7.046875,Italy,0
12588,1,56,3,743.88,247.96,99.0,27,0.25,0.11571758885826253,0.3333333332222222,36,10.694444444444445,Finland,0
12589,1,78,6,4048.98,674.83,53.4,100,0.3333333333333333,0.6465776565948346,0.6666666665555555,145,10.055172413793104,France,0
12591,0,47,2,886.1,443.05,18.0,38,0.0,0.9999999999988715,0.9999999995,42,10.119047619047619,Italy,0
12592,0,176,3,2145.06,715.02,0.0,32,0.5,0.9999999999995338,0.9999999996666666,63,25.158730158730158,Germany,0
12594,0,35,5,1751.89,350.37800000000004,66.5,60,0.16666666666666666,0.5332583666779689,0.19999999996,81,12.234567901234568,Italy,0
12595,1,161,1,299.02,299.02,48.75,19,0.0,0.9999999999966558,0.9999999989999999,19,14.263157894736842,Germany,1
12598,0,120,3,1511.01,503.67,92.0,69,0.5,0.1400321639167576,-0.3333333332222222,74,12.72972972972973,France,0
12599,0,38,6,1264.14,210.69000000000003,38.6,37,0.0,0.06864745993318092,0.33333333327777775,71,17.366197183098592,France,0
12600,0,14,11,2209.29,200.84454545454545,33.3,31,0.26666666666666666,0.13192020966005735,0.2727272727024793,64,9.078125,Germany,0
12601,0,61,1,104.19999999999999,104.19999999999999,48.75,6,0.0,0.999999999990403,0.9999999989999999,6,7.5,Germany,1
12605,1,33,4,1232.95,308.2375,27.0,63,0.2,0.999999999999189,0.99999999975,76,12.223684210526315,Germany,0
12606,1,339,1,21.0,21.0,48.75,1,0.0,-0.999999999952381,-0.9999999989999999,1,1.0,Spain,1
12608,1,61,1,415.79,415.79,48.75,16,0.0,0.9999999999975949,0.9999999989999999,16,20.1875,United Kingdom,1
12609,0,31,5,1978.4099999999999,395.68199999999996,60.5,77,0.16666666666666666,0.2972639644965921,0.19999999996,98,7.86734693877551,Germany,0
12613,0,45,4,2139.88,534.97,73.33333333333333,87,0.3333333333333333,-0.10266930855931046,0.0,111,14.558558558558559,Germany,0
12615,0,70,4,3449.79,862.4475,72.33333333333333,147,0.3333333333333333,0.33011574617575845,0.499999999875,165,11.763636363636364,France,0
12616,0,45,1,417.8,417.8,48.75,22,0.5,0.9999999999976066,0.9999999989999999,22,9.727272727272727,France,1
12619,0,217,1,140.14,140.14,48.75,10,0.0,-0.9999999999928644,-0.9999999989999999,10,14.0,Germany,1
12621,0,14,17,12005.18,706.1870588235295,18.9375,170,0.2916666666666667,0.4382025092501372,0.41176470585813146,321,21.24922118380062,Germany,0
12623,0,73,6,3442.74,573.79,55.6,109,0.25,-0.5800147556886143,-0.33333333327777775,155,11.483870967741936,Germany,0
12625,0,166,2,2481.06,1240.53,87.0,85,0.0,0.21832603806428766,0.0,97,17.49484536082474,Germany,0
12629,1,42,2,1558.22,779.11,37.0,40,0.0,0.9999999999993583,0.9999999995,45,16.044444444444444,Sweden,0
12631,1,113,5,2841.0699999999997,568.2139999999999,59.0,105,0.16666666666666666,-0.5476915387510524,-0.59999999988,152,9.019736842105264,Finland,0
12632,1,177,2,804.88,402.44,44.0,32,0.5,0.020176920783197286,0.0,35,19.82857142857143,Germany,0
12633,0,39,3,3514.18,1171.3933333333332,71.0,182,0.4,0.9999999999997154,0.9999999996666666,205,10.126829268292683,Germany,0
12634,1,192,2,490.0,245.0,12.0,20,0.0,-0.9999999999979592,-0.9999999995,20,16.85,USA,0
12635,1,49,2,1241.23,620.615,64.0,77,0.0,0.9999999999991943,0.9999999995,78,9.961538461538462,Germany,0
12637,0,35,4,2280.91,570.2275,54.333333333333336,162,0.0,0.38810387082331693,0.499999999875,232,5.443965517241379,France,0
12638,1,296,1,249.8,249.8,48.75,9,0.0,-0.9999999999959969,-0.9999999989999999,9,9.555555555555555,Sweden,1
12639,0,91,2,826.27,413.135,193.0,39,0.0,0.3862054776279108,0.0,42,10.238095238095237,Sweden,0
12643,0,42,6,4960.18,826.6966666666667,44.6,14,0.25,0.08317843304071963,0.0,27,105.81481481481481,France,0
12644,1,87,3,1440.5800000000002,480.1933333333334,131.5,76,0.4,-0.2052506629272895,-0.3333333332222222,80,8.8375,Germany,0
12645,0,66,4,1764.12,441.03,85.66666666666667,72,0.2,0.04004262748563587,0.0,87,11.96551724137931,Germany,0
12647,0,14,28,14426.33,515.2260714285715,12.0,219,0.24324324324324326,-0.2671843774542612,-0.21428571427806123,440,12.568181818181818,Germany,0
12648,1,94,3,793.95,264.65000000000003,131.5,32,0.25,0.21456011083794368,-0.3333333332222222,44,8.136363636363637,Germany,0
12649,0,39,5,1671.1399999999999,334.22799999999995,77.75,75,0.2857142857142857,0.06435128116132445,-0.19999999996,87,15.781609195402298,Germany,0
12651,0,35,3,263.75,87.91666666666667,43.0,21,0.25,0.9999999999962086,0.9999999996666666,21,8.904761904761905,France,0
12652,0,91,1,97.05000000000001,97.05000000000001,48.75,3,0.0,0.999999999989696,0.9999999989999999,3,10.333333333333334,Germany,1
12653,0,183,1,1950.98,1950.98,48.75,43,0.0,0.9999999999994874,0.9999999989999999,43,17.72093023255814,Israel,1
12655,1,80,1,261.35,261.35,48.75,16,0.0,0.9999999999961737,0.9999999989999999,16,5.0,France,1
12656,0,82,3,2356.66,785.5533333333333,68.0,108,0.25,0.19801753328855334,0.3333333332222222,121,9.396694214876034,France,0
12661,1,93,1,162.0,162.0,48.75,11,0.0,0.9999999999938273,0.9999999989999999,11,19.636363636363637,Sweden,1
12662,0,30,10,3138.2400000000002,313.824,26.555555555555557,94,0.09090909090909091,0.23562888752924066,0.19999999998,176,8.653409090909092,Germany,0
12663,1,281,2,239.4,119.7,43.0,9,0.3333333333333333,-0.9999999999958229,-0.9999999995,10,18.1,Germany,0
12664,0,171,1,639.08,639.08,48.75,4,0.0,0.9999999999984353,0.9999999989999999,4,39.5,Finland,1
12665,0,74,2,250.60000000000002,125.30000000000001,251.0,13,0.3333333333333333,-0.34716679967938086,0.0,14,9.142857142857142,Germany,0
12666,1,51,1,1248.42,1248.42,48.75,31,0.5,0.999999999999199,0.9999999989999999,31,11.935483870967742,Israel,1
12668,0,12,7,8045.75,1149.392857142857,53.0,234,0.0,-0.11918714849453202,-0.1428571428367347,399,9.403508771929825,Germany,0
12670,0,42,2,764.24,382.12,280.0,21,0.0,0.4096095467387082,0.0,23,10.0,France,0
12671,1,263,1,2622.481,2622.481,48.75,45,0.0,-0.9999999999996186,-0.9999999989999999,45,32.44444444444444,Germany,1
12672,0,252,1,211.15,211.15,48.75,12,0.5,-0.9999999999952641,-0.9999999989999999,12,5.0,France,1
12673,0,58,1,619.5,619.5,48.75,32,0.0,0.9999999999983858,0.9999999989999999,32,10.90625,Germany,1
12675,1,210,2,957.25,478.625,24.0,111,0.5,-0.9999999999989554,-0.9999999995,112,3.0,Italy,0
12676,0,65,5,1511.6999999999998,302.34,18.5,47,0.16666666666666666,0.9999999999993385,0.9999999998,62,19.306451612903224,Sweden,0
12677,1,212,2,395.1,197.55,111.0,13,0.0,-0.999999999997469,-0.9999999995,21,8.380952380952381,France,0
12678,0,10,11,16874.0,1534.0,34.3,142,0.08333333333333333,-0.05187507407846084,0.45454545450413225,216,53.125,France,0
12681,0,11,24,17150.79,714.61625,14.652173913043478,342,0.2,0.12284390398342449,-0.0833333333298611,828,12.094202898550725,France,0
12682,0,22,20,10672.74,533.637,16.894736842105264,196,0.047619047619047616,-0.12842063050349506,0.0,470,10.697872340425532,France,0
12683,0,22,6,2986.85,497.80833333333334,60.0,106,0.14285714285714285,0.2924184341361995,0.33333333327777775,136,13.058823529411764,France,0
12686,1,28,1,89.14,89.14,48.75,7,0.0,0.9999999999887816,0.9999999989999999,7,15.285714285714286,France,1
12687,1,137,2,2138.91,1069.455,0.0,126,0.0,0.9999999999995325,0.9999999995,126,11.134920634920634,Sweden,0
12691,0,14,2,314.6,157.3,63.0,9,0.0,0.9999999999968214,0.9999999995,12,9.666666666666666,France,0
12692,1,294,1,110.95,110.95,48.75,13,0.0,-0.9999999999909869,-0.9999999989999999,13,2.769230769230769,France,1
12693,0,53,3,847.11,282.37,62.5,35,0.4,0.9999999999988195,0.9999999996666666,40,7.025,Germany,0
12694,0,78,1,973.68,973.68,48.75,46,0.5,0.9999999999989729,0.9999999989999999,46,18.391304347826086,France,1
12695,0,185,3,825.02,275.00666666666666,68.5,28,0.0,-0.999999999998788,-0.9999999996666666,32,7.3125,France,0
12696,1,91,2,851.91,425.955,74.0,43,0.3333333333333333,0.9999999999988262,0.9999999995,49,11.510204081632653,Finland,0
12698,1,247,1,339.75,339.75,48.75,16,0.0,-0.9999999999970567,-0.9999999989999999,16,6.9375,Germany,1
12699,1,74,1,638.11,638.11,48.75,41,0.0,0.9999999999984329,0.9999999989999999,41,9.097560975609756,Germany,1
12701,0,186,4,1648.7,412.175,34.0,80,0.0,-0.9999999999993935,-0.99999999975,94,11.159574468085106,Germany,0
12703,1,290,3,722.98,240.99333333333334,25.0,44,0.4,-0.9999999999986169,-0.9999999996666666,53,8.132075471698114,Germany,0
12705,0,14,6,5751.8099999999995,958.6349999999999,35.0,212,0.25,0.4628230070185798,0.6666666665555555,295,12.162711864406779,Germany,0
12708,0,25,8,2395.72,299.465,44.857142857142854,74,0.42857142857142855,-0.2946504599868538,-0.24999999996875,139,8.071942446043165,Germany,0
12709,0,14,19,20488.25,1078.328947368421,17.555555555555557,152,0.32142857142857145,-0.19738777103948865,-0.052631578944598335,279,35.01433691756272,Germany,0
12711,1,268,2,1339.05,669.525,65.0,56,0.0,-0.9999999999992533,-0.9999999995,60,12.833333333333334,Germany,0
12712,0,22,9,2463.73,273.7477777777778,38.0,87,0.3076923076923077,0.37578387242093253,0.3333333332962963,122,8.942622950819672,Germany,0
12714,0,45,6,8702.2,1450.3666666666668,61.8,307,0.0,-0.19538277676907043,-0.33333333327777775,408,13.39950980392157,France,0
12717,0,247,1,277.93,277.93,48.75,16,0.0,-0.999999999996402,-0.9999999989999999,16,5.875,Greece,1
12720,0,14,7,2662.68,380.3828571428571,24.333333333333332,135,0.5333333333333333,0.9999999999996244,0.9999999998571428,170,10.994117647058824,Germany,0
12721,0,11,3,1643.55,547.85,58.0,83,0.4,0.9999999999993916,0.9999999996666666,93,8.870967741935484,France,0
12724,0,40,3,1286.11,428.7033333333333,75.5,66,0.0,0.11142903795156599,0.3333333332222222,76,12.289473684210526,France,0
12725,1,28,4,2266.7599999999998,566.6899999999999,70.66666666666667,92,0.0,-0.08432299846473193,0.0,106,10.773584905660377,Italy,0
12726,0,14,5,1575.78,315.156,66.25,32,0.0,0.3185850816736356,0.19999999996,61,29.639344262295083,France,0
12727,0,99,3,1698.8300000000002,566.2766666666668,105.5,44,0.0,-0.5231070795779901,-0.3333333332222222,64,11.46875,France,0
12728,0,40,1,233.84,233.84,48.75,15,0.0,0.9999999999957236,0.9999999989999999,15,8.266666666666667,France,1
12730,1,178,1,829.25,829.25,48.75,47,0.0,0.9999999999987941,0.9999999989999999,47,4.9787234042553195,Germany,1
12731,0,21,6,7951.700000000001,1325.2833333333335,56.0,73,0.0,0.1596513952990984,0.0,135,26.82962962962963,France,0
12733,0,46,3,2040.92,680.3066666666667,149.5,106,0.4,-0.10755933598567921,0.3333333332222222,135,5.622222222222222,USA,0
12734,1,9,3,639.6500000000001,213.2166666666667,19.5,17,0.0,0.9999999999984367,0.9999999996666666,19,13.947368421052632,France,0
12737,1,155,2,3710.5,1855.25,0.0,2,0.0,0.9999999999997305,0.9999999995,2,1.0,France,0
12738,1,29,1,155.35,155.35,48.75,11,0.0,0.999999999993563,0.9999999989999999,11,13.454545454545455,Germany,1
12739,1,42,2,1713.69,856.845,8.0,51,0.0,0.9999999999994165,0.9999999995,51,9.117647058823529,United Arab Emirates,0
12741,1,186,2,406.07,203.035,3.0,16,0.0,-0.9999999999975374,-0.9999999995,16,13.375,USA,0
12742,1,282,1,1201.52,1201.52,48.75,67,0.5,-0.9999999999991678,-0.9999999989999999,67,20.28358208955224,United Arab Emirates,1
12744,0,116,4,4037.77,1009.4425,43.666666666666664,110,0.0,0.37938515566751463,0.499999999875,117,14.982905982905983,Singapore,0
12745,1,143,3,925.41,308.46999999999997,97.5,21,0.0,-0.4231097567560075,-0.3333333332222222,23,20.347826086956523,United Kingdom,0
12746,1,197,1,254.55,254.55,48.75,17,0.5,-0.9999999999960716,-0.9999999989999999,17,5.705882352941177,United Kingdom,1
12747,0,18,14,4376.74,312.6242857142857,23.153846153846153,59,0.2631578947368421,0.2696436160246508,0.0,136,10.102941176470589,United Kingdom,0
12748,0,8,155,22840.239999999998,147.35638709677417,1.844155844155844,1388,0.08284023668639054,0.5012416682136219,0.458064516126077,2746,5.026219956300073,United Kingdom,0
12749,0,56,4,2806.48,701.62,40.0,121,0.5,0.9999999999996437,0.99999999975,139,6.39568345323741,United Kingdom,0
12751,1,101,1,268.27,268.27,48.75,61,0.0,0.9999999999962724,0.9999999989999999,62,3.0483870967741935,Brazil,1
12753,0,19,1,3590.59,3590.59,48.75,48,0.0,0.9999999999997214,0.9999999989999999,48,50.1875,Japan,1
12755,0,22,10,5218.709999999999,521.8709999999999,36.0,31,0.4444444444444444,0.9435071119106171,0.39999999996,60,38.166666666666664,Japan,0
12758,0,116,4,4656.97,1164.2425,55.333333333333336,101,0.2,-0.5293291560820598,-0.499999999875,137,19.1021897810219,Portugal,0
12759,0,43,4,2981.04,745.26,59.0,135,0.0,0.19798459597986007,0.499999999875,185,10.913513513513514,Netherlands,0
12760,1,112,1,347.8,347.8,48.75,21,0.0,0.9999999999971249,0.9999999989999999,21,9.428571428571429,Netherlands,1
12761,1,114,2,782.95,391.475,7.0,27,0.0,0.9999999999987228,0.9999999995,27,10.407407407407407,Netherlands,0
12763,1,26,1,320.08,320.08,48.75,16,0.0,0.9999999999968758,0.9999999989999999,16,12.25,Japan,1
12765,1,129,6,1404.58,234.09666666666666,33.4,49,0.0,0.24774665736359075,0.0,68,14.838235294117647,Netherlands,0
12766,0,23,3,3078.65,1026.2166666666667,20.5,132,0.4,0.9999999999996751,0.9999999996666666,145,12.413793103448276,Portugal,0
12767,1,32,1,949.82,949.82,48.75,43,0.0,0.9999999999989472,0.9999999989999999,43,13.906976744186046,Korea,1
12768,1,107,1,168.69000000000003,168.69000000000003,48.75,10,0.5,0.9999999999940721,0.9999999989999999,10,10.2,Korea,1
12770,0,113,1,1895.0,1895.0,48.75,16,0.8333333333333334,0.9999999999994723,0.9999999989999999,16,68.75,Japan,1
12771,1,142,1,282.3,282.3,48.75,15,0.5,0.9999999999964577,0.9999999989999999,15,6.933333333333334,Portugal,1
12773,1,221,1,124.25,124.25,48.75,6,0.5,-0.9999999999919517,-0.9999999989999999,6,18.166666666666668,Portugal,1
12774,1,192,1,98.7,98.7,48.75,6,0.0,-0.9999999999898682,-0.9999999989999999,6,8.833333333333334,Netherlands,1
12775,0,45,2,300.08,150.04,21.0,13,0.0,0.9999999999966676,0.9999999995,15,13.733333333333333,Netherlands,0
12776,1,324,1,55.5,55.5,48.75,4,0.0,-0.9999999999819821,-0.9999999989999999,4,11.5,Portugal,1
12777,1,114,1,519.45,519.45,48.75,26,0.0,0.9999999999980749,0.9999999989999999,26,17.615384615384617,United Kingdom,1
12778,0,53,3,953.45,317.81666666666666,102.5,55,0.0,0.20583145419245283,0.3333333332222222,64,14.21875,Netherlands,0
12779,0,28,6,2369.09,394.84833333333336,55.0,69,0.3333333333333333,0.26130286312454937,0.33333333327777775,106,12.745283018867925,Poland,0
12780,1,255,1,337.4,337.4,48.75,20,0.0,-0.9999999999970361,-0.9999999989999999,20,14.25,Netherlands,1
12782,0,14,7,2750.82,392.9742857142857,26.333333333333332,103,0.2222222222222222,0.9999999999996365,0.9999999998571428,146,7.698630136986301,Portugal,0
12784,1,186,1,1230.33,1230.33,48.75,72,0.0,-0.9999999999991872,-0.9999999989999999,72,8.083333333333334,Portugal,1
12785,1,21,2,733.5,366.75,171.0,32,0.3333333333333333,-0.1494205862301985,0.0,37,7.594594594594595,Portugal,0
12786,1,266,1,728.5,728.5,48.75,18,0.0,-0.9999999999986273,-0.9999999989999999,18,18.0,Netherlands,1
12787,0,70,1,398.52,398.52,48.75,24,0.5,0.9999999999974908,0.9999999989999999,24,10.375,Netherlands,1
12788,1,120,4,444.9,111.225,21.333333333333332,20,0.0,0.2757923128786789,0.499999999875,26,7.461538461538462,Netherlands,0
12789,1,169,2,181.5,90.75,181.0,2,0.0,0.01652892561974364,0.0,4,8.0,Netherlands,0
12790,0,67,1,266.93,266.93,48.75,16,0.5,0.9999999999962538,0.9999999989999999,16,8.75,Netherlands,1
12791,1,30,6,863.51,143.91833333333332,49.8,17,0.25,-0.28570601382695543,-0.33333333327777775,28,12.607142857142858,Netherlands,0
12792,0,191,1,426.47,426.47,48.75,22,0.5,-0.9999999999976552,-0.9999999989999999,22,8.045454545454545,Portugal,1
12793,0,28,2,471.85,235.925,30.0,23,0.0,0.9999999999978807,0.9999999995,27,8.555555555555555,Portugal,0
12796,1,285,1,381.0,381.0,48.75,7,0.0,-0.9999999999973753,-0.9999999989999999,7,26.0,Netherlands,1
12797,1,22,2,552.08,276.04,58.0,27,0.6666666666666666,0.9999999999981887,0.9999999995,30,7.166666666666667,Portugal,0
12798,0,78,1,1533.8899999999999,1533.8899999999999,48.75,25,0.0,0.9999999999993481,0.9999999989999999,25,127.96,Japan,1
12799,1,186,1,219.35,219.35,48.75,15,0.0,-0.9999999999954411,-0.9999999989999999,15,9.133333333333333,Japan,1
12800,1,127,3,584.25,194.75,103.0,31,0.0,-0.3806760804443635,-0.3333333332222222,34,8.352941176470589,Portugal,0
12801,1,157,1,1071.82,1071.82,48.75,50,0.5,0.999999999999067,0.9999999989999999,50,10.1,Sweden,1
12802,0,99,6,1988.84,331.4733333333333,24.0,89,0.14285714285714285,-0.12722994308233584,0.33333333327777775,113,14.672566371681416,Netherlands,0
12803,1,50,1,1092.81,1092.81,48.75,55,0.0,0.999999999999085,0.9999999989999999,55,15.854545454545455,Netherlands,1
12804,1,122,2,325.37,162.685,34.0,60,0.0,0.9999999999969266,0.9999999995,66,4.090909090909091,Netherlands,0
12805,1,38,4,1434.95,358.7375,97.33333333333333,44,0.0,0.2749573155857173,0.0,58,10.224137931034482,Netherlands,0
12806,1,92,4,2878.96,719.74,50.666666666666664,58,0.0,-0.9756856642673133,0.0,67,31.149253731343283,Netherlands,0
12807,1,40,1,330.35,330.35,48.75,16,0.6666666666666666,0.999999999996973,0.9999999989999999,16,9.0625,Sweden,1
12808,0,25,3,422.45000000000005,140.8166666666667,46.5,26,0.0,0.9999999999976329,0.9999999996666666,26,7.1923076923076925,Portugal,0
12809,0,222,2,1266.63,633.315,81.0,52,0.6666666666666666,-0.9999999999992105,-0.9999999995,56,5.321428571428571,Portugal,0
12810,1,191,2,534.99,267.495,142.0,32,0.0,-0.9999999999981308,-0.9999999995,32,12.15625,Japan,0
12811,0,35,2,519.05,259.525,48.0,23,0.0,0.9999999999980734,0.9999999995,25,8.2,Portugal,0
12813,1,158,3,1687.8000000000002,562.6,95.0,37,0.0,-0.2629458466641409,-0.3333333332222222,45,25.355555555555554,Netherlands,0
12817,0,56,2,524.94,262.47,34.0,16,0.0,0.9999999999980951,0.9999999995,21,7.904761904761905,Austria,0
12819,1,115,1,540.52,540.52,48.75,19,0.0,0.9999999999981499,0.9999999989999999,19,18.105263157894736,United Kingdom,1
12820,0,54,6,1598.88,266.48,59.2,85,0.25,-0.169568698088556,0.0,96,12.416666666666666,United Kingdom,0
12821,0,268,1,128.07999999999998,128.07999999999998,48.75,7,0.0,-0.9999999999921925,-0.9999999989999999,7,13.142857142857142,United Kingdom,1
12823,0,51,13,4742.0,364.7692307692308,23.416666666666668,1,0.0,0.18156895824542774,-0.07692307691715976,13,53.84615384615385,United Kingdom,0
12825,1,178,2,518.63,259.315,120.0,20,0.0,0.171548117154481,0.0,24,5.791666666666667,United Kingdom,0
12826,0,22,5,1022.83,204.566,35.5,47,0.2857142857142857,0.9999999999990223,0.9999999998,67,9.985074626865671,United Kingdom,0
12829,0,17,2,178.05,89.025,189.0,13,0.0,-0.036787419264045065,0.0,13,23.0,United Kingdom,0
12831,0,120,2,236.06,118.03,0.0,13,0.0,0.9999999999957638,0.9999999995,13,12.923076923076923,United Kingdom,0
12835,1,84,36,4956.52,137.68111111111114,7.3428571428571425,117,0.16279069767441862,-0.6411595232137385,-0.6111111110941359,513,3.779727095516569,United Kingdom,0
12836,0,46,10,3541.4,354.14,32.666666666666664,151,0.16666666666666666,0.00728525441915426,0.0,208,5.173076923076923,United Kingdom,0
12837,0,226,1,528.5600000000001,528.5600000000001,48.75,73,0.0,-0.9999999999981081,-0.9999999989999999,76,2.236842105263158,United Kingdom,1
12838,1,30,9,2694.75,299.4166666666667,26.75,177,0.18181818181818182,0.5993394563500882,0.3333333332962963,295,5.013559322033898,United Kingdom,0
12839,0,14,11,3845.37,349.5790909090909,32.2,97,0.21428571428571427,0.37992962965842564,0.2727272727024793,227,11.26431718061674,United Kingdom,0
12840,0,94,3,1315.2,438.40000000000003,118.0,57,0.4,0.024194038929421943,-0.3333333332222222,63,11.857142857142858,United Kingdom,0
12841,0,26,17,3472.61,204.27117647058824,8.875,154,0.05555555555555555,0.999999999999712,0.9999999999411765,277,9.418772563176896,United Kingdom,0
12842,0,61,1,401.8,401.8,48.75,11,0.0,0.9999999999975112,0.9999999989999999,11,15.636363636363637,United Kingdom,1
12843,0,39,21,4809.31,229.0147619047619,14.5,55,0.125,-0.41443990925924623,-0.14285714285034012,93,23.64516129032258,United Kingdom,0
12844,1,99,2,322.64,161.32,151.0,43,0.0,0.2373543268031324,0.0,51,1.9215686274509804,United Kingdom,0
12846,1,339,1,15.58,15.58,48.75,1,0.0,-0.9999999999358151,-0.9999999989999999,1,1.0,United Kingdom,1
12847,1,44,1,765.36,765.36,48.75,34,0.0,0.9999999999986935,0.9999999989999999,35,17.82857142857143,United Kingdom,1
12848,1,332,1,208.0,208.0,48.75,16,0.0,-0.9999999999951924,-0.9999999989999999,16,3.625,United Kingdom,1
12849,0,38,4,2032.1799999999998,508.04499999999996,69.33333333333333,80,0.0,0.5425602062806728,0.499999999875,96,13.104166666666666,United Kingdom,0
12850,1,102,1,330.0,330.0,48.75,2,0.0,0.9999999999969698,0.9999999989999999,2,100.0,United Kingdom,1
12851,1,134,1,148.95,148.95,48.75,30,0.0,0.9999999999932864,0.9999999989999999,30,1.7,United Kingdom,1
12853,0,84,5,1950.4,390.08000000000004,60.75,58,0.2857142857142857,0.05246103363409952,0.19999999996,70,12.4,United Kingdom,0
12854,0,218,3,1132.28,377.4266666666667,46.0,91,0.4,-0.9999999999991168,-0.9999999996666666,108,6.462962962962963,United Kingdom,0
12855,1,29,4,612.84,153.21,9.333333333333334,65,0.0,0.9999999999983683,0.99999999975,67,3.582089552238806,United Kingdom,0
12857,0,93,4,2581.6,645.4,82.0,46,0.2,0.5005810350168499,0.0,75,14.36,United Kingdom,0
12858,1,40,1,147.27,147.27,48.75,36,0.5,0.9999999999932099,0.9999999989999999,37,1.3783783783783783,United Kingdom,1
12859,1,115,1,575.1,575.1,48.75,21,0.0,0.9999999999982612,0.9999999989999999,21,13.904761904761905,United Kingdom,1
12860,1,350,1,54.22,54.22,48.75,16,0.0,-0.9999999999815566,-0.9999999989999999,16,1.625,United Kingdom,1
12861,1,276,1,68.25,68.25,48.75,4,0.0,-0.9999999999853479,-0.9999999989999999,4,6.75,United Kingdom,1
12862,1,82,2,984.62,492.31,69.0,119,0.0,0.9999999999989844,0.9999999995,131,4.66412213740458,United Kingdom,0
12863,1,36,5,2271.35,454.27,52.0,23,0.0,-0.20179628855077295,-0.19999999996,43,16.441860465116278,United Kingdom,0
12864,1,165,1,152.45,152.45,48.75,4,0.0,0.9999999999934406,0.9999999989999999,4,57.75,United Kingdom,1
12865,1,35,2,1755.2400000000002,877.6200000000001,98.0,93,0.3333333333333333,0.9999999999994302,0.9999999995,100,10.48,Austria,0
12866,0,131,2,668.23,334.115,28.0,34,0.0,0.9999999999985035,0.9999999995,37,10.324324324324325,Belgium,0
12867,0,17,6,3896.22,649.37,60.2,260,0.14285714285714285,0.3218401424970043,0.33333333327777775,534,6.99812734082397,United Kingdom,0
12868,0,30,3,640.0,213.33333333333334,9.5,30,0.0,0.9999999999984375,0.9999999996666666,39,9.076923076923077,United Kingdom,0
12869,1,338,1,337.66999999999996,337.66999999999996,48.75,35,0.0,-0.9999999999970386,-0.9999999989999999,37,3.891891891891892,United Kingdom,1
12870,1,32,3,1676.95,558.9833333333333,124.0,85,0.25,0.7503801544466142,0.3333333332222222,93,9.741935483870968,United Kingdom,0
12871,0,96,1,363.38,363.38,48.75,7,0.0,0.9999999999972481,0.9999999989999999,7,40.57142857142857,United Kingdom,1
12872,0,22,10,2655.3,265.53000000000003,34.55555555555556,186,0.09090909090909091,0.01660829284825953,0.0,323,4.021671826625387,United Kingdom,0
12873,0,54,2,1653.3000000000002,826.6500000000001,284.0,30,0.0,0.40434282949228556,0.0,31,21.225806451612904,United Kingdom,0
12874,1,42,2,948.42,474.21,169.0,44,0.3333333333333333,-0.03173699415867262,0.0,48,12.979166666666666,Belgium,0
12875,1,19,4,1307.52,326.88,111.33333333333333,2,0.0,-0.008810572687217917,0.0,7,699.4285714285714,United Kingdom,0
12876,0,51,2,1863.77,931.885,195.0,70,0.3333333333333333,0.04973253137455277,0.0,85,13.011764705882353,Belgium,0
12877,0,15,9,1556.43,172.93666666666667,41.0,80,0.0,0.22031829250257304,0.3333333332962963,134,9.171641791044776,United Kingdom,0
12880,1,38,2,640.13,320.065,192.0,32,0.0,-0.05347351319254924,0.0,36,7.75,United Kingdom,0
12887,1,40,1,222.4,222.4,48.75,13,0.0,0.9999999999955036,0.9999999989999999,13,7.6923076923076925,United Kingdom,1
12889,1,38,4,385.46000000000004,96.36500000000001,40.0,25,0.3333333333333333,0.9999999999974057,0.99999999975,25,4.96,United Kingdom,0
12890,1,44,1,329.3,329.3,48.75,56,0.0,0.9999999999969633,0.9999999989999999,56,3.5892857142857144,United Kingdom,1
12891,0,115,8,509.5,63.6875,28.142857142857142,2,0.1111111111111111,0.21687929342450074,0.0,8,171.875,United Kingdom,0
12892,1,53,1,263.38,263.38,48.75,18,0.0,0.9999999999962033,0.9999999989999999,18,7.777777777777778,United Kingdom,1
12894,1,232,1,157.35,157.35,48.75,21,0.0,-0.9999999999936449,-0.9999999989999999,21,1.5714285714285714,United Kingdom,1
12897,0,38,2,297.75,148.875,162.0,9,0.0,0.30041981528026734,0.0,10,13.9,United Kingdom,0
12898,1,120,2,296.21000000000004,148.10500000000002,195.0,27,0.0,0.0306201681238628,0.0,27,8.703703703703704,United Kingdom,0
12899,1,70,1,366.4,366.4,48.75,17,0.0,0.9999999999972707,0.9999999989999999,17,6.352941176470588,United Kingdom,1
12900,1,79,1,340.33,340.33,48.75,13,0.0,0.9999999999970617,0.9999999989999999,13,10.692307692307692,United Kingdom,1
12903,1,85,1,833.53,833.53,48.75,41,0.0,0.9999999999988003,0.9999999989999999,41,12.024390243902438,United Kingdom,1
12905,1,233,2,1018.42,509.21,105.0,52,0.3333333333333333,-0.9999999999990181,-0.9999999995,54,9.851851851851851,United Kingdom,0
12907,1,52,2,508.90999999999997,254.45499999999998,98.0,23,0.3333333333333333,0.999999999998035,0.9999999995,25,7.08,United Kingdom,0
12908,0,37,3,1026.0,342.0,124.0,1,0.0,0.380116959063957,0.3333333332222222,3,600.0,United Kingdom,0
12909,0,81,3,924.52,308.17333333333335,114.0,49,0.4,-0.26900445636625603,-0.3333333332222222,67,9.970149253731343,United Kingdom,0
12910,0,36,5,2721.48,544.296,60.0,38,0.16666666666666666,0.25190705057532964,0.59999999988,62,31.29032258064516,United Kingdom,0
12911,1,208,1,1651.72,1651.72,48.75,220,0.0,-0.9999999999993946,-0.9999999989999999,236,3.419491525423729,United Kingdom,1
12913,0,25,7,3475.27,496.46714285714285,54.666666666666664,25,0.0,0.3314015889411954,0.1428571428367347,39,39.61538461538461,United Kingdom,0
12914,1,57,1,223.98,223.98,48.75,9,0.0,0.9999999999955353,0.9999999989999999,9,37.333333333333336,United Kingdom,1
12915,1,29,3,811.1,270.3666666666667,108.0,40,0.5714285714285714,0.4913081001103547,0.3333333332222222,51,7.03921568627451,United Kingdom,0
12916,0,99,3,1534.78,511.5933333333333,120.5,51,0.0,-0.35853998618671173,-0.3333333332222222,69,8.666666666666666,United Kingdom,0
12917,1,57,4,2212.3,553.075,59.0,38,0.3333333333333333,0.5035935451789977,0.499999999875,41,16.146341463414632,United Kingdom,0
12918,1,283,1,10953.5,10953.5,48.75,1,0.6666666666666666,-0.9999999999999086,-0.9999999989999999,1,1.0,United Kingdom,1
12920,1,228,1,184.96,184.96,48.75,25,0.0,-0.9999999999945934,-0.9999999989999999,25,9.36,United Kingdom,1
12921,0,23,35,16890.25,482.5785714285714,8.911764705882353,193,0.2857142857142857,0.13604594366571632,0.31428571427673474,735,14.480272108843538,United Kingdom,0
12923,1,47,2,597.6,298.8,184.0,28,0.0,-0.4263721552871044,0.0,32,5.0625,United Kingdom,0
12924,0,50,5,1255.35,251.07,61.0,27,0.16666666666666666,-0.3823077229454875,0.19999999996,32,24.46875,United Kingdom,0
12925,1,249,1,35.28,35.28,48.75,5,0.0,-0.9999999999716555,-0.9999999989999999,5,21.6,United Kingdom,1
12926,1,68,3,1153.2,384.40000000000003,117.5,150,0.0,0.6154353104399797,0.3333333332222222,167,3.4550898203592815,United Kingdom,0
12927,1,51,1,197.31,197.31,48.75,11,0.0,0.9999999999949318,0.9999999989999999,11,13.181818181818182,United Kingdom,1
12928,0,16,8,2634.53,329.31625,26.571428571428573,65,0.0,0.3787203030520136,0.4999999999375,112,14.973214285714286,United Kingdom,0
12931,0,14,42,49199.630000000005,1171.419761904762,7.829268292682927,21,0.17647058823529413,0.2539004866499961,-0.047619047617913836,136,251.81617647058823,United Kingdom,0
12932,1,196,8,1698.56,212.32,17.857142857142858,69,0.0,-0.9999999999994112,-0.999999999875,95,16.936842105263157,United Kingdom,0
12933,0,37,4,873.3100000000001,218.32750000000001,23.333333333333332,129,0.2,0.9999999999988549,0.99999999975,156,2.4551282051282053,United Kingdom,0
12935,0,32,8,2083.16,260.395,32.714285714285715,61,0.2727272727272727,-0.0945198640526438,-0.24999999996875,125,10.784,United Kingdom,0
12937,0,120,3,1278.77,426.25666666666666,43.5,51,0.0,0.08056960985941132,0.3333333332222222,69,10.971014492753623,United Kingdom,0
12939,0,36,12,13683.0,1140.25,28.545454545454547,12,0.0,0.671124753343516,0.16666666665277777,39,139.7948717948718,United Kingdom,0
12942,0,22,1,258.75,258.75,48.75,16,0.0,0.9999999999961353,0.9999999989999999,16,4.3125,United Kingdom,1
12943,1,215,2,496.5,248.25,47.0,22,0.3333333333333333,-0.9999999999979859,-0.9999999995,25,8.88,United Kingdom,0
12944,1,11,1,286.95,286.95,48.75,14,0.0,0.9999999999965151,0.9999999989999999,14,10.357142857142858,United Kingdom,1
12945,0,313,1,437.16,437.16,48.75,28,0.0,-0.9999999999977125,-0.9999999989999999,28,10.035714285714286,United Kingdom,1
12946,1,93,1,324.45,324.45,48.75,20,0.0,0.9999999999969179,0.9999999989999999,20,7.45,United Kingdom,1
12947,0,30,1,304.04,304.04,48.75,17,0.5,0.999999999996711,0.9999999989999999,17,10.823529411764707,United Kingdom,1
12949,0,39,13,9564.78,735.7523076923078,24.916666666666668,248,0.23529411764705882,0.2719518901636763,-0.07692307691715976,436,11.36697247706422,United Kingdom,0
12951,0,43,9,2149.65,238.85000000000002,38.75,83,0.25,0.1752610890144092,-0.11111111109876542,131,8.84732824427481,United Kingdom,0
12953,1,179,1,498.96000000000004,498.96000000000004,48.75,31,0.0,0.9999999999979958,0.9999999989999999,31,9.03225806451613,United Kingdom,1
12954,1,295,1,162.45,162.45,48.75,10,0.0,-0.9999999999938444,-0.9999999989999999,10,8.3,United Kingdom,1
12956,0,341,1,137.12,137.12,48.75,9,0.0,-0.9999999999927072,-0.9999999989999999,9,15.11111111111111,United Kingdom,1
12957,0,198,4,3581.48,895.37,31.666666666666668,182,0.3333333333333333,-0.9999999999997208,-0.99999999975,202,7.485148514851486,United Kingdom,0
12958,1,57,2,467.34,233.67,182.0,45,0.0,0.28578764924832933,0.0,49,2.4081632653061225,United Kingdom,0
12959,1,141,1,150.95,150.95,48.75,8,0.5,0.9999999999933754,0.9999999989999999,8,13.625,United Kingdom,1
12960,1,70,4,1322.0700000000002,330.51750000000004,81.66666666666667,49,0.0,-0.1097294394395836,0.0,70,19.7,United Kingdom,0
12961,1,36,1,211.99,211.99,48.75,37,0.0,0.9999999999952829,0.9999999989999999,40,4.5,United Kingdom,1
12963,1,22,5,1744.96,348.992,37.75,74,0.16666666666666666,0.9999999999994269,0.9999999998,95,9.76842105263158,United Kingdom,0
12964,1,94,1,132.24,132.24,48.75,26,0.0,0.999999999992438,0.9999999989999999,26,2.1538461538461537,United Kingdom,1
12967,1,15,3,2938.5200000000004,979.5066666666668,12.0,47,0.0,0.9999999999996597,0.9999999996666666,65,14.03076923076923,United Kingdom,0
12969,1,259,1,122.45,122.45,48.75,5,0.0,-0.9999999999918334,-0.9999999989999999,5,11.0,United Kingdom,1
12970,0,37,5,810.14,162.028,2.0,117,0.0,0.9999999999987657,0.9999999998,136,3.7794117647058822,United Kingdom,0
12971,0,10,34,4889.43,143.80676470588236,10.06060606060606,44,0.08108108108108109,0.10333106313003695,0.4705882352802769,122,43.82786885245902,United Kingdom,0
12972,1,70,4,1161.2,290.3,81.66666666666667,69,0.3333333333333333,-0.7551498449872932,-0.499999999875,77,10.96103896103896,United Kingdom,0
12973,1,70,1,385.55,385.55,48.75,6,0.0,0.9999999999974063,0.9999999989999999,6,5.166666666666667,United Kingdom,1
12974,0,222,1,264.15,264.15,48.75,24,0.0,-0.9999999999962144,-0.9999999989999999,24,3.3333333333333335,United Kingdom,1
12975,1,93,5,1658.46,331.692,20.5,75,0.2857142857142857,0.999999999999397,0.9999999998,89,8.9438202247191,United Kingdom,0
12976,0,35,7,2417.78,345.3971428571429,47.5,94,0.0,-0.3392616367079142,-0.1428571428367347,132,16.083333333333332,United Kingdom,0
12977,1,158,3,474.64,158.21333333333334,4.5,45,0.0,0.9999999999978931,0.9999999996666666,49,2.36734693877551,United Kingdom,0
12978,1,42,4,1557.24,389.31,105.0,91,0.0,-0.28545375150889685,-0.499999999875,106,8.264150943396226,United Kingdom,0
12980,0,15,12,9006.0,750.5,30.454545454545453,7,0.2,0.3152831445702515,0.16666666665277777,32,32.5,United Kingdom,0
12982,0,51,7,2354.27,336.32428571428574,34.666666666666664,117,0.5333333333333333,-0.425885731033218,-0.1428571428367347,150,9.606666666666667,United Kingdom,0
12983,1,255,1,490.08000000000004,490.08000000000004,48.75,30,0.0,-0.9999999999979595,-0.9999999989999999,30,21.266666666666666,United Kingdom,1
12986,1,85,10,2729.84,272.98400000000004,28.444444444444443,61,0.16666666666666666,-0.030990827301222386,0.0,102,11.411764705882353,United Kingdom,0
12987,0,77,3,753.51,251.17,133.5,35,0.0,-0.22275749492346122,-0.3333333332222222,38,9.631578947368421,United Kingdom,0
12989,0,21,18,6417.04,356.5022222222222,18.235294117647058,8,0.1,0.087728921745838,-0.11111111110493826,30,130.26666666666668,United Kingdom,0
12990,0,74,4,546.0,136.5,66.66666666666667,6,0.0,0.5714285714275249,0.499999999875,14,20.0,United Kingdom,0
12991,1,46,1,261.06,261.06,48.75,14,0.0,0.9999999999961695,0.9999999989999999,14,5.571428571428571,United Kingdom,1
12993,0,102,4,844.87,211.2175,71.0,44,0.3333333333333333,-0.03317670174105696,0.0,49,10.428571428571429,United Kingdom,0
12996,1,32,1,355.5,355.5,48.75,22,0.0,0.9999999999971871,0.9999999989999999,22,5.545454545454546,United Kingdom,1
12997,0,51,4,884.02,221.005,72.0,32,0.5,0.37852084794418855,0.0,48,10.875,United Kingdom,0
12998,1,149,3,920.08,306.6933333333333,80.0,58,0.25,-0.31314668289679903,-0.3333333332222222,58,19.379310344827587,United Kingdom,0
13000,0,21,1,201.75,201.75,48.75,11,0.5,0.9999999999950434,0.9999999989999999,11,7.0,United Kingdom,1
13001,0,61,19,13386.75,704.5657894736842,14.944444444444445,235,0.05,-0.0888273852876846,-0.052631578944598335,595,12.697478991596638,United Kingdom,0
13002,0,73,2,293.18,146.59,18.0,14,0.0,0.9999999999965892,0.9999999995,16,8.0,United Kingdom,0
13004,0,14,18,6045.41,335.8561111111111,19.823529411764707,236,0.25,-0.0048350732208394765,0.0,415,9.771084337349398,United Kingdom,0
13005,0,88,2,485.98,242.99,25.0,27,0.3333333333333333,0.9999999999979423,0.9999999995,30,9.666666666666666,United Kingdom,0
13007,1,236,1,175.25,175.25,48.75,11,0.0,-0.9999999999942939,-0.9999999989999999,11,5.363636363636363,United Kingdom,1
13008,0,54,1,193.35,193.35,48.75,10,0.75,0.9999999999948281,0.9999999989999999,10,12.9,United Kingdom,1
13009,1,329,1,234.0,234.0,48.75,4,0.0,-0.9999999999957265,-0.9999999989999999,4,30.0,United Kingdom,1
13010,1,31,2,330.12,165.06,274.0,10,0.0,-0.07306434023969145,0.0,12,26.916666666666668,United Kingdom,0
13011,1,29,1,50.550000000000004,50.550000000000004,48.75,3,0.0,0.9999999999802177,0.9999999989999999,3,4.333333333333333,United Kingdom,1
13012,0,86,3,1310.99,436.99666666666667,80.5,54,0.25,0.41740211595785065,0.3333333332222222,65,11.36923076923077,United Kingdom,0
13013,0,28,17,7058.32,415.19529411764705,16.375,211,0.0,0.059909440206726276,0.1764705882249135,308,12.63961038961039,United Kingdom,0
13014,0,89,1,1914.8,1914.8,48.75,115,0.5,0.9999999999994778,0.9999999989999999,115,9.339130434782609,United Kingdom,1
13015,0,95,6,3240.1400000000003,540.0233333333334,32.2,156,0.3333333333333333,0.2223484170436394,0.33333333327777775,173,11.086705202312139,United Kingdom,0
13018,0,70,7,2485.46,355.0657142857143,38.833333333333336,117,0.125,-0.1783331858085914,-0.4285714285102041,145,9.041379310344828,United Kingdom,0
13019,1,36,4,784.6500000000001,196.16250000000002,76.66666666666667,30,0.3333333333333333,0.1447142037849427,0.0,36,7.416666666666667,United Kingdom,0
13020,1,219,2,618.96,309.48,97.0,38,0.6,-0.9999999999983844,-0.9999999995,39,7.128205128205129,United Kingdom,0
13021,0,15,8,2194.5,274.3125,38.285714285714285,81,0.38461538461538464,0.33590339485061016,0.4999999999375,119,8.957983193277311,United Kingdom,0
13022,1,86,1,65.3,65.3,48.75,5,0.0,0.999999999984686,0.9999999989999999,5,7.0,Belgium,1
13023,1,185,1,759.13,759.13,48.75,36,0.0,-0.9999999999986827,-0.9999999989999999,36,8.305555555555555,United Kingdom,1
13024,1,127,2,555.87,277.935,111.0,26,0.3333333333333333,0.10831669275170758,0.0,31,5.838709677419355,United Kingdom,0
13026,0,145,3,421.74,140.58,76.0,15,0.0,-0.7114810072539682,-0.3333333332222222,19,27.263157894736842,United Kingdom,0
13027,0,11,14,11767.2,840.5142857142857,25.153846153846153,7,0.2222222222222222,0.0842341423618121,-0.14285714284693876,65,448.61538461538464,United Kingdom,0
13029,1,10,3,1062.3,354.09999999999997,84.5,6,0.0,0.9999999999990586,0.9999999996666666,8,11.25,United Kingdom,0
13030,1,25,1,402.36,402.36,48.75,50,0.0,0.9999999999975147,0.9999999989999999,57,3.0526315789473686,United Kingdom,1
13031,1,64,5,3292.84,658.568,36.25,275,0.0,0.42376793284811165,0.59999999988,407,5.673218673218673,United Kingdom,0
13032,1,49,7,1805.78,257.9685714285714,11.0,110,0.125,0.9999999999994462,0.9999999998571428,136,6.610294117647059,United Kingdom,0
13033,1,14,2,220.55,110.275,72.0,12,0.0,0.999999999995466,0.9999999995,13,7.538461538461538,United Kingdom,0
13034,1,26,2,279.91,139.955,31.0,16,0.0,0.9999999999964274,0.9999999995,18,8.5,United Kingdom,0
13035,0,88,1,442.32,442.32,48.75,15,0.0,0.9999999999977393,0.9999999989999999,15,18.8,United Kingdom,1
13036,1,341,1,307.1,307.1,48.75,6,0.0,-0.9999999999967437,-0.9999999989999999,6,6.333333333333333,United Kingdom,1
13037,0,56,8,2720.69,340.08625,41.0,137,0.2727272727272727,-0.37424697411304697,-0.24999999996875,164,9.378048780487806,United Kingdom,0
13039,1,241,3,847.9300000000001,282.6433333333334,16.5,35,0.0,-0.9999999999988207,-0.9999999996666666,47,5.0638297872340425,United Kingdom,0
13041,1,107,4,799.13,199.7825,46.0,23,0.0,0.35890280680194847,0.499999999875,35,9.571428571428571,United Kingdom,0
13042,1,255,2,823.44,411.72,76.0,93,0.3333333333333333,-0.9999999999987856,-0.9999999995,109,3.403669724770642,United Kingdom,0
13044,0,149,10,4287.58,428.758,22.555555555555557,327,0.16666666666666666,-0.6139640543148783,-0.59999999994,383,5.532637075718016,United Kingdom,0
13045,1,58,2,503.64,251.82,84.0,25,0.0,0.9999999999980145,0.9999999995,27,6.814814814814815,United Kingdom,0
13046,0,113,1,319.94,319.94,48.75,21,0.0,0.9999999999968745,0.9999999989999999,21,11.476190476190476,United Kingdom,1
13047,0,30,16,5251.320000000001,328.20750000000004,21.466666666666665,114,0.38461538461538464,-0.04389753433421617,0.249999999984375,211,8.530805687203792,United Kingdom,0
13048,0,93,5,2229.7200000000003,445.9440000000001,61.0,85,0.375,0.1753673106936407,-0.19999999996,130,11.023076923076923,United Kingdom,0
13049,0,46,2,751.56,375.78,11.0,10,0.3333333333333333,0.9999999999986694,0.9999999995,12,29.333333333333332,United Kingdom,0
13050,0,11,21,7021.62,334.36285714285714,16.45,414,0.36363636363636365,0.28722431575615204,0.3333333333174603,631,6.144215530903328,United Kingdom,0
13051,1,235,2,155.8,77.9,40.0,4,0.0,-0.9999999999935816,-0.9999999995,4,18.0,United Kingdom,0
13052,0,77,6,2771.18,461.8633333333333,46.4,150,0.0,-0.4854538499843079,-0.33333333327777775,230,5.226086956521739,United Kingdom,0
13053,1,278,1,127.65,127.65,48.75,17,0.0,-0.999999999992166,-0.9999999989999999,17,2.764705882352941,United Kingdom,1
13055,0,86,1,1106.7,1106.7,48.75,78,0.5,0.9999999999990964,0.9999999989999999,78,11.884615384615385,United Kingdom,1
13056,1,208,1,209.48,209.48,48.75,18,0.0,-0.9999999999952264,-0.9999999989999999,19,8.31578947368421,United Kingdom,1
13057,1,187,3,709.59,236.53,50.5,34,0.25,-0.9999999999985908,-0.9999999996666666,40,11.4,United Kingdom,0
13059,0,70,9,2108.37,234.26333333333332,25.25,152,0.18181818181818182,0.07674649136533114,0.11111111109876542,190,4.342105263157895,United Kingdom,0
13063,1,137,1,188.4,188.4,48.75,12,0.0,0.9999999999946922,0.9999999989999999,12,9.666666666666666,United Kingdom,1
13064,0,207,2,561.25,280.625,41.0,19,0.0,-0.9999999999982183,-0.9999999995,25,6.16,United Kingdom,0
13065,1,30,5,1055.0500000000002,211.01000000000005,43.25,49,0.16666666666666666,0.6444339130840773,0.59999999988,62,6.145161290322581,United Kingdom,0
13067,1,66,2,393.04999999999995,196.52499999999998,36.0,13,0.0,0.9999999999974558,0.9999999995,17,5.823529411764706,United Kingdom,0
13069,0,18,18,5497.13,305.3961111111111,10.294117647058824,447,0.05263157894736842,0.5592136260192939,0.6666666666296296,692,14.515895953757225,United Kingdom,0
13070,0,116,2,368.7,184.35,130.0,11,0.0,0.1635475996740886,0.0,16,11.625,United Kingdom,0
13071,1,269,1,129.22,129.22,48.75,12,0.0,-0.9999999999922613,-0.9999999989999999,12,2.5,United Kingdom,1
13073,1,68,2,418.08,209.04,26.0,25,0.0,0.9999999999976081,0.9999999995,27,9.666666666666666,United Kingdom,0
13074,1,168,3,1065.44,355.1466666666667,89.0,15,0.25,-0.40587926114994194,-0.3333333332222222,17,39.76470588235294,United Kingdom,0
13076,1,114,1,135.4,135.4,48.75,9,0.0,0.9999999999926146,0.9999999989999999,9,4.888888888888889,United Kingdom,1
13077,0,23,6,1687.76,281.29333333333335,43.8,114,0.3333333333333333,0.3289567237045973,0.33333333327777775,180,8.733333333333333,United Kingdom,0
13078,0,16,29,14952.25,515.5948275862069,11.714285714285714,100,0.42,0.1718717918707771,0.10344827585850179,411,14.452554744525548,United Kingdom,0
13079,1,74,1,199.08,199.08,48.75,11,0.0,0.9999999999949769,0.9999999989999999,11,8.727272727272727,United Kingdom,1
13080,0,58,3,222.65,74.21666666666667,103.5,11,0.25,-0.44397035706066035,-0.3333333332222222,13,5.615384615384615,United Kingdom,0
13081,0,28,18,28582.190000000002,1587.8994444444445,19.058823529411764,496,0.25,0.15614233898801472,0.22222222220987653,1255,16.716334661354583,United Kingdom,0
13082,0,81,10,3529.94,352.994,21.666666666666668,47,0.23076923076923078,-0.11127101310500714,0.19999999998,52,75.61538461538461,United Kingdom,0
13083,1,82,1,91.67999999999999,91.67999999999999,48.75,4,0.0,0.9999999999890925,0.9999999989999999,4,30.0,United Kingdom,1
13084,1,148,1,122.39999999999999,122.39999999999999,48.75,2,0.5,0.9999999999918301,0.9999999989999999,2,72.0,United Kingdom,1
13085,0,336,2,920.4,460.2,0.0,20,0.3333333333333333,-0.9999999999989135,-0.9999999995,36,9.777777777777779,United Kingdom,0
13086,1,39,1,439.33000000000004,439.33000000000004,48.75,47,0.0,0.9999999999977238,0.9999999989999999,47,3.297872340425532,United Kingdom,1
13088,1,74,1,236.11,236.11,48.75,19,0.0,0.9999999999957647,0.9999999989999999,20,3.8,United Kingdom,1
13089,0,15,109,57479.54,527.3352293577982,2.814814814814815,475,0.17424242424242425,0.2131941208993633,0.1009174311917347,1542,18.91828793774319,United Kingdom,0
13090,0,22,13,5189.32,399.17846153846153,10.333333333333334,92,0.13333333333333333,0.9999999999998073,0.9999999999230769,127,9.299212598425196,United Kingdom,0
13092,0,16,8,1847.9,230.9875,43.42857142857143,44,0.2,-0.18615725959186852,0.0,87,4.781609195402299,United Kingdom,0
13093,0,15,47,48163.82,1024.7621276595744,6.956521739130435,168,0.37333333333333335,0.37393462561731255,0.27659574467496606,907,24.844542447629546,United Kingdom,0
13094,0,25,2,505.8,252.9,20.0,5,0.0,0.9999999999980229,0.9999999995,8,46.5,United Kingdom,0
13096,1,51,1,419.70000000000005,419.70000000000005,48.75,1,0.0,0.9999999999976174,0.9999999989999999,1,6.0,United Kingdom,1
13097,0,17,16,6388.05,399.253125,21.133333333333333,254,0.30434782608695654,-0.23067289704992436,-0.249999999984375,498,5.096385542168675,United Kingdom,0
13101,0,155,3,594.2099999999999,198.06999999999996,91.0,41,0.0,-0.5122936335630294,-0.3333333332222222,43,8.488372093023257,United Kingdom,0
13102,0,17,15,5629.93,375.32866666666666,15.214285714285714,115,0.11764705882352941,0.5261575188322898,0.59999999996,200,12.62,United Kingdom,0
13103,1,94,2,465.70000000000005,232.85000000000002,139.0,21,0.0,0.47030277002261045,0.0,25,13.76,United Kingdom,0
13104,0,11,4,712.38,178.095,99.0,5,0.0,0.21890002526710625,0.0,11,38.72727272727273,United Kingdom,0
13105,1,93,1,72.0,72.0,48.75,1,0.0,0.9999999999861111,0.9999999989999999,1,100.0,United Kingdom,1
13106,1,70,1,526.96,526.96,48.75,15,0.0,0.9999999999981023,0.9999999989999999,15,14.2,United Kingdom,1
13107,0,70,5,3721.45,744.29,64.5,102,0.4444444444444444,-0.23854411586875046,-0.19999999996,120,25.191666666666666,United Kingdom,0
13108,1,29,2,748.46,374.23,62.0,27,0.0,0.999999999998664,0.9999999995,35,21.285714285714285,United Kingdom,0
13109,1,208,1,347.49,347.49,48.75,23,0.5,-0.9999999999971223,-0.9999999989999999,23,10.304347826086957,United Kingdom,1
13110,0,94,4,1106.02,276.505,84.0,60,0.2,-0.05770239236174965,-0.499999999875,80,3.6,United Kingdom,0
13112,1,198,1,20.6,20.6,48.75,2,0.5,-0.9999999999514563,-0.9999999989999999,2,5.5,United Kingdom,1
13113,0,23,14,6357.08,454.07714285714286,19.153846153846153,107,0.36363636363636365,0.39587043107835734,0.571428571387755,187,7.994652406417113,United Kingdom,0
13115,0,36,6,3199.92,533.32,43.6,136,0.4,0.1755918897971901,0.0,194,12.20103092783505,United Kingdom,0
13117,0,22,12,1658.9,138.24166666666667,23.09090909090909,90,0.07692307692307693,0.40114533727144425,0.33333333330555553,112,10.017857142857142,United Kingdom,0
13118,0,33,4,1217.6,304.4,20.333333333333332,57,0.2,0.9999999999991788,0.99999999975,69,6.144927536231884,United Kingdom,0
13119,1,325,1,134.9,134.9,48.75,11,0.0,-0.9999999999925872,-0.9999999989999999,11,10.0,United Kingdom,1
13123,1,129,2,506.75,253.375,56.0,36,0.0,-0.4028219042912623,0.0,45,5.955555555555556,United Kingdom,0
13124,0,16,2,2141.65,1070.825,25.0,99,0.0,0.999999999999533,0.9999999995,122,12.69672131147541,United Kingdom,0
13125,1,180,1,148.62,148.62,48.75,20,0.0,0.9999999999932715,0.9999999989999999,20,2.65,United Kingdom,1
13126,0,23,7,1898.6100000000001,271.23,46.5,79,0.36363636363636365,0.17593397274839176,0.4285714285102041,111,11.405405405405405,United Kingdom,0
13128,1,288,1,263.5,263.5,48.75,1,0.0,-0.9999999999962049,-0.9999999989999999,1,31.0,United Kingdom,1
13129,1,109,2,233.25,116.625,77.0,10,0.0,0.06752411575533752,0.0,11,26.90909090909091,United Kingdom,0
13131,0,75,4,2240.47,560.1175,83.0,94,0.0,-0.2440068378508777,-0.499999999875,105,10.247619047619047,United Kingdom,0
13133,0,116,1,90.65,90.65,48.75,5,0.0,0.9999999999889685,0.9999999989999999,5,4.6,United Kingdom,1
13134,0,59,2,681.65,340.825,14.0,21,0.0,0.999999999998533,0.9999999995,23,13.26086956521739,United Kingdom,0
13135,0,148,1,275.45,275.45,48.75,17,0.0,0.9999999999963696,0.9999999989999999,17,7.235294117647059,United Kingdom,1
13136,0,32,7,3117.86,445.40857142857146,34.833333333333336,129,0.4166666666666667,0.11350734157399196,0.7142857141836735,161,9.29192546583851,United Kingdom,0
13137,0,43,8,3983.65,497.95625,16.0,406,0.0,0.999999999999749,0.999999999875,707,2.876944837340877,United Kingdom,0
13138,0,29,2,504.85,252.425,24.0,29,0.3333333333333333,0.9999999999980193,0.9999999995,36,6.805555555555555,United Kingdom,0
13139,0,94,1,3138.04,3138.04,48.75,95,0.0,0.9999999999996814,0.9999999989999999,95,23.042105263157893,United Kingdom,1
13140,1,23,3,790.7099999999999,263.57,61.5,68,0.0,0.9999999999987353,0.9999999996666666,75,6.1466666666666665,United Kingdom,0
13141,0,42,11,4915.88,446.89818181818185,29.1,225,0.15384615384615385,-0.21963514162261494,-0.2727272727024793,277,12.592057761732852,United Kingdom,0
13143,1,241,1,405.1,405.1,48.75,23,0.5,-0.9999999999975315,-0.9999999989999999,23,8.608695652173912,United Kingdom,1
13144,0,88,1,24.4,24.4,48.75,3,0.0,0.9999999999590163,0.9999999989999999,3,2.6666666666666665,United Kingdom,1
13145,1,29,4,805.0,201.25,75.66666666666667,2,0.0,0.7465838509307496,0.499999999875,4,30.25,United Kingdom,0
13148,0,21,14,4792.56,342.3257142857143,24.46153846153846,297,0.3,-0.03423639975294324,0.14285714284693876,449,5.79064587973274,United Kingdom,0
13150,1,141,3,449.96999999999997,149.98999999999998,73.0,7,0.25,0.21541436095691846,0.3333333332222222,8,21.375,United Kingdom,0
13151,0,282,2,1207.3400000000001,603.6700000000001,1.0,71,0.3333333333333333,-0.9999999999991718,-0.9999999995,84,5.357142857142857,United Kingdom,0
13152,1,74,7,2146.38,306.6257142857143,45.833333333333336,114,0.2222222222222222,-0.5703183965557961,-0.4285714285102041,135,7.237037037037037,United Kingdom,0
13154,1,56,2,1287.74,643.87,108.0,67,0.3333333333333333,0.9999999999992234,0.9999999995,75,10.986666666666666,United Kingdom,0
13155,0,25,3,778.4200000000001,259.47333333333336,61.0,68,0.0,0.9999999999987154,0.9999999996666666,79,5.215189873417722,United Kingdom,0
13156,1,42,3,1586.54,528.8466666666667,145.0,94,0.0,-0.5626457574340623,-0.3333333332222222,104,8.788461538461538,United Kingdom,0
13157,0,66,5,3946.14,789.228,57.75,121,0.0,0.08474610632159922,0.19999999996,164,20.26219512195122,United Kingdom,0
13158,0,45,1,307.12,307.12,48.75,21,0.0,0.9999999999967439,0.9999999989999999,21,9.904761904761905,United Kingdom,1
13161,0,157,1,359.38,359.38,48.75,25,0.0,0.9999999999972174,0.9999999989999999,25,3.04,United Kingdom,1
13162,0,37,10,6001.59,600.159,34.888888888888886,111,0.16666666666666666,-0.6806179695712835,-0.39999999996,133,26.413533834586467,United Kingdom,0
13163,1,267,1,17.65,17.65,48.75,2,0.5,-0.9999999999433428,-0.9999999989999999,2,1.5,United Kingdom,1
13164,1,226,2,372.20000000000005,186.10000000000002,98.0,7,0.3333333333333333,-0.9999999999973133,-0.9999999995,10,12.0,United Kingdom,0
13165,1,8,2,784.3199999999999,392.15999999999997,61.0,20,0.0,0.999999999998725,0.9999999995,20,42.8,United Kingdom,0
13166,0,71,1,458.73,458.73,48.75,27,0.0,0.9999999999978201,0.9999999989999999,27,11.333333333333334,United Kingdom,1
13167,1,47,1,333.82,333.82,48.75,16,0.0,0.9999999999970044,0.9999999989999999,16,13.875,United Kingdom,1
13168,0,199,1,541.14,541.14,48.75,45,0.0,-0.999999999998152,-0.9999999989999999,47,4.851063829787234,United Kingdom,1
13169,0,219,1,127.2,127.2,48.75,5,0.0,-0.9999999999921383,-0.9999999989999999,5,4.8,United Kingdom,1
13172,1,57,1,69.6,69.6,48.75,1,0.0,0.9999999999856322,0.9999999989999999,1,48.0,United Kingdom,1
13173,1,24,9,1909.41,212.15666666666667,41.375,140,0.1,-0.4345792679411784,-0.5555555554938272,185,6.52972972972973,United Kingdom,0
13174,0,26,9,5991.21,665.69,38.5,523,0.0,-0.09924038716718332,-0.11111111109876542,750,3.6706666666666665,United Kingdom,0
13175,1,239,1,512.3,512.3,48.75,26,0.5,-0.999999999998048,-0.9999999989999999,26,8.538461538461538,United Kingdom,1
13177,1,87,1,229.75,229.75,48.75,13,0.0,0.9999999999956475,0.9999999989999999,13,6.846153846153846,United Kingdom,1
13178,0,17,10,8424.93,842.493,36.111111111111114,144,0.2857142857142857,-0.08485886529620013,0.0,414,12.144927536231885,United Kingdom,0
13179,1,275,1,572.3100000000001,572.3100000000001,48.75,34,0.0,-0.9999999999982527,-0.9999999989999999,34,10.823529411764707,United Kingdom,1
13180,1,264,1,86.10000000000001,86.10000000000001,48.75,4,0.0,-0.9999999999883855,-0.9999999989999999,4,10.5,United Kingdom,1
13181,1,38,1,359.69,359.69,48.75,19,0.0,0.9999999999972199,0.9999999989999999,19,9.0,United Kingdom,1
13183,0,51,6,3078.4,513.0666666666667,47.6,31,0.3333333333333333,0.1777156964656387,0.0,62,29.338709677419356,United Kingdom,0
13187,0,281,3,105.34,35.11333333333334,0.0,14,0.25,-0.9999999999905069,-0.9999999996666666,19,10.578947368421053,United Kingdom,0
13190,1,201,2,423.56,211.78,133.0,13,0.3333333333333333,-0.9999999999976391,-0.9999999995,13,19.23076923076923,United Kingdom,0
13191,1,315,1,164.69,164.69,48.75,58,0.0,-0.9999999999939281,-0.9999999989999999,59,1.9491525423728813,United Kingdom,1
13192,0,192,4,1646.6399999999999,411.65999999999997,50.0,92,0.3333333333333333,-0.9999999999993927,-0.99999999975,99,10.444444444444445,United Kingdom,0
13194,1,78,1,412.08,412.08,48.75,7,0.0,0.9999999999975733,0.9999999989999999,7,42.857142857142854,United Kingdom,1
13195,1,71,1,136.73,136.73,48.75,43,0.0,0.9999999999926864,0.9999999989999999,46,1.5217391304347827,United Kingdom,1
13196,0,100,3,1271.06,423.68666666666667,87.0,74,0.25,0.6853492360701419,0.3333333332222222,78,10.025641025641026,United Kingdom,0
13197,1,266,1,373.01000000000005,373.01000000000005,48.75,19,0.0,-0.9999999999973191,-0.9999999989999999,19,10.736842105263158,United Kingdom,1
13198,0,18,3,1957.54,652.5133333333333,36.0,102,0.5,0.9999999999994892,0.9999999996666666,112,9.5625,United Kingdom,0
13199,0,15,30,6720.65,224.02166666666665,11.448275862068966,25,0.03225806451612903,-0.005518811424489323,0.06666666666444444,94,62.41489361702128,United Kingdom,0
13201,1,159,4,1233.06,308.265,46.333333333333336,65,0.0,-0.04703745154327686,0.0,86,12.046511627906977,United Kingdom,0
13202,1,51,6,1260.1000000000001,210.01666666666668,50.4,51,0.14285714285714285,-0.4307277200218786,-0.33333333327777775,61,7.60655737704918,United Kingdom,0
13203,0,43,5,1438.8899999999999,287.77799999999996,60.25,89,0.16666666666666666,0.5073702645785936,0.19999999996,93,13.387096774193548,United Kingdom,0
13205,1,100,1,2803.2,2803.2,48.75,1,0.0,0.9999999999996433,0.9999999989999999,1,256.0,United Kingdom,1
13206,1,57,10,5847.27,584.7270000000001,33.333333333333336,307,0.09090909090909091,-0.7137878018287656,-0.59999999994,393,12.330788804071247,United Kingdom,0
13207,1,108,2,285.6,142.8,160.0,4,0.0,-0.49999999999824934,0.0,5,9.6,United Kingdom,0
13208,0,106,2,697.53,348.765,84.0,77,0.0,0.156538070046942,0.0,88,5.5,United Kingdom,0
13209,0,18,6,2936.75,489.4583333333333,64.2,52,0.14285714285714285,-0.4481995403080112,-0.33333333327777775,58,28.362068965517242,United Kingdom,0
13211,1,18,7,1398.21,199.74428571428572,45.5,67,0.0,0.3550897218584082,0.1428571428367347,133,7.180451127819549,United Kingdom,0
13213,0,40,6,2330.94,388.49,36.4,109,0.25,0.7464113190383509,0.6666666665555555,114,14.052631578947368,United Kingdom,0
13214,1,74,7,3264.23,466.31857142857143,37.666666666666664,207,0.0,-0.33271858906990853,-0.1428571428367347,229,12.951965065502183,United Kingdom,0
13215,1,59,1,81.6,81.6,48.75,1,0.0,0.999999999987745,0.9999999989999999,1,96.0,United Kingdom,1
13217,1,312,1,132.5,132.5,48.75,1,0.0,-0.9999999999924529,-0.9999999989999999,1,250.0,United Kingdom,1
13219,1,275,1,76.23,76.23,48.75,11,0.0,-0.9999999999868817,-0.9999999989999999,11,1.0,United Kingdom,1
13220,0,232,1,516.8,516.8,48.75,32,0.0,-0.999999999998065,-0.9999999989999999,32,6.25,United Kingdom,1
13221,0,16,1,498.16,498.16,48.75,35,0.0,0.9999999999979926,0.9999999989999999,35,4.371428571428571,United Kingdom,1
13222,1,234,1,88.5,88.5,48.75,1,0.0,-0.9999999999887005,-0.9999999989999999,1,30.0,United Kingdom,1
13223,0,80,4,805.9200000000001,201.48000000000002,80.0,4,0.0,-0.49970220369205415,-0.499999999875,8,60.0,United Kingdom,0
13225,0,18,9,9577.650000000001,1064.1833333333334,37.25,39,0.0,-0.17134578941596618,-0.11111111109876542,74,56.310810810810814,United Kingdom,0
13226,0,50,1,204.25,204.25,48.75,12,0.0,0.9999999999951041,0.9999999989999999,12,8.25,United Kingdom,1
13230,0,22,17,3457.83,203.40176470588236,16.125,406,0.0,0.20228582666001446,0.0588235294083045,677,2.828655834564254,United Kingdom,0
13233,0,77,2,571.3399999999999,285.66999999999996,273.0,33,0.0,-0.017362691217108296,0.0,33,18.181818181818183,United Kingdom,0
13234,1,329,1,118.10000000000001,118.10000000000001,48.75,13,0.0,-0.9999999999915326,-0.9999999989999999,13,3.1538461538461537,United Kingdom,1
13237,1,44,1,643.0,643.0,48.75,24,0.0,0.9999999999984448,0.9999999989999999,24,5.333333333333333,United Kingdom,1
13238,0,17,3,397.05,132.35,114.5,13,0.0,0.4106535700783009,0.3333333332222222,21,8.428571428571429,United Kingdom,0
13239,0,94,4,1265.13,316.2825,21.333333333333332,69,0.2,0.9999999999992095,0.99999999975,72,11.444444444444445,United Kingdom,0
13240,0,22,5,1036.21,207.24200000000002,71.25,133,0.16666666666666666,0.4798930718672085,-0.19999999996,155,3.496774193548387,United Kingdom,0
13241,1,68,1,112.53,112.53,48.75,40,0.0,0.9999999999911134,0.9999999989999999,40,1.15,United Kingdom,1
13242,0,108,4,429.0,107.25,71.66666666666667,12,0.0,0.0,0.0,22,10.0,United Kingdom,0
13243,0,106,4,635.26,158.815,60.333333333333336,121,0.0,0.20782041998519057,0.499999999875,148,2.175675675675676,United Kingdom,0
13245,1,89,1,558.72,558.72,48.75,29,0.0,0.9999999999982102,0.9999999989999999,29,8.482758620689655,United Kingdom,1
13246,0,50,5,1390.23,278.046,32.5,166,0.2857142857142857,0.9999999999992807,0.9999999998,235,5.14468085106383,United Kingdom,0
13249,0,58,6,897.52,149.58666666666667,56.2,2,0.0,-0.057848293074184605,-0.33333333327777775,12,58.333333333333336,United Kingdom,0
13250,1,117,2,253.09,126.545,41.0,17,0.3333333333333333,0.9999999999960488,0.9999999995,19,5.631578947368421,United Kingdom,0
13251,1,59,1,252.68,252.68,48.75,25,0.0,0.9999999999960425,0.9999999989999999,25,8.6,United Kingdom,1
13252,1,51,2,399.29999999999995,199.64999999999998,231.0,19,0.3333333333333333,-0.7375406962165352,0.0,19,7.052631578947368,United Kingdom,0
13253,0,87,2,1920.71,960.355,273.0,39,0.0,-0.014614387387989505,0.0,39,37.0,United Kingdom,0
13254,1,33,1,51.410000000000004,51.410000000000004,48.75,4,0.0,0.9999999999805486,0.9999999989999999,4,10.75,United Kingdom,1
13255,1,30,2,504.95,252.475,138.0,19,0.0,0.9999999999980196,0.9999999995,19,17.894736842105264,United Kingdom,0
13257,1,93,1,149.75,149.75,48.75,7,0.6666666666666666,0.9999999999933222,0.9999999989999999,7,4.714285714285714,United Kingdom,1
13258,0,36,2,336.59999999999997,168.29999999999998,20.0,5,0.0,0.9999999999970292,0.9999999995,8,20.5,United Kingdom,0
13259,1,54,8,1119.36,139.92,42.714285714285715,181,0.0,-0.43887578616312994,-0.4999999999375,232,1.625,United Kingdom,0
13262,0,46,2,373.15999999999997,186.57999999999998,211.0,38,0.0,-0.24563190052458564,0.0,39,3.128205128205128,United Kingdom,0
13263,0,50,4,1239.27,309.8175,6.0,137,0.0,0.9999999999991931,0.99999999975,238,2.53781512605042,United Kingdom,0
13264,1,99,1,722.5600000000001,722.5600000000001,48.75,38,0.0,0.999999999998616,0.9999999989999999,38,9.868421052631579,United Kingdom,1
13266,0,70,6,2005.23,334.205,46.0,73,0.45454545454545453,-0.01950399704771049,0.0,109,20.486238532110093,United Kingdom,0
13267,0,17,17,4907.68,288.6870588235294,21.0625,102,0.34615384615384615,0.26282072180739924,0.41176470585813146,201,10.039800995024876,United Kingdom,0
13269,0,18,12,3329.59,277.46583333333336,26.181818181818183,99,0.0,0.1897741163325846,0.0,172,15.872093023255815,United Kingdom,0
13270,1,23,1,590.0,590.0,48.75,1,0.0,0.9999999999983051,0.9999999989999999,1,200.0,United Kingdom,1
13274,1,66,1,360.85,360.85,48.75,19,0.0,0.9999999999972288,0.9999999989999999,19,10.473684210526315,United Kingdom,1
13275,1,40,2,238.86,119.43,248.0,48,0.0,-0.4850540065289917,0.0,48,2.875,United Kingdom,0
13276,1,54,3,1300.98,433.66,122.0,184,0.4,0.40901474273208743,0.3333333332222222,209,3.248803827751196,United Kingdom,0
13277,1,37,3,264.9,88.3,79.5,7,0.0,0.9479048697585961,0.3333333332222222,15,13.733333333333333,United Kingdom,0
13278,1,56,3,893.12,297.70666666666665,105.0,48,0.25,0.33337065567859486,0.3333333332222222,62,13.241935483870968,United Kingdom,0
13280,0,36,4,1494.87,373.7175,88.0,113,0.2,0.3598105520879008,0.499999999875,123,7.894308943089431,United Kingdom,0
13281,1,96,1,350.85,350.85,48.75,22,0.6666666666666666,0.9999999999971498,0.9999999989999999,22,9.136363636363637,United Kingdom,1
13282,0,63,1,181.05,181.05,48.75,14,0.0,0.9999999999944768,0.9999999989999999,14,7.357142857142857,United Kingdom,1
13283,0,224,2,279.70000000000005,139.85000000000002,72.0,13,0.0,-0.9999999999964247,-0.9999999995,13,8.76923076923077,United Kingdom,0
13285,0,257,2,655.47,327.735,23.0,42,0.0,-0.9999999999984744,-0.9999999995,44,9.227272727272727,United Kingdom,0
13286,1,257,1,734.91,734.91,48.75,46,0.0,-0.9999999999986393,-0.9999999989999999,49,5.591836734693878,United Kingdom,1
13287,1,260,3,781.59,260.53000000000003,50.5,46,0.5714285714285714,-0.9999999999987206,-0.9999999996666666,53,8.09433962264151,United Kingdom,0
13288,1,100,5,927.61,185.522,55.25,7,0.16666666666666666,-0.18291092161556802,0.19999999996,10,37.9,United Kingdom,0
13290,1,95,1,208.63,208.63,48.75,1,0.6666666666666666,0.9999999999952068,0.9999999989999999,1,1.0,United Kingdom,1
13291,1,71,10,2909.68,290.96799999999996,27.333333333333332,134,0.0,0.0004948997827937547,0.0,276,4.952898550724638,United Kingdom,0
13292,0,72,3,415.57000000000005,138.52333333333334,54.5,28,0.25,0.9999999999975937,0.9999999996666666,28,6.535714285714286,United Kingdom,0
13293,1,49,6,1192.94,198.82333333333335,54.8,51,0.0,-0.437775579659968,-0.33333333327777775,72,7.708333333333333,United Kingdom,0
13294,0,303,1,815.79,815.79,48.75,48,0.0,-0.9999999999987742,-0.9999999989999999,48,11.3125,United Kingdom,1
13295,1,16,4,1101.97,275.4925,72.0,56,0.5555555555555556,0.44372351334388077,0.499999999875,67,10.940298507462687,United Kingdom,0
13296,1,80,5,705.11,141.022,38.0,46,0.0,0.15153663967302758,0.19999999996,48,11.979166666666666,United Kingdom,0
13297,1,42,3,2278.77,759.59,78.0,58,0.25,0.4237505320851057,0.3333333332222222,64,27.046875,United Kingdom,0
13299,0,80,2,1076.2,538.1,104.0,56,0.5,0.3473703772529758,0.0,57,6.771929824561403,United Kingdom,0
13300,0,45,2,913.62,456.81,186.0,29,0.3333333333333333,0.3104791926618173,0.0,35,7.2,United Kingdom,0
13302,1,183,1,95.45,95.45,48.75,2,0.0,0.9999999999895233,0.9999999989999999,2,3.5,United Kingdom,1
13303,1,57,1,61.72,61.72,48.75,4,0.0,0.9999999999837978,0.9999999989999999,4,6.5,United Kingdom,1
13304,1,8,4,1217.99,304.4975,105.66666666666667,59,0.42857142857142855,-0.011748864933199942,0.0,78,9.179487179487179,United Kingdom,0
13305,0,29,7,1751.75,250.25,44.0,110,0.0,0.527695161980575,0.7142857141836735,124,9.096774193548388,United Kingdom,0
13306,1,87,1,53.65,53.65,48.75,4,0.0,0.9999999999813607,0.9999999989999999,4,18.5,United Kingdom,1
13307,1,144,2,258.34000000000003,129.17000000000002,104.0,14,0.0,-0.7631028876644611,0.0,14,9.714285714285714,United Kingdom,0
13308,0,253,1,284.86,284.86,48.75,17,0.0,-0.9999999999964896,-0.9999999989999999,17,13.529411764705882,United Kingdom,1
13309,0,49,1,249.58,249.58,48.75,23,0.0,0.9999999999959933,0.9999999989999999,23,16.08695652173913,United Kingdom,1
13310,0,37,2,409.17,204.585,21.0,23,0.0,0.9999999999975561,0.9999999995,23,9.956521739130435,United Kingdom,0
13312,1,108,1,124.75,124.75,48.75,5,0.0,0.999999999991984,0.9999999989999999,5,8.2,United Kingdom,1
13313,0,136,5,1506.1100000000001,301.22200000000004,50.5,58,0.2857142857142857,-0.6390701874360843,-0.59999999988,86,10.30232558139535,United Kingdom,0
13315,1,346,1,310.26,310.26,48.75,22,0.0,-0.9999999999967769,-0.9999999989999999,22,10.545454545454545,United Kingdom,1
13316,0,49,6,7207.89,1201.315,48.8,69,0.14285714285714285,0.4402356306768776,0.6666666665555555,87,165.7816091954023,United Kingdom,0
13317,0,15,14,4033.641,288.1172142857143,22.76923076923077,148,0.391304347826087,0.3295387467550212,0.4285714285408163,210,9.41904761904762,United Kingdom,0
13319,0,11,33,10767.98,326.30242424242425,10.40625,210,0.26666666666666666,0.10125018805754644,0.03030303030211203,475,9.107368421052632,United Kingdom,0
13320,0,91,2,679.4000000000001,339.70000000000005,44.0,37,0.3333333333333333,0.9999999999985282,0.9999999995,44,9.613636363636363,United Kingdom,0
13324,0,17,9,4041.62,449.06888888888886,24.875,24,0.25,0.4492208569829798,0.3333333332962963,62,55.693548387096776,United Kingdom,0
13326,1,89,1,281.76,281.76,48.75,13,0.0,0.999999999996451,0.9999999989999999,13,10.76923076923077,United Kingdom,1
13327,0,22,13,5337.55,410.58076923076925,26.166666666666668,113,0.07142857142857142,0.12746859514194198,0.07692307691715976,198,12.429292929292929,United Kingdom,0
13329,1,23,6,3989.32,664.8866666666667,25.8,49,0.5,0.9999999999997493,0.9999999998333333,89,30.93258426966292,United Kingdom,0
13330,0,112,3,1655.17,551.7233333333334,99.5,53,0.0,-0.4730450648571004,-0.3333333332222222,64,18.75,United Kingdom,0
13331,1,58,1,262.4,262.4,48.75,12,0.0,0.999999999996189,0.9999999989999999,12,4.5,United Kingdom,1
13333,1,68,3,1015.7400000000001,338.58000000000004,123.0,54,0.0,0.6806663122445896,0.3333333332222222,55,12.454545454545455,United Kingdom,0
13334,0,193,2,2699.48,1349.74,116.0,177,0.3333333333333333,-0.9999999999996295,-0.9999999995,209,6.861244019138756,United Kingdom,0
13337,1,203,1,1575.26,1575.26,48.75,87,0.5,-0.9999999999993652,-0.9999999989999999,87,11.264367816091953,United Kingdom,1
13338,1,198,3,1958.6,652.8666666666667,80.0,101,0.5714285714285714,-0.9999999999994894,-0.9999999996666666,109,8.211009174311927,United Kingdom,0
13340,0,74,5,11364.08,2272.816,59.0,77,0.0,-0.22949856037618263,-0.19999999996,81,47.72839506172839,United Kingdom,0
13346,1,119,6,299.4,49.9,26.4,4,0.0,-0.34468937875636385,-0.33333333327777775,6,30.0,United Kingdom,0
13357,0,151,4,3196.11,799.0275,44.0,240,0.0,-0.4296379035764008,-0.499999999875,305,5.872131147540983,United Kingdom,0
13359,1,60,1,603.75,603.75,48.75,33,0.5,0.9999999999983437,0.9999999989999999,33,6.666666666666667,United Kingdom,1
13360,1,88,4,1553.65,388.4125,89.0,58,0.42857142857142855,0.07939368583652728,0.0,66,14.272727272727273,United Kingdom,0
13361,1,129,2,1450.5,725.25,145.0,29,0.0,-0.12685280937598975,0.0,34,9.529411764705882,United Kingdom,0
13362,0,35,3,2303.33,767.7766666666666,23.0,106,0.4,0.9999999999995659,0.9999999996666666,132,8.325757575757576,United Kingdom,0
13363,1,66,1,731.36,731.36,48.75,42,0.0,0.9999999999986326,0.9999999989999999,42,10.380952380952381,United Kingdom,1
13367,1,88,1,510.20000000000005,510.20000000000005,48.75,20,0.0,0.99999999999804,0.9999999989999999,20,12.65,United Kingdom,1
13368,0,71,2,498.1,249.05,8.0,22,0.3333333333333333,0.9999999999979924,0.9999999995,23,12.130434782608695,United Kingdom,0
13369,1,22,1,308.28000000000003,308.28000000000003,48.75,14,0.5,0.9999999999967563,0.9999999989999999,14,10.642857142857142,United Kingdom,1
13370,1,28,1,754.87,754.87,48.75,39,0.5,0.9999999999986753,0.9999999989999999,39,8.794871794871796,United Kingdom,1
13371,1,162,2,2297.66,1148.83,127.0,75,0.5,-0.03497471340405671,0.0,92,11.076086956521738,United Kingdom,0
13373,0,72,2,3526.5200000000004,1763.2600000000002,205.0,158,0.0,0.20236947472289896,0.0,165,13.793939393939393,United Kingdom,0
13374,1,71,2,422.8,211.4,34.0,17,0.0,0.9999999999976349,0.9999999995,17,7.9411764705882355,United Kingdom,0
13375,1,101,1,1013.58,1013.58,48.75,34,0.0,0.9999999999990135,0.9999999989999999,34,20.058823529411764,United Kingdom,1
13377,1,53,2,1552.88,776.44,249.0,71,0.5,-0.05007469991238861,0.0,78,9.58974358974359,United Kingdom,0
13380,1,89,1,62.4,62.4,48.75,3,0.0,0.9999999999839744,0.9999999989999999,3,16.0,United Kingdom,1
13381,0,36,5,4567.66,913.5319999999999,70.0,111,0.16666666666666666,0.05988186511253904,0.19999999996,183,16.852459016393443,United Kingdom,0
13382,0,85,3,909.55,303.18333333333334,102.5,49,0.0,0.11910285305907414,-0.3333333332222222,55,11.072727272727272,United Kingdom,0
13383,1,200,1,305.28000000000003,305.28000000000003,48.75,1,0.0,-0.9999999999967244,-0.9999999989999999,1,288.0,United Kingdom,1
13384,0,47,4,2528.9,632.225,36.333333333333336,81,0.3333333333333333,0.9999999999996045,0.99999999975,112,15.357142857142858,United Kingdom,0
13386,1,71,2,835.46,417.73,22.0,24,0.0,0.9999999999988031,0.9999999995,31,16.580645161290324,United Kingdom,0
13387,1,74,1,186.94,186.94,48.75,71,0.0,0.9999999999946507,0.9999999989999999,71,1.732394366197183,United Kingdom,1
13388,1,260,1,508.55,508.55,48.75,34,0.0,-0.9999999999980337,-0.9999999989999999,34,12.323529411764707,United Kingdom,1
13392,1,334,1,91.14,91.14,48.75,8,0.0,-0.9999999999890278,-0.9999999989999999,8,10.25,United Kingdom,1
13393,1,240,2,741.75,370.875,72.0,47,0.5,-0.9999999999986519,-0.9999999995,56,8.946428571428571,United Kingdom,0
13394,0,36,10,3797.15,379.71500000000003,35.22222222222222,158,0.16666666666666666,-0.28506379784831115,-0.19999999998,234,11.149572649572649,United Kingdom,0
13395,0,57,2,872.51,436.255,21.0,56,0.0,0.9999999999988539,0.9999999995,60,22.066666666666666,United Kingdom,0
13397,0,94,5,1647.74,329.548,62.5,47,0.2857142857142857,-0.6256690982796889,-0.59999999988,51,17.764705882352942,United Kingdom,0
13398,0,105,1,213.0,213.0,48.75,13,0.0,0.9999999999953052,0.9999999989999999,13,4.615384615384615,United Kingdom,1
13399,1,121,3,275.4,91.8,27.0,10,0.0,0.9999999999963689,0.9999999996666666,15,8.0,United Kingdom,0
13400,1,239,1,310.83,310.83,48.75,23,0.5,-0.9999999999967828,-0.9999999989999999,23,12.347826086956522,United Kingdom,1
13402,1,29,3,913.9000000000001,304.6333333333334,95.5,43,0.0,0.36404420614907096,0.3333333332222222,57,11.017543859649123,United Kingdom,0
13403,1,44,1,75.9,75.9,48.75,3,0.0,0.9999999999868248,0.9999999989999999,3,8.666666666666666,United Kingdom,1
13405,0,138,2,494.90000000000003,247.45000000000002,87.0,12,0.6,-0.5611234592835701,0.0,13,8.307692307692308,United Kingdom,0
13406,1,84,2,568.92,284.46,204.0,7,0.3333333333333333,0.5072769457911355,0.0,9,32.44444444444444,United Kingdom,0
13407,1,235,3,2244.7,748.2333333333332,41.0,85,0.5,-0.9999999999995545,-0.9999999996666666,85,19.88235294117647,United Kingdom,0
13408,0,15,43,22591.922,525.3935348837209,7.761904761904762,163,0.18867924528301888,-0.01606954910697653,0.06976744185884262,345,36.4,United Kingdom,0
13410,0,50,3,1117.7800000000002,372.5933333333334,152.5,18,0.25,-0.07677718334549129,0.3333333332222222,21,32.285714285714285,United Kingdom,0
13412,1,277,1,487.34999999999997,487.34999999999997,48.75,33,0.0,-0.9999999999979481,-0.9999999989999999,34,5.176470588235294,United Kingdom,1
13413,1,296,6,429.44000000000005,71.57333333333334,9.2,38,0.25,-0.9999999999976714,-0.9999999998333333,43,10.581395348837209,United Kingdom,0
13414,0,120,3,1103.64,367.88000000000005,69.5,27,0.0,-0.43383712079986786,-0.3333333332222222,31,36.38709677419355,United Kingdom,0
13415,1,129,3,317.25,105.75,78.5,18,0.25,-0.6784869976337952,-0.3333333332222222,31,8.03225806451613,United Kingdom,0
13417,0,204,4,1028.66,257.165,40.333333333333336,35,0.2,-0.9999999999990279,-0.99999999975,49,7.551020408163265,United Kingdom,0
13418,0,16,17,6200.09,364.71117647058827,17.0625,164,0.05555555555555555,0.3412127888465584,0.41176470585813146,262,12.770992366412214,United Kingdom,0
13421,0,63,6,2225.04,370.84,51.4,124,0.25,-0.019792902599494917,-0.33333333327777775,163,7.5030674846625764,United Kingdom,0
13423,1,85,1,217.03,217.03,48.75,12,0.0,0.9999999999953924,0.9999999989999999,12,11.75,United Kingdom,1
13424,1,106,1,572.77,572.77,48.75,40,0.5,0.9999999999982541,0.9999999989999999,40,13.225,United Kingdom,1
13425,0,165,2,1766.22,883.11,70.0,86,0.6,0.06765861557446544,0.0,99,12.474747474747474,United Kingdom,0
13426,0,16,11,3920.77,356.43363636363637,27.6,100,0.0,0.1811251361339275,0.2727272727024793,161,13.217391304347826,United Kingdom,0
13427,0,134,2,327.93,163.965,62.0,14,0.0,0.07522946970367086,0.0,17,14.058823529411764,United Kingdom,0
13428,1,171,2,276.76,138.38,0.0,66,0.0,0.9999999999963868,0.9999999995,67,3.0597014925373136,United Kingdom,0
13431,1,63,6,2047.1399999999999,341.19,50.2,74,0.14285714285714285,0.22228084058724737,0.0,83,10.819277108433734,United Kingdom,0
13432,1,228,2,439.1,219.55,40.0,98,0.0,-0.9999999999977226,-0.9999999995,111,1.954954954954955,United Kingdom,0
13433,1,158,4,658.3199999999999,164.57999999999998,64.66666666666667,22,0.2,-0.24784299428811543,0.0,24,7.916666666666667,United Kingdom,0
13434,1,42,3,1132.6200000000001,377.54,135.0,14,0.0,0.4010700852886219,0.3333333332222222,25,22.56,United Kingdom,0
13435,0,33,2,637.44,318.72,123.0,40,0.0,0.9999999999984313,0.9999999995,48,13.020833333333334,United Kingdom,0
13438,1,204,1,46.5,46.5,48.75,1,0.0,-0.9999999999784946,-0.9999999989999999,1,10.0,United Kingdom,1
13439,0,45,2,702.9000000000001,351.45000000000005,138.0,101,0.0,0.9999999999985774,0.9999999995,113,6.283185840707965,United Kingdom,0
13440,1,80,7,1295.25,185.03571428571428,4.5,49,0.3,0.999999999999228,0.9999999998571428,59,9.711864406779661,United Kingdom,0
13441,1,88,1,424.26,424.26,48.75,25,0.0,0.999999999997643,0.9999999989999999,25,12.64,United Kingdom,1
13442,1,324,2,221.87,110.935,35.0,22,0.0,-0.9999999999954929,-0.9999999995,22,3.3181818181818183,United Kingdom,0
13443,1,105,6,1273.1599999999999,212.1933333333333,45.4,176,0.14285714285714285,-0.6917276697346039,-0.6666666665555555,200,4.025,United Kingdom,0
13444,1,31,2,619.08,309.54,131.0,51,0.0,0.9999999999983847,0.9999999995,57,5.807017543859649,United Kingdom,0
13445,1,283,1,241.89999999999998,241.89999999999998,48.75,7,0.0,-0.9999999999958661,-0.9999999989999999,7,28.285714285714285,United Kingdom,1
13446,1,87,11,3881.8900000000003,352.89909090909094,22.9,113,0.3888888888888889,-0.6262851343029745,-0.6363636363057851,192,12.515625,United Kingdom,0
13448,0,21,8,4895.69,611.96125,45.0,204,0.3333333333333333,0.35555151572089827,0.4999999999375,296,7.793918918918919,United Kingdom,0
13450,0,31,7,2076.3199999999997,296.6171428571428,37.5,39,0.125,0.24443245742455671,0.1428571428367347,76,30.736842105263158,United Kingdom,0
13451,0,38,6,4191.8,698.6333333333333,48.8,363,0.14285714285714285,-0.26304690109254664,0.0,589,5.264855687606112,United Kingdom,0
13452,0,129,1,139.8,139.8,48.75,1,0.0,0.999999999992847,0.9999999989999999,1,4.0,United Kingdom,1
13453,0,59,1,424.71,424.71,48.75,23,0.6666666666666666,0.9999999999976454,0.9999999989999999,23,9.0,United Kingdom,1
13454,1,298,1,219.87,219.87,48.75,23,0.0,-0.9999999999954519,-0.9999999989999999,23,8.608695652173912,United Kingdom,1
13455,1,23,3,1415.94,471.98,113.0,58,0.5,0.3175558286365823,0.3333333332222222,74,6.716216216216216,United Kingdom,0
13457,1,345,1,35.72,35.72,48.75,3,0.5,-0.9999999999720046,-0.9999999989999999,3,9.333333333333334,United Kingdom,1
13458,0,16,3,3498.56,1166.1866666666667,14.0,110,0.25,0.9999999999997141,0.9999999996666666,133,13.218045112781954,United Kingdom,0
13459,1,281,2,1160.4099999999999,580.2049999999999,57.0,57,0.0,-0.9999999999991382,-0.9999999995,73,13.506849315068493,United Kingdom,0
13461,0,64,3,2715.0,905.0,94.5,25,0.4,0.7520441988947507,0.3333333332222222,35,56.05714285714286,United Kingdom,0
13462,0,67,3,830.53,276.8433333333333,139.0,46,0.0,0.14599111410768306,-0.3333333332222222,49,10.061224489795919,United Kingdom,0
13464,1,51,5,2422.96,484.592,55.75,95,0.16666666666666666,0.7529137913953374,0.59999999988,110,9.427272727272728,United Kingdom,0
13465,1,103,2,931.12,465.56,139.0,34,0.0,-0.31347194776149856,0.0,34,17.176470588235293,United Kingdom,0
13466,0,65,4,705.45,176.3625,73.0,34,0.2,0.25633283719575256,0.499999999875,38,10.552631578947368,United Kingdom,0
13468,0,15,36,7096.16,197.11555555555555,9.371428571428572,198,0.2,0.21040675520278423,0.2222222222160494,397,7.433249370277078,United Kingdom,0
13469,1,310,1,82.4,82.4,48.75,6,0.0,-0.999999999987864,-0.9999999989999999,6,8.666666666666666,United Kingdom,1
13472,1,120,2,592.24,296.12,91.0,24,0.0,0.11461569633912835,0.0,28,11.071428571428571,United Kingdom,0
13473,0,231,5,1846.3799999999999,369.27599999999995,17.75,35,0.16666666666666666,-0.9999999999994584,-0.9999999998,40,13.2,United Kingdom,0
13474,0,100,2,419.75,209.875,51.0,62,0.0,0.9999999999976177,0.9999999995,64,2.953125,United Kingdom,0
13476,0,63,3,823.0,274.3333333333333,118.5,38,0.0,0.41482381530933804,0.3333333332222222,48,6.166666666666667,United Kingdom,0
13477,0,112,5,1364.5900000000001,272.918,56.75,65,0.0,-0.4285316468679761,-0.19999999996,78,13.717948717948717,United Kingdom,0
13478,1,126,5,2215.78,443.15600000000006,51.25,114,0.2857142857142857,-0.6554080278725075,-0.59999999988,125,9.512,United Kingdom,0
13479,0,109,2,550.4200000000001,275.21000000000004,24.0,34,0.5,0.9999999999981832,0.9999999995,38,15.31578947368421,United Kingdom,0
13480,1,73,2,627.8199999999999,313.90999999999997,262.0,40,0.0,-0.5735083304122623,0.0,41,8.829268292682928,United Kingdom,0
13481,0,31,5,1715.08,343.01599999999996,64.5,77,0.16666666666666666,0.014809804790438445,0.19999999996,99,7.7272727272727275,United Kingdom,0
13482,0,284,1,151.45,151.45,48.75,9,0.0,-0.9999999999933973,-0.9999999989999999,9,7.888888888888889,United Kingdom,1
13484,0,40,2,476.91999999999996,238.45999999999998,256.0,31,0.3333333333333333,0.3047890631546071,0.0,31,5.806451612903226,United Kingdom,0
13485,0,33,8,2360.28,295.035,31.285714285714285,109,0.3333333333333333,0.06422119409558864,0.4999999999375,125,11.376,United Kingdom,0
13487,0,10,2,360.67,180.335,152.0,17,0.0,0.9999999999972274,0.9999999995,20,7.85,United Kingdom,0
13488,0,24,11,6619.57,601.7790909090909,31.4,186,0.15384615384615385,0.16514818938387762,0.2727272727024793,302,11.168874172185431,United Kingdom,0
13490,1,311,1,154.25,154.25,48.75,8,0.0,-0.9999999999935171,-0.9999999989999999,8,3.125,United Kingdom,1
13491,0,16,16,2646.96,165.435,21.866666666666667,85,0.0,-0.2805784749296247,0.0,153,7.5816993464052285,United Kingdom,0
13495,0,16,5,2863.96,572.792,66.25,45,0.2857142857142857,0.7272308272459367,0.59999999988,87,18.57471264367816,United Kingdom,0
13496,1,16,1,501.01,501.01,48.75,26,0.5,0.999999999998004,0.9999999989999999,26,8.807692307692308,United Kingdom,1
13497,0,25,5,972.28,194.456,74.75,45,0.16666666666666666,-0.1976591105440844,-0.19999999996,48,8.666666666666666,United Kingdom,0
13500,1,58,1,299.53,299.53,48.75,20,0.0,0.9999999999966614,0.9999999989999999,20,11.45,United Kingdom,1
13501,0,143,2,1544.79,772.395,83.0,52,0.3333333333333333,0.22944866292490929,0.0,62,11.17741935483871,Switzerland,0
13502,0,72,2,488.5,244.25,132.0,14,0.3333333333333333,-0.26059365404245527,0.0,15,15.066666666666666,United Kingdom,0
13503,1,136,5,1642.39,328.478,45.0,148,0.5454545454545454,-0.5303551531606193,-0.19999999996,172,4.982558139534884,United Kingdom,0
13506,0,26,4,1180.68,295.17,30.0,48,0.3333333333333333,0.999999999999153,0.99999999975,72,11.805555555555555,United Kingdom,0
13508,0,299,1,176.07999999999998,176.07999999999998,48.75,16,0.0,-0.9999999999943209,-0.9999999989999999,16,9.75,United Kingdom,1
13509,0,164,1,135.0,135.0,48.75,5,0.0,0.9999999999925927,0.9999999989999999,5,21.6,United Kingdom,1
13510,0,32,6,2500.03,416.6716666666667,59.8,118,0.4,-0.21159346087838485,-0.33333333327777775,159,9.578616352201259,United Kingdom,0
13511,1,333,1,282.76,282.76,48.75,5,0.5,-0.9999999999964635,-0.9999999989999999,5,12.0,United Kingdom,1
13512,0,44,3,462.18,154.06,97.5,20,0.0,0.33662209528682197,0.3333333332222222,24,11.5,United Kingdom,0
13513,1,98,2,619.49,309.745,213.0,24,0.3333333333333333,0.03262360974344608,0.0,30,8.5,United Kingdom,0
13514,1,85,3,663.7,221.23333333333335,126.5,13,0.0,-0.7739942745204551,-0.3333333332222222,17,14.588235294117647,United Kingdom,0
13515,0,106,2,374.70000000000005,187.35000000000002,195.0,17,0.0,-0.00400320256203888,0.0,17,8.117647058823529,United Kingdom,0
13516,0,74,1,295.85,295.85,48.75,17,0.0,0.9999999999966199,0.9999999989999999,17,7.588235294117647,United Kingdom,1
13519,1,99,1,220.46,220.46,48.75,11,0.0,0.9999999999954641,0.9999999989999999,11,10.0,United Kingdom,1
13520,0,28,5,2695.65,539.13,73.5,57,0.2857142857142857,0.1048689555394414,0.19999999996,97,14.639175257731958,Switzerland,0
13523,0,23,2,1136.64,568.32,35.0,57,0.0,0.9999999999991203,0.9999999995,59,10.203389830508474,United Kingdom,0
13527,0,75,5,2298.9300000000003,459.78600000000006,66.75,152,0.16666666666666666,-0.12353138199069848,-0.19999999996,226,4.65929203539823,United Kingdom,0
13530,1,291,1,402.97999999999996,402.97999999999996,48.75,18,0.0,-0.9999999999975185,-0.9999999989999999,18,15.11111111111111,United Kingdom,1
13531,0,23,4,943.02,235.755,76.33333333333333,36,0.0,0.3730567750414911,0.499999999875,53,5.660377358490566,United Kingdom,0
13534,0,15,12,2134.02,177.835,14.272727272727273,61,0.4,0.9999999999995314,0.9999999999166667,107,9.757009345794392,United Kingdom,0
13535,1,59,1,89.5,89.5,48.75,1,0.0,0.9999999999888268,0.9999999989999999,1,10.0,United Kingdom,1
13537,1,82,2,717.85,358.925,26.0,38,0.0,0.999999999998607,0.9999999995,42,8.023809523809524,United Kingdom,0
13538,0,53,5,1822.28,364.456,69.25,102,0.0,0.11809381653745964,0.19999999996,117,6.700854700854701,United Kingdom,0
13539,0,77,4,938.0200000000001,234.50500000000002,56.0,45,0.2,-0.7901963710786656,-0.499999999875,49,7.959183673469388,United Kingdom,0
13540,1,124,3,632.39,210.79666666666665,94.0,26,0.0,-0.16779202707163654,-0.3333333332222222,32,5.90625,United Kingdom,0
13541,1,84,2,785.25,392.625,143.0,10,0.3333333333333333,0.20955109837604635,0.0,10,27.9,United Kingdom,0
13542,1,33,15,3538.58,235.90533333333332,21.071428571428573,96,0.0625,-0.17684494910382778,-0.19999999998666668,306,2.395424836601307,United Kingdom,0
13543,1,291,2,1439.6100000000001,719.8050000000001,52.0,37,0.0,-0.9999999999993053,-0.9999999995,47,7.0,United Kingdom,0
13544,0,68,4,514.14,128.535,77.33333333333333,152,0.2,-0.33306103395897413,-0.499999999875,160,1.36875,United Kingdom,0
13545,1,47,2,364.93,182.465,153.0,54,0.0,0.3523141424373104,0.0,54,4.666666666666667,United Kingdom,0
13546,0,39,2,465.15,232.575,42.0,47,0.0,0.9999999999978502,0.9999999995,55,4.181818181818182,United Kingdom,0
13547,1,65,1,167.08,167.08,48.75,44,0.0,0.9999999999940149,0.9999999989999999,44,1.7954545454545454,United Kingdom,1
13548,0,128,1,223.28,223.28,48.75,61,0.0,0.9999999999955214,0.9999999989999999,61,2.0,United Kingdom,1
13549,0,44,1,87.6,87.6,48.75,8,0.0,0.9999999999885845,0.9999999989999999,8,12.0,United Kingdom,1
13550,1,40,1,342.55,342.55,48.75,40,0.0,0.9999999999970808,0.9999999989999999,42,10.238095238095237,United Kingdom,1
13551,0,323,1,152.39999999999998,152.39999999999998,48.75,1,0.0,-0.9999999999934384,-0.9999999989999999,1,24.0,United Kingdom,1
13552,0,85,10,3208.85,320.885,25.11111111111111,87,0.375,-0.13122146563406475,0.19999999998,98,12.377551020408163,United Kingdom,0
13553,1,331,1,499.6,499.6,48.75,85,0.0,-0.9999999999979984,-0.9999999989999999,89,2.258426966292135,United Kingdom,1
13554,1,37,7,1629.35,232.7642857142857,10.666666666666666,156,0.3,0.9999999999993863,0.9999999998571428,196,2.9489795918367347,United Kingdom,0
13555,0,35,9,4792.96,532.5511111111111,38.625,175,0.25,0.03905311122979562,-0.3333333332962963,262,8.114503816793894,United Kingdom,0
13556,1,86,2,200.82,100.41,6.0,8,0.0,0.9999999999950204,0.9999999995,9,14.88888888888889,United Kingdom,0
13557,0,72,9,2034.7,226.07777777777778,35.5,96,0.25,-0.0929178748709427,0.11111111109876542,122,13.62295081967213,United Kingdom,0
13559,1,169,2,990.0,495.0,30.0,1,0.0,0.33333333333299664,0.0,2,180.0,United Kingdom,0
13561,0,54,10,1661.54,166.154,27.666666666666668,120,0.0,-0.24538680982688021,-0.19999999998,215,4.846511627906977,United Kingdom,0
13562,0,58,5,3038.85,607.77,72.5,65,0.0,-0.49895519686707174,-0.59999999988,114,7.421052631578948,United Kingdom,0
13564,1,11,32,15203.630000000001,475.11343750000003,10.387096774193548,464,0.30434782608695654,0.27000985948748624,0.18749999999414066,1120,7.6866071428571425,United Kingdom,0
13565,0,68,1,174.57999999999998,174.57999999999998,48.75,22,0.0,0.999999999994272,0.9999999989999999,22,4.0,United Kingdom,1
13566,1,91,3,831.76,277.25333333333333,102.0,159,0.0,0.299990381840555,0.3333333332222222,197,3.50253807106599,United Kingdom,0
13567,1,85,4,1079.29,269.8225,37.333333333333336,180,0.2,0.23201363859552857,0.499999999875,201,3.199004975124378,United Kingdom,0
13569,1,24,3,497.74,165.91333333333333,29.5,103,0.0,0.9999999999979909,0.9999999996666666,123,1.886178861788618,United Kingdom,0
13571,0,39,13,2337.08,179.7753846153846,22.25,151,0.0,-0.1093672445957736,0.07692307691715976,321,4.230529595015576,United Kingdom,0
13573,0,36,4,614.27,153.5675,85.33333333333333,52,0.0,0.7335048105869837,0.499999999875,62,5.564516129032258,United Kingdom,0
13574,1,68,1,404.45,404.45,48.75,84,0.0,0.9999999999975275,0.9999999989999999,91,3.340659340659341,United Kingdom,1
13576,0,30,10,4505.6,450.56000000000006,35.44444444444444,95,0.16666666666666666,-0.06889204545453018,0.0,147,12.571428571428571,United Kingdom,0
13577,0,39,4,1402.28,350.57,71.33333333333333,47,0.0,0.22972587500340175,0.0,64,10.671875,United Kingdom,0
13578,1,66,1,147.66,147.66,48.75,9,0.0,0.9999999999932278,0.9999999989999999,9,14.11111111111111,United Kingdom,1
13579,1,26,4,1072.0,268.0,96.0,62,0.2,0.2844216417907795,0.499999999875,67,8.776119402985074,United Kingdom,0
13580,1,63,1,107.75,107.75,48.75,5,0.0,0.9999999999907192,0.9999999989999999,5,9.0,United Kingdom,1
13581,0,71,1,162.53,162.53,48.75,23,0.0,0.9999999999938474,0.9999999989999999,23,3.869565217391304,United Kingdom,1
13582,1,46,2,241.68,120.84,227.0,10,0.0,0.35865607414614925,0.0,11,9.636363636363637,United Kingdom,0
13583,1,336,1,664.001,664.001,48.75,43,0.0,-0.999999999998494,-0.9999999989999999,43,8.651162790697674,United Kingdom,1
13584,0,155,2,243.3,121.65,177.0,55,0.5,0.9893136045993041,0.0,56,5.767857142857143,United Kingdom,0
13585,1,187,2,671.79,335.895,47.0,28,0.3333333333333333,-0.9999999999985114,-0.9999999995,38,36.44736842105263,United Kingdom,0
13586,1,198,1,127.28,127.28,48.75,20,0.0,-0.9999999999921433,-0.9999999989999999,20,1.9,United Kingdom,1
13587,1,106,3,961.1,320.3666666666667,107.0,20,0.0,-0.18260326708960292,0.3333333332222222,22,22.0,United Kingdom,0
13589,0,106,3,471.94,157.31333333333333,64.5,15,0.0,-0.6249523244466988,-0.3333333332222222,16,6.375,United Kingdom,0
13590,0,32,11,3986.84,362.44,30.2,212,0.15384615384615385,0.4924802600554593,0.45454545450413225,297,10.515151515151516,United Kingdom,0
13591,0,92,3,923.61,307.87,83.0,40,0.25,-0.30057058715226065,-0.3333333332222222,41,8.804878048780488,United Kingdom,0
13593,0,44,9,3481.4100000000003,386.8233333333334,32.0,174,0.1,-0.03198991213329316,-0.11111111109876542,281,5.1637010676156585,United Kingdom,0
13594,1,142,1,136.35000000000002,136.35000000000002,48.75,7,0.5,0.999999999992666,0.9999999989999999,7,5.285714285714286,United Kingdom,1
13595,1,173,3,784.48,261.49333333333334,64.5,114,0.0,-0.81340505812664,-0.3333333332222222,143,2.3846153846153846,United Kingdom,0
13597,1,57,2,396.71,198.355,2.0,17,0.3333333333333333,0.9999999999974792,0.9999999995,17,13.588235294117647,United Kingdom,0
13598,1,152,4,601.92,150.48,52.0,46,0.0,-0.2755183413073573,-0.499999999875,57,5.982456140350878,United Kingdom,0
13599,0,23,12,4038.37,336.5308333333333,27.818181818181817,87,0.4,0.04242058058076842,0.33333333330555553,125,18.928,United Kingdom,0
13600,0,291,1,298.9,298.9,48.75,22,0.0,-0.9999999999966545,-0.9999999989999999,22,12.5,United Kingdom,1
13601,0,49,2,466.67,233.335,154.0,77,0.0,0.21816272740862244,0.0,86,4.755813953488372,United Kingdom,0
13602,1,38,3,596.28,198.76,89.5,29,0.0,0.4318776413758103,0.3333333332222222,35,7.742857142857143,United Kingdom,0
13604,1,315,1,717.62,717.62,48.75,21,0.5,-0.9999999999986066,-0.9999999989999999,21,11.523809523809524,United Kingdom,1
13605,1,44,2,522.6700000000001,261.33500000000004,184.0,50,0.0,0.3499148602361913,0.0,53,8.018867924528301,United Kingdom,0
13607,1,59,1,400.3,400.3,48.75,24,0.5,0.9999999999975019,0.9999999989999999,24,7.416666666666667,United Kingdom,1
13608,1,197,1,232.05,232.05,48.75,31,0.0,-0.9999999999956907,-0.9999999989999999,34,3.235294117647059,United Kingdom,1
13609,1,250,1,167.35,167.35,48.75,7,0.0,-0.9999999999940246,-0.9999999989999999,7,2.7142857142857144,United Kingdom,1
13610,0,44,7,1021.38,145.91142857142856,52.166666666666664,157,0.125,-0.39757974505042437,-0.1428571428367347,184,2.0706521739130435,United Kingdom,0
13611,0,16,7,2108.75,301.25,43.833333333333336,119,0.2222222222222222,0.27428097213976316,0.1428571428367347,149,7.9865771812080535,United Kingdom,0
13612,1,289,1,818.29,818.29,48.75,50,0.5,-0.999999999998778,-0.9999999989999999,50,8.88,United Kingdom,1
13613,1,109,5,1039.85,207.96999999999997,51.75,50,0.0,-0.2069048420443267,0.19999999996,59,7.5423728813559325,United Kingdom,0
13614,0,50,2,747.28,373.64,157.0,67,0.0,0.18798843806847773,0.0,69,3.7246376811594204,United Kingdom,0
13615,0,56,7,5854.84,836.4057142857143,46.333333333333336,244,0.3,0.40563021363514523,0.1428571428367347,344,7.909883720930233,United Kingdom,0
13616,1,225,2,283.85,141.925,122.0,31,0.0,-0.999999999996477,-0.9999999995,35,4.914285714285715,United Kingdom,0
13617,0,65,5,734.5699999999999,146.914,21.25,31,0.16666666666666666,0.9999999999986386,0.9999999998,63,4.650793650793651,United Kingdom,0
13619,1,201,2,224.94,112.47,129.0,39,0.0,-0.9999999999955544,-0.9999999995,45,1.7555555555555555,United Kingdom,0
13620,1,185,1,112.34,112.34,48.75,5,0.0,-0.9999999999910985,-0.9999999989999999,5,14.8,United Kingdom,1
13622,1,353,1,658.95,658.95,48.75,32,0.5,-0.9999999999984824,-0.9999999989999999,32,11.84375,United Kingdom,1
13623,0,37,4,1177.18,294.295,101.66666666666667,110,0.3333333333333333,-0.3541684364325302,0.0,139,3.4820143884892087,United Kingdom,0
13624,1,45,1,462.08,462.08,48.75,22,0.5,0.9999999999978358,0.9999999989999999,22,37.27272727272727,United Kingdom,1
13625,1,253,1,301.26,301.26,48.75,21,0.0,-0.9999999999966807,-0.9999999989999999,21,6.857142857142857,United Kingdom,1
13626,0,36,1,449.81,449.81,48.75,25,0.5,0.9999999999977769,0.9999999989999999,25,7.56,United Kingdom,1
13627,0,14,3,918.6199999999999,306.20666666666665,141.0,56,0.25,0.33726676971943,0.3333333332222222,57,9.824561403508772,United Kingdom,0
13628,1,333,1,310.14,310.14,48.75,16,0.0,-0.9999999999967757,-0.9999999989999999,16,6.625,United Kingdom,1
13629,0,70,8,5578.5,697.3125,35.42857142857143,7,0.0,0.2901317558482943,0.24999999996875,28,119.64285714285714,United Kingdom,0
13632,0,51,3,1526.88,508.96000000000004,108.0,63,0.25,-0.15528397778466202,-0.3333333332222222,75,8.026666666666667,United Kingdom,0
13634,0,31,11,3486.41,316.9463636363636,31.8,153,0.08333333333333333,-0.25725889955562964,-0.09090909090082644,260,5.346153846153846,United Kingdom,0
13635,1,99,1,1130.98,1130.98,48.75,60,0.5,0.9999999999991158,0.9999999989999999,60,12.166666666666666,United Kingdom,1
13639,1,93,1,312.93,312.93,48.75,19,0.0,0.9999999999968044,0.9999999989999999,19,10.368421052631579,United Kingdom,1
13640,1,268,1,405.0,405.0,48.75,4,0.0,-0.9999999999975309,-0.9999999989999999,4,27.0,United Kingdom,1
13641,1,297,1,234.60999999999999,234.60999999999999,48.75,9,0.0,-0.9999999999957376,-0.9999999989999999,9,23.22222222222222,United Kingdom,1
13642,0,89,3,159.92,53.306666666666665,0.0,41,0.25,0.9999999999937469,0.9999999996666666,48,1.6666666666666667,United Kingdom,0
13643,0,39,6,1325.53,220.92166666666665,51.2,52,0.25,0.6382579043849341,0.33333333327777775,64,8.421875,United Kingdom,0
13646,1,56,2,326.25,163.125,0.0,58,0.3333333333333333,0.9999999999969349,0.9999999995,58,1.3620689655172413,United Kingdom,0
13647,0,151,4,1393.5600000000002,348.39000000000004,35.666666666666664,50,0.0,-0.19435115818465348,0.0,61,14.885245901639344,United Kingdom,0
13648,1,57,7,1500.93,214.41857142857143,44.5,84,0.3,0.08148947652450045,0.4285714285102041,91,8.31868131868132,United Kingdom,0
13649,0,23,5,1304.88,260.976,39.5,90,0.0,0.5242321132973726,0.59999999988,100,7.1,United Kingdom,0
13650,0,31,4,1451.6599999999999,362.91499999999996,102.33333333333333,62,0.5555555555555556,-0.5069782180396877,0.0,76,10.842105263157896,United Kingdom,0
13651,1,38,1,132.65,132.65,48.75,8,0.5,0.9999999999924615,0.9999999989999999,8,3.625,United Kingdom,1
13652,0,25,3,1475.77,491.92333333333335,141.0,91,0.0,0.46609566531338475,0.3333333332222222,96,10.333333333333334,United Kingdom,0
13653,1,144,1,152.2,152.2,48.75,9,0.0,0.9999999999934298,0.9999999989999999,9,8.0,United Kingdom,1
13654,0,37,4,3440.69,860.1725,88.0,126,0.0,0.9426277868680578,0.499999999875,155,16.06451612903226,United Kingdom,0
13655,0,31,4,1347.54,336.885,72.0,55,0.3333333333333333,0.1383112931711576,0.0,63,9.841269841269842,United Kingdom,0
13656,0,156,2,699.2,349.6,95.0,38,0.6,0.06993707093811512,0.0,38,9.789473684210526,United Kingdom,0
13658,0,40,4,3386.33,846.5825,96.0,92,0.3333333333333333,-0.07284877728984689,0.0,129,8.930232558139535,United Kingdom,0
13659,0,73,10,3321.68,332.168,26.77777777777778,137,0.2857142857142857,-0.5678391657231979,-0.39999999996,171,9.619883040935672,United Kingdom,0
13660,1,57,1,306.64,306.64,48.75,39,0.5,0.9999999999967388,0.9999999989999999,40,3.4,United Kingdom,1
13661,1,260,1,325.24,325.24,48.75,17,0.0,-0.9999999999969253,-0.9999999989999999,17,6.9411764705882355,United Kingdom,1
13662,0,42,8,1352.35,169.04375,38.857142857142854,77,0.2,-0.078345102968848,0.0,84,7.571428571428571,United Kingdom,0
13663,0,37,4,1858.04,464.51,88.33333333333333,75,0.2,0.41287593377945964,0.499999999875,86,9.325581395348838,United Kingdom,0
13665,1,43,3,1711.6599999999999,570.5533333333333,58.5,97,0.0,0.9999999999994158,0.9999999996666666,106,15.584905660377359,United Kingdom,0
13666,0,77,1,23.75,23.75,48.75,5,0.0,0.9999999999578947,0.9999999989999999,5,2.2,United Kingdom,1
13668,0,19,14,6201.01,442.92928571428575,24.615384615384617,197,0.2222222222222222,0.25866270172112954,0.0,300,7.766666666666667,United Kingdom,0
13669,1,64,1,195.0,195.0,48.75,5,0.0,0.9999999999948719,0.9999999989999999,5,31.2,United Kingdom,1
13671,1,51,1,172.6,172.6,48.75,61,0.0,0.9999999999942063,0.9999999989999999,64,1.484375,United Kingdom,1
13674,1,89,1,240.68,240.68,48.75,14,0.5,0.9999999999958451,0.9999999989999999,14,7.285714285714286,United Kingdom,1
13676,1,196,2,243.90000000000003,121.95000000000002,80.0,13,0.3333333333333333,-0.9999999999959001,-0.9999999995,13,8.0,United Kingdom,0
13677,1,61,2,551.24,275.62,115.0,98,0.0,0.9999999999981859,0.9999999995,106,2.047169811320755,United Kingdom,0
13679,1,150,2,154.46,77.23,105.0,24,0.0,0.3169752686759228,0.0,29,2.3448275862068964,United Kingdom,0
13680,0,128,5,5414.35,1082.8700000000001,55.0,202,0.0,-0.23550564703053264,-0.19999999996,295,8.155932203389831,United Kingdom,0
13683,1,114,1,258.6,258.6,48.75,10,0.0,0.9999999999961331,0.9999999989999999,10,18.0,United Kingdom,1
13684,0,47,3,529.75,176.58333333333334,114.5,58,0.25,-0.49851816894667583,-0.3333333332222222,79,2.481012658227848,United Kingdom,0
13686,0,37,2,337.04,168.52,21.0,23,0.0,0.999999999997033,0.9999999995,26,11.846153846153847,United Kingdom,0
13687,1,95,1,11880.84,11880.84,48.75,45,0.0,0.9999999999999158,0.9999999989999999,45,1937.0444444444445,United Kingdom,1
13688,1,292,1,375.5,375.5,48.75,5,0.0,-0.9999999999973369,-0.9999999989999999,5,26.0,United Kingdom,1
13689,1,101,1,349.5,349.5,48.75,3,0.0,0.9999999999971388,0.9999999989999999,3,70.0,United Kingdom,1
13691,1,53,1,212.78,212.78,48.75,54,0.0,0.9999999999953003,0.9999999989999999,54,2.685185185185185,United Kingdom,1
13692,0,65,2,1626.08,813.04,11.0,43,0.3333333333333333,0.999999999999385,0.9999999995,43,20.348837209302324,United Kingdom,0
13693,1,31,6,1463.17,243.86166666666668,64.8,57,0.25,0.16425295761930306,0.0,77,8.818181818181818,United Kingdom,0
13694,0,15,83,113070.2,1362.2915662650603,3.951219512195122,578,0.12631578947368421,-0.47440227398553747,-0.5662650602341414,838,121.71599045346062,United Kingdom,0
13695,0,234,1,266.6,266.6,48.75,6,0.0,-0.9999999999962491,-0.9999999989999999,6,31.333333333333332,United Kingdom,1
13696,1,78,3,2020.4,673.4666666666667,121.5,24,0.25,-0.3722035240544584,-0.3333333332222222,24,23.0,United Kingdom,0
13698,1,253,2,451.73,225.865,85.0,31,0.0,-0.9999999999977863,-0.9999999995,38,5.973684210526316,United Kingdom,0
13699,1,207,1,455.57,455.57,48.75,23,0.5,-0.999999999997805,-0.9999999989999999,23,6.6521739130434785,United Kingdom,1
13700,0,74,3,348.34000000000003,116.11333333333334,126.0,41,0.25,0.5317792960885004,-0.3333333332222222,46,10.978260869565217,United Kingdom,0
13701,1,103,1,161.0,161.0,48.75,9,0.5,0.9999999999937889,0.9999999989999999,9,8.88888888888889,United Kingdom,1
13702,1,102,1,135.18,135.18,48.75,5,0.0,0.9999999999926026,0.9999999989999999,5,14.8,United Kingdom,1
13703,0,72,1,326.06,326.06,48.75,35,0.5,0.9999999999969331,0.9999999989999999,36,3.2777777777777777,United Kingdom,1
13705,1,30,5,1323.47,264.694,62.0,43,0.0,0.19937739427399243,0.19999999996,56,11.535714285714286,United Kingdom,0
13706,0,283,1,300.38,300.38,48.75,18,0.0,-0.9999999999966709,-0.9999999989999999,18,6.222222222222222,United Kingdom,1
13707,0,86,3,2559.45,853.15,53.0,102,0.0,0.43698841547971756,0.3333333332222222,107,17.373831775700936,United Kingdom,0
13709,0,103,5,1263.7,252.74,62.5,64,0.0,-0.2207485953943019,-0.19999999996,72,8.527777777777779,United Kingdom,0
13710,1,80,2,329.03999999999996,164.51999999999998,188.0,7,0.0,-0.38584974471071654,0.0,7,22.857142857142858,United Kingdom,0
13711,0,63,6,1413.7,235.61666666666667,58.6,69,0.4,-0.7452359057786341,-0.6666666665555555,73,9.0,United Kingdom,0
13712,0,267,1,537.58,537.58,48.75,23,0.0,-0.9999999999981398,-0.9999999989999999,23,33.73913043478261,United Kingdom,1
13713,1,65,3,740.76,246.92,87.0,70,0.0,0.33047140774295247,0.3333333332222222,80,3.55,United Kingdom,0
13714,1,122,1,161.35,161.35,48.75,30,0.0,0.9999999999938024,0.9999999989999999,30,1.6666666666666667,United Kingdom,1
13715,0,19,15,7570.33,504.6886666666667,19.214285714285715,254,0.16666666666666666,0.18813842989669033,0.19999999998666668,452,9.880530973451327,United Kingdom,0
13717,0,114,2,318.28999999999996,159.14499999999998,28.0,21,0.5,0.9999999999968583,0.9999999995,22,8.409090909090908,United Kingdom,0
13719,0,50,6,1741.4,290.23333333333335,35.0,149,0.0,-0.10241185253238637,0.0,188,5.207446808510638,United Kingdom,0
13721,1,52,1,217.39999999999998,217.39999999999998,48.75,14,0.0,0.9999999999954002,0.9999999989999999,14,14.0,United Kingdom,1
13722,0,77,7,3260.0,465.7142857142857,37.333333333333336,84,0.0,0.592306748466076,0.7142857141836735,104,15.942307692307692,United Kingdom,0
13723,0,49,5,994.23,198.846,54.5,46,0.0,0.15395833961945027,0.19999999996,52,10.576923076923077,United Kingdom,0
13724,1,294,1,213.01,213.01,48.75,39,0.0,-0.9999999999953054,-0.9999999989999999,42,3.0952380952380953,United Kingdom,1
13727,1,268,5,610.07,122.01400000000001,22.25,50,0.16666666666666666,-0.9999999999983609,-0.9999999998,57,3.4035087719298245,United Kingdom,0
13728,0,44,9,1704.03,189.33666666666667,38.5,54,0.0,0.04921861704309829,0.11111111109876542,94,8.159574468085106,United Kingdom,0
13729,1,92,3,724.73,241.57666666666668,123.5,36,0.4,0.012377023167231452,0.3333333332222222,39,10.743589743589743,United Kingdom,0
13733,1,67,1,337.93,337.93,48.75,19,0.0,0.9999999999970408,0.9999999989999999,19,14.368421052631579,United Kingdom,1
13734,1,165,4,6695.6900000000005,1673.9225000000001,31.0,24,0.3333333333333333,0.9164835886964723,0.499999999875,27,11.185185185185185,United Kingdom,0
13735,0,33,8,6389.610000000001,798.7012500000001,43.857142857142854,256,0.38461538461538464,0.17584641316133906,0.0,410,6.807317073170732,United Kingdom,0
13736,0,82,4,1311.83,327.9575,39.333333333333336,176,0.42857142857142855,0.013866125946186683,0.499999999875,249,2.7028112449799195,United Kingdom,0
13738,1,53,1,434.78000000000003,434.78000000000003,48.75,88,0.0,0.9999999999977001,0.9999999989999999,89,2.662921348314607,United Kingdom,1
13739,1,184,1,75.3,75.3,48.75,3,0.0,-0.9999999999867197,-0.9999999989999999,3,7.333333333333333,United Kingdom,1
13740,0,72,3,935.3299999999999,311.77666666666664,80.5,48,0.0,0.33520789453953664,0.3333333332222222,52,9.01923076923077,United Kingdom,0
13745,0,203,1,477.32,477.32,48.75,31,0.5,-0.999999999997905,-0.9999999989999999,31,20.967741935483872,United Kingdom,1
13746,1,70,1,176.69,176.69,48.75,9,0.0,0.9999999999943404,0.9999999989999999,9,9.222222222222221,United Kingdom,1
13747,1,30,2,169.79999999999998,84.89999999999999,51.0,4,0.0,0.9999999999941108,0.9999999995,5,12.0,United Kingdom,0
13748,0,30,4,1147.0,286.75,14.333333333333334,16,0.0,0.9999999999991281,0.99999999975,24,24.125,United Kingdom,0
13750,0,37,6,1954.92,325.82,46.8,34,0.25,0.03983794733286286,0.0,51,16.745098039215687,United Kingdom,0
13752,0,184,1,404.45000000000005,404.45000000000005,48.75,19,0.0,-0.9999999999975275,-0.9999999989999999,19,6.894736842105263,United Kingdom,1
13753,0,255,2,711.11,355.555,53.0,27,0.0,-0.9999999999985938,-0.9999999995,29,17.586206896551722,United Kingdom,0
13754,0,94,1,164.45000000000002,164.45000000000002,48.75,9,0.0,0.9999999999939192,0.9999999989999999,9,11.222222222222221,United Kingdom,1
13756,0,15,11,4288.58,389.8709090909091,32.3,102,0.08333333333333333,0.5143427428191816,0.2727272727024793,208,11.274038461538462,United Kingdom,0
13757,1,331,1,195.55,195.55,48.75,8,0.0,-0.9999999999948863,-0.9999999989999999,8,6.75,United Kingdom,1
13758,0,23,8,4359.49,544.93625,44.57142857142857,119,0.3333333333333333,0.16722827670205298,0.24999999996875,144,17.208333333333332,United Kingdom,0
13760,0,61,3,1076.85,358.95,94.5,53,0.25,-0.25187351998862245,-0.3333333332222222,62,6.870967741935484,United Kingdom,0
13761,0,159,4,881.52,220.38,51.0,50,0.0,-0.33723568381847574,0.0,52,8.403846153846153,United Kingdom,0
13762,0,250,4,2165.76,541.44,34.333333333333336,21,0.0,-0.9999999999995383,-0.99999999975,28,83.42857142857143,United Kingdom,0
13763,1,74,2,3502.48,1751.24,17.0,35,0.3333333333333333,0.9999999999997145,0.9999999995,35,71.31428571428572,United Kingdom,0
13764,0,226,3,1400.2,466.73333333333335,36.5,141,0.0,-0.9999999999992858,-0.9999999996666666,163,7.104294478527607,United Kingdom,0
13765,1,310,1,352.821,352.821,48.75,17,0.0,-0.9999999999971657,-0.9999999989999999,17,17.470588235294116,United Kingdom,1
13766,1,152,1,190.35,190.35,48.75,16,0.0,0.9999999999947465,0.9999999989999999,17,8.058823529411764,United Kingdom,1
13767,0,15,39,16611.170000000002,425.92743589743594,8.605263157894736,93,0.1702127659574468,0.4282220939283369,0.3333333333247864,413,17.92493946731235,United Kingdom,0
13769,0,24,10,2789.66,278.966,31.88888888888889,78,0.2857142857142857,0.22001247463840756,0.19999999998,140,9.642857142857142,United Kingdom,0
13770,1,79,3,611.04,203.67999999999998,111.5,42,0.0,0.70542026708447,0.3333333332222222,42,8.5,United Kingdom,0
13771,0,190,5,3094.37,618.874,29.25,85,0.0,-0.9999999999996768,-0.9999999998,97,17.144329896907216,United Kingdom,0
13772,0,57,5,1977.3899999999999,395.47799999999995,63.0,290,0.16666666666666666,0.15840577731243788,0.19999999996,394,2.299492385786802,United Kingdom,0
13773,1,53,2,301.54,150.77,263.0,19,0.0,0.39377860316908614,0.0,19,9.157894736842104,United Kingdom,0
13775,1,247,1,1049.66,1049.66,48.75,63,0.0,-0.9999999999990473,-0.9999999989999999,63,7.222222222222222,United Kingdom,1
13776,1,85,2,623.98,311.99,0.0,1,0.75,0.9999999999983974,0.9999999995,2,1.0,United Kingdom,0
13777,0,8,33,23497.84,712.0557575757575,10.25,31,0.13157894736842105,0.737948679538173,0.3939393939274564,162,65.67283950617283,United Kingdom,0
13778,1,148,3,945.79,315.2633333333333,36.5,27,0.25,-0.7450808318963565,-0.3333333332222222,35,12.6,United Kingdom,0
13779,1,172,1,161.13,161.13,48.75,27,0.0,0.9999999999937939,0.9999999989999999,27,1.962962962962963,United Kingdom,1
13780,0,64,1,372.06,372.06,48.75,35,0.0,0.9999999999973123,0.9999999989999999,41,3.926829268292683,United Kingdom,1
13781,0,249,1,336.55,336.55,48.75,22,0.0,-0.9999999999970287,-0.9999999989999999,22,5.909090909090909,United Kingdom,1
13782,0,110,6,744.8199999999999,124.13666666666666,47.0,97,0.14285714285714285,-0.19610107139953803,0.0,115,2.139130434782609,United Kingdom,0
13783,1,144,4,1542.09,385.5225,61.0,4,0.0,-0.7317277201715,-0.499999999875,10,343.7,United Kingdom,0
13784,0,91,3,447.44,149.14666666666668,7.0,9,0.25,0.9999999999977651,0.9999999996666666,12,27.833333333333332,United Kingdom,0
13785,1,85,4,542.49,135.6225,10.0,26,0.0,0.9999999999981567,0.99999999975,30,5.033333333333333,United Kingdom,0
13786,1,24,5,2404.9,480.98,66.25,73,0.2857142857142857,-0.2720695247202495,-0.19999999996,96,12.416666666666666,United Kingdom,0
13787,1,21,5,1019.86,203.972,82.25,56,0.375,0.009805267389632047,-0.19999999996,62,11.564516129032258,United Kingdom,0
13788,1,162,1,3.75,3.75,48.75,1,0.0,0.9999999997333333,0.9999999989999999,1,1.0,United Kingdom,1
13789,1,45,1,239.45999999999998,239.45999999999998,48.75,18,0.0,0.999999999995824,0.9999999989999999,18,14.333333333333334,United Kingdom,1
13792,0,79,1,188.4,188.4,48.75,10,0.0,0.9999999999946922,0.9999999989999999,10,6.4,United Kingdom,1
13793,1,303,1,96.0,96.0,48.75,7,0.0,-0.9999999999895833,-0.9999999989999999,7,7.428571428571429,United Kingdom,1
13794,1,203,1,126.03,126.03,48.75,9,0.0,-0.9999999999920653,-0.9999999989999999,9,7.0,United Kingdom,1
13795,1,45,4,836.3,209.075,82.33333333333333,23,0.0,0.46789429630459417,0.499999999875,29,43.10344827586207,United Kingdom,0
13796,1,156,1,289.7,289.7,48.75,22,0.0,0.9999999999965482,0.9999999989999999,22,9.909090909090908,United Kingdom,1
13797,1,93,3,1179.45,393.15000000000003,105.0,71,0.25,-0.13081521047934982,-0.3333333332222222,78,7.346153846153846,United Kingdom,0
13798,0,21,52,41160.52,791.5484615384614,6.2745098039215685,121,0.1746031746031746,0.17771155466451402,-0.03846153846079882,389,65.92030848329048,United Kingdom,0
13799,0,101,7,2114.71,302.1014285714286,32.833333333333336,44,0.36363636363636365,-0.15318885331787666,-0.1428571428367347,67,16.970149253731343,United Kingdom,0
13800,0,87,1,642.54,642.54,48.75,21,0.0,0.9999999999984437,0.9999999989999999,21,15.142857142857142,United Kingdom,1
13802,0,31,16,21659.69,1353.730625,18.8,197,0.15789473684210525,-0.046398170980284245,-0.249999999984375,388,29.786082474226806,United Kingdom,0
13803,0,88,2,1061.84,530.92,187.0,58,0.3333333333333333,0.1834362992539521,0.0,61,11.639344262295081,United Kingdom,0
13804,0,92,2,572.73,286.365,1.0,32,0.0,0.999999999998254,0.9999999995,32,10.46875,United Kingdom,0
13807,1,24,2,314.25,157.125,207.0,18,0.0,-0.2833731105798461,0.0,18,4.055555555555555,United Kingdom,0
13809,0,51,2,524.65,262.325,65.0,13,0.0,0.999999999998094,0.9999999995,13,19.384615384615383,Cyprus,0
13813,1,184,3,1115.46,371.82,69.0,46,0.5,-0.9999999999991035,-0.9999999996666666,61,9.39344262295082,Germany,0
13814,1,184,1,678.2,678.2,48.75,22,0.5,-0.9999999999985255,-0.9999999989999999,22,15.909090909090908,Germany,1
13815,0,63,4,3448.38,862.095,86.0,124,0.2,-0.1744877304704892,0.0,180,15.672222222222222,Germany,0
13817,1,8,1,128.7,128.7,48.75,9,0.0,0.9999999999922301,0.9999999989999999,9,7.0,Germany,1
13818,1,86,1,61.28,61.28,48.75,5,0.0,0.9999999999836815,0.9999999989999999,5,12.0,United Kingdom,1
13819,0,326,1,419.6,419.6,48.75,19,0.0,-0.9999999999976168,-0.9999999989999999,19,20.0,United Kingdom,1
13820,1,75,3,652.75,217.58333333333334,130.5,68,0.4,-0.18428188433522127,-0.3333333332222222,89,3.202247191011236,United Kingdom,0
13821,0,50,4,993.4399999999999,248.35999999999999,103.0,132,0.2,-0.3298236430983956,-0.499999999875,145,2.2344827586206897,United Kingdom,0
13823,1,37,4,2054.24,513.56,97.0,72,0.2,0.18296791027329667,0.0,96,9.166666666666666,United Kingdom,0
13824,0,36,7,1615.82,230.83142857142857,42.5,34,0.2222222222222222,0.1480981792525479,0.1428571428367347,54,12.481481481481481,United Kingdom,0
13825,1,278,1,112.23,112.23,48.75,18,0.0,-0.9999999999910897,-0.9999999989999999,18,4.333333333333333,United Kingdom,1
13829,1,78,1,102.0,102.0,48.75,1,0.5,0.9999999999901961,0.9999999989999999,1,12.0,United Kingdom,1
13830,1,238,1,156.85000000000002,156.85000000000002,48.75,11,0.5,-0.9999999999936245,-0.9999999989999999,11,4.2727272727272725,United Kingdom,1
13831,0,26,11,3578.1299999999997,325.2845454545454,32.9,64,0.15384615384615385,-0.025345641438397844,-0.45454545450413225,85,15.529411764705882,United Kingdom,0
13832,1,79,1,557.6899999999999,557.6899999999999,48.75,51,0.0,0.9999999999982069,0.9999999989999999,52,7.538461538461538,United Kingdom,1
13833,1,61,1,316.56,316.56,48.75,16,0.0,0.9999999999968411,0.9999999989999999,16,7.875,United Kingdom,1
13834,1,233,2,324.19,162.095,92.0,15,0.0,-0.9999999999969155,-0.9999999995,16,13.8125,United Kingdom,0
13835,0,176,3,260.7,86.89999999999999,62.5,15,0.25,-0.411200613730682,-0.3333333332222222,16,4.875,United Kingdom,0
13836,1,56,2,620.37,310.185,15.0,29,0.3333333333333333,0.9999999999983881,0.9999999995,31,8.806451612903226,United Kingdom,0
13838,1,26,7,1245.91,177.98714285714286,34.666666666666664,242,0.0,0.6140331163562263,0.7142857141836735,287,1.8118466898954704,United Kingdom,0
13839,1,143,1,139.95000000000002,139.95000000000002,48.75,7,0.0,0.9999999999928547,0.9999999989999999,7,3.5714285714285716,United Kingdom,1
13840,1,73,1,651.4,651.4,48.75,40,0.0,0.9999999999984649,0.9999999989999999,40,8.95,United Kingdom,1
13842,0,23,10,2244.29,224.429,32.333333333333336,113,0.09090909090909091,0.3908630346343874,0.0,149,7.456375838926174,United Kingdom,0
13843,1,38,1,319.75,319.75,48.75,18,0.0,0.9999999999968726,0.9999999989999999,18,8.055555555555555,United Kingdom,1
13846,0,17,2,854.13,427.065,39.0,54,0.0,0.9999999999988293,0.9999999995,54,10.203703703703704,United Kingdom,0
13848,0,23,5,1600.0,320.0,65.25,1,0.0,0.199999999999875,0.19999999996,5,1000.0,United Kingdom,0
13849,0,54,3,1931.35,643.7833333333333,113.0,108,0.25,0.47223444740700954,0.3333333332222222,119,7.285714285714286,United Kingdom,0
13851,0,36,5,1955.0,391.0,74.5,45,0.16666666666666666,0.7961125319689023,0.59999999988,59,13.898305084745763,United Kingdom,0
13852,1,267,1,187.35000000000002,187.35000000000002,48.75,11,0.5,-0.9999999999946625,-0.9999999989999999,11,7.7272727272727275,United Kingdom,1
13854,0,14,16,4444.48,277.78,22.333333333333332,41,0.15789473684210525,0.13318543451649392,0.0,79,20.582278481012658,United Kingdom,0
13855,1,157,2,501.24,250.62,95.0,31,0.3333333333333333,-0.5721011890500117,0.0,31,9.903225806451612,United Kingdom,0
13856,0,120,8,753.53,94.19125,21.714285714285715,27,0.2,-0.48965535545965044,-0.4999999999375,40,15.275,United Kingdom,0
13857,1,50,6,1001.01,166.835,35.0,99,0.14285714285714285,0.5709333573085474,0.6666666665555555,128,6.109375,United Kingdom,0
13859,0,186,1,314.7,314.7,48.75,8,0.0,-0.9999999999968224,-0.9999999989999999,8,4.75,United Kingdom,1
13861,1,86,2,273.26,136.63,101.0,21,0.3333333333333333,0.060016101880772756,0.0,21,10.714285714285714,United Kingdom,0
13862,0,46,1,346.73,346.73,48.75,21,0.0,0.999999999997116,0.9999999989999999,21,11.380952380952381,United Kingdom,1
13863,0,122,3,933.77,311.25666666666666,63.5,43,0.25,-0.3539094209491054,-0.3333333332222222,50,6.58,United Kingdom,0
13864,1,43,1,662.4000000000001,662.4000000000001,48.75,1,0.0,0.9999999999984903,0.9999999989999999,1,192.0,United Kingdom,1
13869,0,14,7,5236.84,748.12,55.166666666666664,366,0.0,0.051714392648992136,0.1428571428367347,555,4.953153153153153,United Kingdom,0
13870,0,44,7,2941.14,420.16285714285715,46.666666666666664,86,0.125,0.12591716137275816,0.4285714285102041,126,16.857142857142858,United Kingdom,0
13871,0,85,3,928.6,309.53333333333336,96.0,29,0.5,-0.31380572905415266,-0.3333333332222222,35,12.142857142857142,United Kingdom,0
13872,1,184,2,667.45,333.725,99.0,38,0.5,-0.9999999999985018,-0.9999999995,41,6.219512195121951,United Kingdom,0
13873,0,40,5,649.32,129.864,65.0,36,0.0,0.19084580792184005,0.19999999996,37,8.972972972972974,United Kingdom,0
13874,1,15,7,2049.15,292.7357142857143,52.0,46,0.2222222222222222,0.08158992753088766,-0.1428571428367347,69,12.521739130434783,United Kingdom,0
13875,0,44,8,2862.99,357.87375,40.57142857142857,107,0.0,-0.2436508684975345,-0.24999999996875,155,10.432258064516128,United Kingdom,0
13877,1,127,2,332.44000000000005,166.22000000000003,219.0,20,0.5,0.06852364336400997,0.0,20,18.5,United Kingdom,0
13878,1,204,3,1145.33,381.77666666666664,27.5,59,0.0,-0.9999999999991269,-0.9999999996666666,67,6.925373134328358,United Kingdom,0
13879,1,302,1,395.5,395.5,48.75,25,0.0,-0.9999999999974716,-0.9999999989999999,25,8.16,United Kingdom,1
13880,0,24,5,1171.89,234.37800000000001,48.25,50,0.0,0.615032127588242,0.59999999988,64,11.671875,United Kingdom,0
13881,0,32,23,28019.58,1218.2426086956523,11.909090909090908,148,0.20689655172413793,0.22810263394382677,0.304347826073724,279,70.40143369175627,United Kingdom,0
13883,0,60,9,3860.89,428.98777777777775,30.25,135,0.4,0.15211777595317344,-0.11111111109876542,172,12.476744186046512,United Kingdom,0
13884,0,33,5,1037.4299999999998,207.48599999999996,22.75,87,0.375,0.9999999999990361,0.9999999998,123,3.6747967479674797,United Kingdom,0
13888,0,61,5,1405.92,281.184,42.25,96,0.0,0.597459314896582,0.19999999996,132,4.098484848484849,United Kingdom,0
13889,1,39,5,1574.33,314.866,75.5,50,0.2857142857142857,0.19879567816137744,0.19999999996,68,12.25,United Kingdom,0
13890,1,15,4,1020.2700000000001,255.06750000000002,95.0,44,0.42857142857142855,-0.01275152655668327,0.0,61,9.262295081967213,United Kingdom,0
13891,1,35,3,859.21,286.40333333333336,101.5,97,0.0,0.07263649166085985,0.3333333332222222,99,4.808080808080808,United Kingdom,0
13892,0,134,2,634.6800000000001,317.34000000000003,97.0,8,0.0,-0.6551332955179694,0.0,9,238.0,United Kingdom,0
13895,0,172,1,584.4499999999999,584.4499999999999,48.75,26,0.5,0.999999999998289,0.9999999989999999,26,11.038461538461538,United Kingdom,1
13896,1,282,1,388.55,388.55,48.75,21,0.0,-0.9999999999974264,-0.9999999989999999,21,7.095238095238095,United Kingdom,1
13897,1,95,2,849.56,424.78,238.0,42,0.0,-0.13628231084309966,0.0,42,14.761904761904763,United Kingdom,0
13898,0,68,1,530.47,530.47,48.75,34,0.0,0.999999999998115,0.9999999989999999,34,12.088235294117647,United Kingdom,1
13900,0,46,3,869.6400000000001,289.88000000000005,117.5,46,0.25,0.40090152246860666,0.3333333332222222,52,9.76923076923077,United Kingdom,0
13901,0,31,10,2809.14,280.914,36.44444444444444,148,0.3333333333333333,-0.27196935716971316,-0.19999999998,161,9.968944099378882,United Kingdom,0
13902,1,289,4,33665.6,8416.4,17.666666666666668,53,0.2,-0.9999999999999704,-0.99999999975,56,3937.6071428571427,Denmark,0
13903,1,57,1,165.45000000000002,165.45000000000002,48.75,10,0.0,0.999999999993956,0.9999999989999999,10,10.3,United Kingdom,1
13906,1,66,1,42.0,42.0,48.75,1,0.0,0.9999999999761906,0.9999999989999999,1,100.0,United Kingdom,1
13907,1,348,1,136.8,136.8,48.75,4,0.0,-0.9999999999926902,-0.9999999989999999,4,17.0,United Kingdom,1
13909,1,80,2,282.84999999999997,141.42499999999998,98.0,35,0.0,0.9999999999964646,0.9999999995,38,7.921052631578948,United Kingdom,0
13911,0,36,11,1654.08,150.3709090909091,26.4,67,0.15384615384615385,-0.3848060553296184,-0.6363636363057851,90,19.511111111111113,United Kingdom,0
13912,1,80,1,124.95,124.95,48.75,7,0.0,0.9999999999919967,0.9999999989999999,7,4.142857142857143,United Kingdom,1
13913,1,163,1,42.22,42.22,48.75,3,0.0,0.9999999999763146,0.9999999989999999,3,3.3333333333333335,United Kingdom,1
13915,1,51,1,70.80000000000001,70.80000000000001,48.75,2,0.0,0.9999999999858756,0.9999999989999999,2,12.0,United Kingdom,1
13916,1,120,4,1275.81,318.9525,70.33333333333333,72,0.0,-0.45543615428593964,-0.499999999875,74,9.094594594594595,United Kingdom,0
13919,1,81,2,975.87,487.935,116.0,45,0.0,-0.2650660436325893,0.0,49,13.448979591836734,Denmark,0
13920,1,88,4,1774.68,443.67,43.0,81,0.2,0.4098654405298928,0.499999999875,86,20.6046511627907,United Kingdom,0
13921,1,59,3,627.95,209.3166666666667,68.5,33,0.25,0.21538339039698168,0.3333333332222222,37,5.0,United Kingdom,0
13922,1,8,3,865.2,288.40000000000003,57.5,30,0.4,0.9999999999988443,0.9999999996666666,30,15.566666666666666,United Kingdom,0
13927,1,94,1,359.27,359.27,48.75,20,0.5,0.9999999999972166,0.9999999989999999,20,12.45,United Kingdom,1
13929,0,73,9,2651.45,294.60555555555555,34.5,37,0.18181818181818182,-0.10318504968975352,-0.3333333332962963,48,29.645833333333332,United Kingdom,0
13931,0,49,6,2389.79,398.29833333333335,45.8,102,0.0,0.5804150155450561,0.6666666665555555,127,15.062992125984252,United Kingdom,0
13935,1,253,3,6116.92,2038.9733333333334,27.5,67,0.0,-0.9999999999998365,-0.9999999996666666,80,28.15,United Kingdom,0
13936,0,39,2,563.08,281.54,31.0,31,0.0,0.9999999999982241,0.9999999995,33,10.030303030303031,United Kingdom,0
13937,0,59,1,721.28,721.28,48.75,45,0.5,0.9999999999986136,0.9999999989999999,45,10.311111111111112,United Kingdom,1
13939,0,88,4,992.41,248.1025,60.0,52,0.3333333333333333,0.0897915176186356,-0.499999999875,65,11.707692307692307,United Kingdom,0
13941,0,29,10,5228.24,522.824,33.77777777777778,27,0.09090909090909091,-0.11794408825912389,-0.19999999998,49,56.244897959183675,United Kingdom,0
13942,1,191,1,320.0,320.0,48.75,1,0.0,-0.999999999996875,-0.9999999989999999,1,1000.0,United Kingdom,1
13943,1,234,1,246.54,246.54,48.75,15,0.0,-0.9999999999959439,-0.9999999989999999,15,6.266666666666667,United Kingdom,1
13944,1,310,1,200.43,200.43,48.75,35,0.0,-0.9999999999950108,-0.9999999989999999,35,4.371428571428571,United Kingdom,1
13945,1,51,2,854.15,427.075,85.0,49,0.0,0.9999999999988293,0.9999999995,51,8.098039215686274,United Kingdom,0
13946,0,33,2,1034.46,517.23,258.0,17,0.3333333333333333,0.07052955165006816,0.0,19,115.6842105263158,United Kingdom,0
13948,1,17,3,393.11,131.03666666666666,143.5,17,0.25,0.4573529037662299,0.3333333332222222,17,10.882352941176471,United Kingdom,0
13952,0,37,11,8345.66,758.6963636363636,27.4,169,0.15384615384615385,-0.2821849919598591,-0.09090909090082644,241,16.261410788381742,United Kingdom,0
13953,0,9,5,3125.0,625.0,79.75,1,0.0,-0.0399999999999872,0.19999999996,5,500.0,United Kingdom,0
13955,0,32,1,221.10999999999999,221.10999999999999,48.75,52,0.0,0.9999999999954774,0.9999999989999999,52,2.269230769230769,United Kingdom,1
13957,1,74,3,458.25,152.75,120.0,21,0.0,-0.1299509001633825,-0.3333333332222222,27,5.814814814814815,United Kingdom,0
13958,1,36,6,3897.6800000000003,649.6133333333333,52.2,158,0.25,0.4195778001271475,0.0,202,9.222772277227723,United Kingdom,0
13959,0,19,4,685.47,171.3675,49.0,61,0.0,0.9999999999985412,0.99999999975,83,5.506024096385542,United Kingdom,0
13961,1,49,1,538.4,538.4,48.75,19,0.5,0.9999999999981427,0.9999999989999999,19,11.894736842105264,United Kingdom,1
13962,0,92,1,193.25,193.25,48.75,12,0.0,0.9999999999948254,0.9999999989999999,12,6.083333333333333,United Kingdom,1
13963,0,24,14,2347.33,167.66642857142855,17.153846153846153,107,0.06666666666666667,0.511683487195873,0.571428571387755,137,11.686131386861314,United Kingdom,0
13964,1,44,2,438.9,219.45,43.0,22,0.3333333333333333,0.9999999999977216,0.9999999995,24,9.5,United Kingdom,0
13965,1,133,3,996.61,332.2033333333333,113.0,23,0.4,-0.5773672750618823,-0.3333333332222222,24,17.708333333333332,United Kingdom,0
13966,1,92,1,384.26,384.26,48.75,21,0.0,0.9999999999973976,0.9999999989999999,21,36.19047619047619,United Kingdom,1
13967,1,53,1,85.6,85.6,48.75,4,0.0,0.9999999999883177,0.9999999989999999,4,6.0,United Kingdom,1
13968,1,80,1,123.66,123.66,48.75,8,0.0,0.9999999999919132,0.9999999989999999,8,21.75,United Kingdom,1
13969,0,22,18,4266.88,237.04888888888888,14.823529411764707,240,0.1,0.5906610919452642,0.5555555555246914,470,4.776595744680851,United Kingdom,0
13970,1,43,2,846.55,423.275,51.0,10,0.0,0.9999999999988187,0.9999999995,13,36.07692307692308,United Kingdom,0
13971,0,80,6,1909.31,318.2183333333333,51.4,87,0.14285714285714285,0.04750930964586816,0.0,106,11.69811320754717,United Kingdom,0
13974,1,239,1,264.13,264.13,48.75,15,0.6666666666666666,-0.999999999996214,-0.9999999989999999,15,7.133333333333334,United Kingdom,1
13975,0,50,6,2795.16,465.85999999999996,56.0,290,0.14285714285714285,-0.003699251563415411,0.0,408,5.360294117647059,United Kingdom,0
13976,0,163,3,834.3800000000001,278.1266666666667,80.5,43,0.0,-0.2771638821636699,-0.3333333332222222,46,6.478260869565218,United Kingdom,0
13977,1,68,1,519.8100000000001,519.8100000000001,48.75,13,0.0,0.9999999999980762,0.9999999989999999,13,23.307692307692307,United Kingdom,1
13979,1,50,5,2306.28,461.25600000000003,63.25,300,0.4444444444444444,0.05559602476713341,-0.19999999996,326,4.542944785276074,United Kingdom,0
13980,1,96,4,568.6800000000001,142.17000000000002,71.66666666666667,47,0.5,0.0836674403881204,0.0,52,5.596153846153846,United Kingdom,0
13981,1,72,1,331.14,331.14,48.75,22,0.5,0.9999999999969802,0.9999999989999999,22,10.636363636363637,United Kingdom,1
13982,0,22,6,2511.08,418.5133333333333,64.0,87,0.3333333333333333,-0.3260350128230379,-0.33333333327777775,137,11.313868613138686,United Kingdom,0
13983,0,23,9,4303.87,478.2077777777778,40.375,182,0.47058823529411764,-0.2332342751987785,-0.11111111109876542,224,12.84375,United Kingdom,0
13984,0,23,6,868.59,144.76500000000001,60.4,44,0.0,0.746094244694567,0.6666666665555555,69,8.579710144927537,United Kingdom,0
13985,0,31,7,2960.73,422.9614285714286,48.5,81,0.125,0.5992677481565022,0.4285714285102041,131,11.381679389312977,United Kingdom,0
13987,1,36,2,682.54,341.27,21.0,46,0.0,0.999999999998535,0.9999999995,46,10.695652173913043,United Kingdom,0
13988,0,40,2,609.8399999999999,304.91999999999996,242.0,54,0.0,-0.01731601731598893,0.0,61,5.590163934426229,United Kingdom,0
13989,0,121,3,759.98,253.32666666666668,49.5,34,0.0,0.048185478565162004,0.3333333332222222,45,19.866666666666667,United Kingdom,0
13992,1,37,2,142.7,71.35,82.0,5,0.0,0.9999999999929924,0.9999999995,6,15.0,United Kingdom,0
13993,0,36,9,2752.6,305.84444444444443,35.75,70,0.18181818181818182,0.24458330305883721,0.11111111109876542,115,8.97391304347826,United Kingdom,0
13995,0,36,8,2364.62,295.5775,37.857142857142854,104,0.2727272727272727,0.2441068755232367,0.0,138,10.246376811594203,United Kingdom,0
13996,1,43,2,895.76,447.88,13.0,29,0.0,0.9999999999988837,0.9999999995,33,18.575757575757574,United Kingdom,0
13997,1,176,3,376.46000000000004,125.48666666666668,15.5,36,0.0,0.23736917600744464,0.3333333332222222,44,3.25,United Kingdom,0
13998,1,103,3,566.7,188.9,64.5,30,0.0,0.06811364037397538,0.3333333332222222,31,6.580645161290323,United Kingdom,0
13999,0,18,16,5195.0,324.6875,22.0,121,0.2,-0.028273339749753962,0.0,241,10.995850622406639,United Kingdom,0
14000,0,71,3,1218.68,406.2266666666667,90.5,21,0.4,-0.13352151508178234,0.3333333332222222,32,33.75,United Kingdom,0
14001,0,30,7,2487.01,355.2871428571429,19.666666666666668,42,0.0,0.9999999999995979,0.9999999998571428,73,12.479452054794521,United Kingdom,0
14004,0,50,4,1675.81,418.9525,14.0,61,0.0,0.9999999999994033,0.99999999975,70,10.814285714285715,United Kingdom,0
14006,0,185,4,1234.48,308.62,41.0,40,0.0,-0.99999999999919,-0.99999999975,47,32.765957446808514,United Kingdom,0
14007,1,169,1,79.48,79.48,48.75,5,0.0,0.9999999999874182,0.9999999989999999,5,3.2,United Kingdom,1
14008,1,89,1,509.04,509.04,48.75,32,0.5,0.9999999999980356,0.9999999989999999,32,10.1875,United Kingdom,1
14009,0,119,1,404.3,404.3,48.75,32,0.0,0.9999999999975266,0.9999999989999999,32,18.3125,United Kingdom,1
14010,1,222,2,445.15,222.575,0.0,20,0.3333333333333333,-0.9999999999977536,-0.9999999995,24,7.375,United Kingdom,0
14011,1,137,2,457.82,228.91,127.0,32,0.3333333333333333,-0.27709580184291394,0.0,32,20.125,United Kingdom,0
14013,0,37,2,611.55,305.775,243.0,30,0.0,0.430300057230921,0.0,34,9.205882352941176,United Kingdom,0
14014,1,33,2,1443.0299999999997,721.5149999999999,200.0,37,0.0,0.61655682833994,0.0,37,25.08108108108108,United Kingdom,0
14016,0,14,8,7815.94,976.9925,48.57142857142857,273,0.1111111111111111,0.006844986015756723,0.0,326,12.180981595092025,EIRE,0
14017,1,228,1,229.75,229.75,48.75,14,0.0,-0.9999999999956475,-0.9999999989999999,14,5.214285714285714,United Kingdom,1
14018,1,302,1,367.15000000000003,367.15000000000003,48.75,13,0.0,-0.9999999999972764,-0.9999999989999999,13,17.23076923076923,United Kingdom,1
14020,1,133,2,606.21,303.105,52.0,29,0.3333333333333333,-0.005196219131975451,0.0,33,6.2727272727272725,United Kingdom,0
14021,0,31,4,1084.68,271.17,72.33333333333333,64,0.0,0.11527823874311754,0.0,68,10.088235294117647,United Kingdom,0
14022,0,143,1,352.15000000000003,352.15000000000003,48.75,19,0.0,0.9999999999971604,0.9999999989999999,19,10.210526315789474,United Kingdom,1
14024,1,47,1,318.04,318.04,48.75,18,0.0,0.9999999999968557,0.9999999989999999,18,4.888888888888889,United Kingdom,1
14025,1,121,8,4057.9,507.2375,16.571428571428573,60,0.2,-0.5653318218781721,-0.24999999996875,99,19.333333333333332,United Kingdom,0
14026,1,127,2,713.11,356.555,154.0,43,0.0,-0.08406837654767985,0.0,50,8.54,United Kingdom,0
14028,1,207,3,10396.5,3465.5,0.0,3,0.4,-0.9999999999999037,-0.9999999996666666,9,796.6666666666666,United Kingdom,0
14030,0,23,12,5120.01,426.6675,27.454545454545453,424,0.0,0.04112296655669794,0.16666666665277777,555,4.423423423423423,United Kingdom,0
14031,0,14,23,20291.11,882.2221739130435,15.090909090909092,156,0.20689655172413793,0.2342390337443228,0.21739130433837428,433,16.76443418013857,United Kingdom,0
14032,0,12,5,1572.6,314.52,81.5,48,0.4444444444444444,0.6116749332312021,0.59999999988,87,15.781609195402298,United Kingdom,0
14033,1,212,1,109.44,109.44,48.75,1,0.0,-0.9999999999908625,-0.9999999989999999,1,576.0,United Kingdom,1
14035,0,63,4,1366.73,341.6825,67.66666666666667,42,0.3333333333333333,0.43719681283030504,0.0,79,8.430379746835444,United Kingdom,0
14037,0,21,4,583.22,145.805,106.0,64,0.2,-0.07160248276795787,0.0,66,6.242424242424242,United Kingdom,0
14038,0,54,2,1509.5,754.75,276.0,54,0.5,0.06651209009601422,0.0,69,10.768115942028986,United Kingdom,0
14039,1,232,1,115.08000000000001,115.08000000000001,48.75,4,0.0,-0.9999999999913104,-0.9999999989999999,4,25.0,United Kingdom,1
14040,0,43,21,7892.2,375.81904761904764,14.6,236,0.16,-0.0442462177846425,-0.14285714285034012,479,6.233820459290188,United Kingdom,0
14043,1,148,1,138.29,138.29,48.75,21,0.0,0.9999999999927689,0.9999999989999999,21,3.238095238095238,United Kingdom,1
14044,0,75,6,2431.28,405.21333333333337,52.6,446,0.14285714285714285,0.31710045737211795,0.0,620,2.8967741935483873,United Kingdom,0
14045,0,30,13,9653.28,742.5600000000001,26.666666666666668,16,0.1875,0.06376278321979015,-0.07692307691715976,32,126.625,United Kingdom,0
14047,0,29,10,2946.42,294.642,33.44444444444444,87,0.2857142857142857,0.34130232621271195,0.59999999994,132,9.606060606060606,United Kingdom,0
14048,0,39,2,338.76,169.38,0.0,55,0.0,0.9999999999970481,0.9999999995,56,3.1964285714285716,United Kingdom,0
14049,0,44,9,7444.68,827.1866666666667,28.25,364,0.25,0.05313055765995949,0.3333333332962963,583,8.013722126929673,United Kingdom,0
14051,0,11,15,6915.360000000001,461.02400000000006,24.285714285714285,52,0.11764705882352941,0.44858112954344403,0.46666666663555556,126,17.41269841269841,United Kingdom,0
14052,1,47,1,241.3,241.3,48.75,65,0.0,0.9999999999958559,0.9999999989999999,65,1.3076923076923077,United Kingdom,1
14053,1,54,2,312.05,156.025,89.0,3,0.0,0.9999999999967955,0.9999999995,5,55.0,United Kingdom,0
14055,1,234,1,521.0,521.0,48.75,14,0.0,-0.9999999999980806,-0.9999999989999999,14,7.428571428571429,United Kingdom,1
14057,0,17,6,2941.38,490.23,48.6,122,0.0,0.1071265868401542,0.33333333327777775,195,12.487179487179487,United Kingdom,0
14058,1,119,2,469.19000000000005,234.59500000000003,67.0,23,0.0,-0.36929602080102025,0.0,24,8.791666666666666,United Kingdom,0
14060,0,16,14,3631.86,259.41857142857145,21.0,43,0.06666666666666667,0.8280770734552467,0.571428571387755,72,40.291666666666664,United Kingdom,0
14061,1,164,1,364.0,364.0,48.75,1,0.0,0.9999999999972528,0.9999999989999999,1,52.0,United Kingdom,1
14062,0,11,13,14564.5,1120.3461538461538,27.916666666666668,116,0.07142857142857142,0.3785286140958922,0.5384615384201183,223,27.42152466367713,United Kingdom,0
14063,1,95,5,16008.599999999999,3201.72,65.25,12,0.4444444444444444,0.6539485026797688,-0.19999999996,14,95.71428571428571,United Kingdom,0
14064,0,87,10,1925.8999999999999,192.58999999999997,28.22222222222222,89,0.2857142857142857,-0.004340827664985551,0.19999999998,159,13.452830188679245,United Kingdom,0
14065,1,46,3,891.02,297.00666666666666,21.0,42,0.25,0.9999999999988777,0.9999999996666666,49,11.877551020408163,United Kingdom,0
14068,0,260,3,1250.87,416.95666666666665,36.5,73,0.25,-0.9999999999992005,-0.9999999996666666,84,5.2023809523809526,United Kingdom,0
14069,1,171,2,225.81,112.905,46.0,37,0.0,-0.02183251406039668,0.0,41,1.4146341463414633,United Kingdom,0
14070,1,341,1,321.6,321.6,48.75,40,0.0,-0.9999999999968906,-0.9999999989999999,41,2.073170731707317,United Kingdom,1
14072,1,323,1,390.85,390.85,48.75,19,0.0,-0.9999999999974415,-0.9999999989999999,19,3.4210526315789473,United Kingdom,1
14074,1,280,1,219.39999999999998,219.39999999999998,48.75,6,0.0,-0.9999999999954422,-0.9999999989999999,6,38.0,United Kingdom,1
14075,0,60,3,792.61,264.2033333333333,68.0,36,0.0,0.9747669093236588,0.3333333332222222,38,19.473684210526315,United Kingdom,0
14077,0,52,1,115.66,115.66,48.75,14,0.0,0.9999999999913539,0.9999999989999999,14,7.714285714285714,United Kingdom,1
14078,0,30,4,640.34,160.085,82.33333333333333,80,0.0,-0.23431302120711758,0.0,96,3.1770833333333335,United Kingdom,0
14079,1,339,1,243.63,243.63,48.75,1,0.0,-0.9999999999958955,-0.9999999989999999,1,1.0,United Kingdom,1
14080,1,70,2,655.4300000000001,327.71500000000003,215.0,37,0.3333333333333333,0.145599072364485,0.0,38,2.6315789473684212,United Kingdom,0
14081,0,26,8,3581.55,447.69375,46.57142857142857,390,0.3333333333333333,-0.2572992140273744,-0.4999999999375,627,4.082934609250398,United Kingdom,0
14082,1,21,2,413.36,206.68,27.0,48,0.0,0.9999999999975808,0.9999999995,65,3.7846153846153845,United Kingdom,0
14083,0,11,4,459.48,114.87,52.0,88,0.0,0.9999999999978236,0.99999999975,92,2.75,United Kingdom,0
14084,1,169,1,150.5,150.5,48.75,7,0.0,0.9999999999933555,0.9999999989999999,7,43.714285714285715,United Kingdom,1
14085,0,8,14,4628.86,330.6328571428571,23.307692307692307,278,0.06666666666666667,0.5186892669036179,0.2857142856938775,494,6.305668016194332,United Kingdom,0
14086,1,119,1,39.95,39.95,48.75,1,0.0,0.9999999999749688,0.9999999989999999,1,1.0,United Kingdom,1
14087,1,61,1,402.56,402.56,48.75,73,0.0,0.9999999999975159,0.9999999989999999,81,3.308641975308642,United Kingdom,1
14088,0,63,3,13544.99,4514.996666666667,7.0,93,0.5,0.9999999999999262,0.9999999996666666,93,28.0752688172043,United Kingdom,0
14091,1,311,2,9530.08,4765.04,44.0,13,0.0,-0.999999999999895,-0.9999999995,13,255.07692307692307,United Kingdom,0
14092,0,9,11,3618.07,328.91545454545457,33.9,110,0.08333333333333333,0.17651123388984277,0.09090909090082644,195,8.887179487179488,United Kingdom,0
14094,1,96,1,311.77,311.77,48.75,41,0.5,0.9999999999967926,0.9999999989999999,43,3.6744186046511627,United Kingdom,1
14097,1,138,2,422.86,211.43,164.0,39,0.0,0.3756798940538815,0.0,40,8.8,United Kingdom,0
14099,0,11,9,2645.77,293.97444444444443,40.0,168,0.1,0.3014056399459132,0.3333333332962963,275,6.178181818181818,United Kingdom,0
14101,0,45,7,3985.14,569.3057142857143,38.333333333333336,15,0.125,0.4146052585353551,0.4285714285102041,55,65.45454545454545,United Kingdom,0
14104,0,46,3,527.3199999999999,175.7733333333333,84.5,100,0.0,-0.4059773951293219,-0.3333333332222222,114,3.719298245614035,United Kingdom,0
14105,0,65,3,4076.3,1358.7666666666667,100.5,162,0.5,0.2914898314647373,0.3333333332222222,184,13.5,United Kingdom,0
14107,0,21,4,2374.05,593.5125,71.33333333333333,71,0.3333333333333333,0.3265853709903639,0.499999999875,120,14.916666666666666,United Kingdom,0
14110,0,92,19,6628.3,348.8578947368421,13.055555555555555,122,0.05,-0.276770816046305,-0.3684210526121884,226,13.646017699115044,United Kingdom,0
14112,0,108,6,2919.44,486.5733333333333,40.4,122,0.5714285714285714,-0.15420765626279204,0.0,166,11.373493975903614,United Kingdom,0
14113,1,11,9,4630.5,514.5,37.75,48,0.4375,0.41790303422947456,0.5555555554938272,70,32.042857142857144,United Kingdom,0
14114,0,52,5,977.56,195.512,52.0,58,0.0,-0.16483898686508772,0.19999999996,59,9.305084745762711,United Kingdom,0
14115,1,158,2,622.6700000000001,311.33500000000004,165.0,22,0.0,0.6216294345309367,0.0,22,23.136363636363637,United Kingdom,0
14118,1,85,1,458.45,458.45,48.75,15,0.0,0.9999999999978187,0.9999999989999999,15,6.466666666666667,United Kingdom,1
14119,1,32,1,116.89,116.89,48.75,8,0.5,0.999999999991445,0.9999999989999999,8,7.125,United Kingdom,1
14122,1,63,1,230.83,230.83,48.75,10,0.5,0.9999999999956678,0.9999999989999999,10,8.9,United Kingdom,1
14126,1,101,1,466.33000000000004,466.33000000000004,48.75,28,0.0,0.9999999999978556,0.9999999989999999,28,13.535714285714286,United Kingdom,1
14127,0,37,3,1190.3700000000001,396.79,22.0,64,0.0,0.9999999999991599,0.9999999996666666,73,6.945205479452055,United Kingdom,0
14128,0,208,1,286.71,286.71,48.75,19,0.5,-0.9999999999965122,-0.9999999989999999,19,13.157894736842104,United Kingdom,1
14129,0,56,4,1467.48,366.87,59.333333333333336,22,0.0,0.4413279908411417,0.499999999875,57,14.421052631578947,United Kingdom,0
14130,0,32,2,1037.99,518.995,42.0,74,0.0,0.9999999999990367,0.9999999995,92,7.5,United Kingdom,0
14131,1,305,1,168.22,168.22,48.75,45,0.0,-0.9999999999940554,-0.9999999989999999,46,2.282608695652174,United Kingdom,1
14134,1,39,13,9378.11,721.3930769230769,22.333333333333332,117,0.0,0.16824605384238742,-0.07692307691715976,156,31.26923076923077,United Kingdom,0
14135,0,10,11,3607.21,327.9281818181818,28.7,75,0.0,0.4448008294497839,0.6363636363057851,104,37.47115384615385,United Kingdom,0
14136,1,57,4,1268.0300000000002,317.00750000000005,97.33333333333333,76,0.2,-0.43244245009941995,-0.499999999875,86,11.744186046511627,United Kingdom,0
14137,1,352,1,332.7,332.7,48.75,11,0.5,-0.9999999999969943,-0.9999999989999999,11,42.0,United Kingdom,1
14139,1,147,3,670.98,223.66,26.0,29,0.0,-0.026319711466770552,0.3333333332222222,43,12.534883720930232,United Kingdom,0
14142,1,30,2,671.34,335.67,273.0,42,0.5,-0.0710817171625837,0.0,44,11.772727272727273,United Kingdom,0
14144,1,143,1,30.599999999999998,30.599999999999998,48.75,1,0.0,0.9999999999673203,0.9999999989999999,1,12.0,United Kingdom,1
14145,0,116,3,3857.85,1285.95,75.0,10,0.0,-0.3841129126325844,-0.3333333332222222,14,64.21428571428571,United Kingdom,0
14146,0,14,8,6500.73,812.59125,48.0,226,0.0,0.558938765338576,0.0,281,13.857651245551601,United Kingdom,0
14147,0,45,7,2106.8,300.9714285714286,41.5,21,0.2222222222222222,-0.30301879627857276,0.1428571428367347,25,35.48,United Kingdom,0
14148,0,71,1,309.09000000000003,309.09000000000003,48.75,14,0.0,0.9999999999967647,0.9999999989999999,14,14.785714285714286,United Kingdom,1
14150,1,16,1,306.18,306.18,48.75,12,0.0,0.999999999996734,0.9999999989999999,12,21.833333333333332,United Kingdom,1
14151,1,330,1,327.4,327.4,48.75,21,0.5,-0.9999999999969457,-0.9999999989999999,21,10.904761904761905,United Kingdom,1
14152,0,44,5,1376.05,275.21,67.5,75,0.16666666666666666,0.5620653319279373,0.59999999988,84,13.488095238095237,United Kingdom,0
14153,1,140,1,233.4,233.4,48.75,17,0.0,0.9999999999957155,0.9999999989999999,17,18.352941176470587,United Kingdom,1
14154,0,38,6,5115.08,852.5133333333333,62.6,204,0.25,0.7926366743040592,0.6666666665555555,240,11.4875,United Kingdom,0
14156,0,28,95,185498.52,1952.616,3.0851063829787235,1051,0.2578125,-0.12620596649504198,0.0526315789468144,2397,42.48185231539424,EIRE,0
14157,0,46,3,553.8,184.6,127.5,33,0.0,0.44799566630471654,0.3333333332222222,39,6.410256410256411,United Kingdom,0
14159,0,19,9,3026.72,336.3022222222222,36.125,341,0.18181818181818182,-0.039653486282167014,-0.11111111109876542,612,3.295751633986928,United Kingdom,0
14160,1,267,7,8421.470000000001,1203.067142857143,14.5,80,0.0,-0.9999999999998812,-0.9999999998571428,107,43.5607476635514,United Kingdom,0
14161,0,26,4,1677.33,419.3325,88.0,120,0.0,0.4889854709565268,0.499999999875,155,5.548387096774194,United Kingdom,0
14163,0,119,1,148.71,148.71,48.75,6,0.0,0.9999999999932756,0.9999999989999999,6,9.5,United Kingdom,1
14166,1,162,2,251.15,125.575,121.0,39,0.0,0.12402946446297422,0.0,51,1.607843137254902,United Kingdom,0
14167,0,121,4,711.7,177.925,71.66666666666667,32,0.0,-0.44246171139462914,-0.499999999875,65,2.9692307692307693,United Kingdom,0
14168,1,77,2,370.45,185.225,143.0,11,0.3333333333333333,-0.6355783506528936,0.0,15,9.8,United Kingdom,0
14169,1,87,2,621.51,310.755,13.0,50,0.0,0.9999999999983911,0.9999999995,64,3.203125,United Kingdom,0
14170,1,32,3,570.18,190.05999999999997,9.0,123,0.0,0.9999999999982462,0.9999999996666666,145,1.8620689655172413,United Kingdom,0
14172,1,262,3,369.02,123.00666666666666,18.5,38,0.25,-0.9999999999972902,-0.9999999996666666,44,1.7727272727272727,United Kingdom,0
14173,0,298,1,111.56,111.56,48.75,3,0.0,-0.9999999999910362,-0.9999999989999999,3,12.0,United Kingdom,1
14175,0,75,5,4456.58,891.316,51.75,125,0.5,0.2046502026216954,0.19999999996,182,8.208791208791208,United Kingdom,0
14176,0,24,2,339.11,169.555,13.0,14,0.3333333333333333,0.9999999999970511,0.9999999995,15,7.8,United Kingdom,0
14177,0,38,9,1660.23,184.47,33.625,118,0.0,0.12385633315858413,-0.3333333332962963,164,5.115853658536586,United Kingdom,0
14180,0,15,12,2265.23,188.76916666666668,16.90909090909091,63,0.2,0.8883115621809317,0.6666666666111111,98,2.806122448979592,United Kingdom,0
14181,1,67,2,308.35,154.175,151.0,48,0.0,-0.3873844657033002,0.0,52,2.3076923076923075,United Kingdom,0
14182,1,100,4,678.77,169.6925,50.666666666666664,42,0.2,0.1835231374395104,0.0,50,3.48,United Kingdom,0
14183,1,68,2,278.34000000000003,139.17000000000002,69.0,27,0.0,0.9999999999964073,0.9999999995,34,1.7647058823529411,United Kingdom,0
14186,1,84,5,1550.63,310.12600000000003,53.75,75,0.0,-0.2692776484394928,-0.19999999996,104,14.903846153846153,United Kingdom,0
14187,1,130,1,123.5,123.5,48.75,8,0.0,0.9999999999919028,0.9999999989999999,8,6.25,United Kingdom,1
14189,0,25,2,1160.31,580.155,20.0,46,0.0,0.9999999999991381,0.9999999995,51,13.901960784313726,United Kingdom,0
14190,1,323,1,79.9,79.9,48.75,1,0.0,-0.9999999999874843,-0.9999999989999999,1,2.0,United Kingdom,1
14191,0,51,1,117.0,117.0,48.75,5,0.0,0.999999999991453,0.9999999989999999,5,12.0,United Kingdom,1
14192,1,45,1,293.74,293.74,48.75,14,0.0,0.9999999999965956,0.9999999989999999,14,15.571428571428571,United Kingdom,1
14193,0,53,1,356.8,356.8,48.75,22,0.0,0.9999999999971974,0.9999999989999999,22,9.454545454545455,United Kingdom,1
14194,0,49,15,7321.070000000001,488.07133333333337,21.928571428571427,246,0.2857142857142857,-0.1943445425326906,-0.3333333333111111,373,11.25201072386059,United Kingdom,0
14195,0,96,4,1603.6,400.9,64.66666666666667,5,0.42857142857142855,-0.5158393614364456,-0.499999999875,9,153.77777777777777,United Kingdom,0
14197,1,67,1,390.05,390.05,48.75,20,0.0,0.9999999999974363,0.9999999989999999,20,7.15,United Kingdom,1
14198,0,57,5,868.33,173.666,75.5,33,0.16666666666666666,-0.08011930947902282,-0.19999999996,52,6.403846153846154,United Kingdom,0
14199,0,80,3,906.3,302.09999999999997,53.0,15,0.4,0.5130751406813273,0.3333333332222222,16,14.125,United Kingdom,0
14200,1,274,1,379.2,379.2,48.75,21,0.0,-0.9999999999973629,-0.9999999989999999,21,6.666666666666667,United Kingdom,1
14201,0,16,4,513.34,128.335,75.66666666666667,20,0.0,-0.10628433396948168,0.0,22,15.818181818181818,United Kingdom,0
14202,1,38,3,847.76,282.58666666666664,121.5,27,0.0,0.21390487873901343,-0.3333333332222222,29,5.724137931034483,United Kingdom,0
14203,1,54,1,339.34,339.34,48.75,16,0.0,0.9999999999970531,0.9999999989999999,16,5.0,United Kingdom,1
14204,1,79,2,502.95,251.475,113.0,116,0.0,-0.35138681777442804,0.0,127,2.3149606299212597,United Kingdom,0
14205,0,51,7,1947.5,278.2142857142857,40.833333333333336,65,0.2222222222222222,0.2598716302951169,0.1428571428367347,99,11.494949494949495,United Kingdom,0
14206,0,45,2,856.8499999999999,428.42499999999995,14.0,43,0.5,0.9999999999988329,0.9999999995,51,12.823529411764707,United Kingdom,0
14207,1,344,1,157.8,157.8,48.75,2,0.0,-0.999999999993663,-0.9999999989999999,2,18.0,United Kingdom,1
14208,1,208,1,415.31,415.31,48.75,25,0.0,-0.9999999999975921,-0.9999999989999999,25,16.6,United Kingdom,1
14209,0,42,9,2919.84,324.4266666666667,37.125,97,0.18181818181818182,0.17694120225759738,0.11111111109876542,144,7.277777777777778,United Kingdom,0
14210,0,28,11,3955.6800000000003,359.60727272727274,32.7,128,0.26666666666666666,-0.09981596084615042,0.09090909090082644,227,8.123348017621145,United Kingdom,0
14211,0,68,8,1973.39,246.67375,38.42857142857143,91,0.2727272727272727,-0.14595695731703015,-0.24999999996875,120,10.175,United Kingdom,0
14212,1,102,1,1119.6599999999999,1119.6599999999999,48.75,12,0.0,0.9999999999991069,0.9999999989999999,12,74.5,United Kingdom,1
14213,1,61,1,1192.2,1192.2,48.75,5,0.5,0.9999999999991612,0.9999999989999999,5,48.8,United Kingdom,1
14215,0,25,3,1201.02,400.34,159.5,64,0.0,-0.38802018284425904,0.3333333332222222,64,11.03125,United Kingdom,0
14216,1,71,1,310.74,310.74,48.75,18,0.5,0.9999999999967819,0.9999999989999999,18,6.555555555555555,United Kingdom,1
14217,0,23,7,1411.91,201.70142857142858,26.333333333333332,68,0.36363636363636365,0.4098774001172809,0.7142857141836735,81,7.0,United Kingdom,0
14219,1,66,2,543.89,271.945,83.0,32,0.0,0.9999999999981614,0.9999999995,36,7.916666666666667,United Kingdom,0
14220,0,15,3,1195.58,398.52666666666664,105.5,22,0.0,-0.47643821408816095,-0.3333333332222222,28,11.785714285714286,United Kingdom,0
14221,0,106,8,3084.6900000000005,385.58625000000006,22.857142857142858,67,0.0,-0.008950656305817173,0.24999999996875,154,10.5,United Kingdom,0
14224,0,47,5,831.98,166.39600000000002,38.0,101,0.0,-0.2033462342842336,0.19999999996,116,2.956896551724138,United Kingdom,0
14225,1,91,4,2031.07,507.7675,87.0,70,0.2,-0.22251818007246305,0.0,86,13.569767441860465,United Kingdom,0
14226,0,98,1,770.34,770.34,48.75,31,0.5,0.9999999999987019,0.9999999989999999,31,13.483870967741936,United Kingdom,1
14227,0,71,5,3017.75,603.55,63.5,164,0.2857142857142857,-0.33505426228139007,-0.19999999996,202,11.029702970297029,United Kingdom,0
14228,1,94,3,745.5,248.5,53.5,38,0.0,0.7825620388990175,0.3333333332222222,38,6.842105263157895,United Kingdom,0
14229,0,60,4,1046.84,261.71,22.333333333333332,21,0.3333333333333333,0.9999999999990448,0.99999999975,32,10.125,United Kingdom,0
14230,1,92,3,979.8,326.59999999999997,56.0,27,0.0,0.02939375382728171,0.3333333332222222,33,7.454545454545454,United Kingdom,0
14231,0,107,1,309.91,309.91,48.75,19,0.0,0.9999999999967732,0.9999999989999999,19,10.578947368421053,United Kingdom,1
14233,0,122,3,1441.5500000000002,480.5166666666667,89.0,30,0.4,-0.43900662481326413,-0.3333333332222222,38,15.289473684210526,United Kingdom,0
14235,0,155,4,1573.13,393.2825,40.0,53,0.0,-0.3573703381155039,0.0,69,15.289855072463768,United Kingdom,0
14236,1,29,4,1253.78,313.445,44.0,29,0.3333333333333333,0.9999999999992024,0.99999999975,35,14.342857142857143,United Kingdom,0
14237,1,30,2,471.14,235.57,217.0,26,0.3333333333333333,-0.3165513435490161,0.0,26,9.153846153846153,United Kingdom,0
14238,0,319,1,128.28,128.28,48.75,3,0.0,-0.9999999999922047,-0.9999999989999999,3,20.0,United Kingdom,1
14239,0,88,8,1667.77,208.47125,37.42857142857143,39,0.1111111111111111,-0.12228904465236672,-0.24999999996875,84,7.654761904761905,United Kingdom,0
14240,0,80,1,357.15,357.15,48.75,19,0.0,0.9999999999972001,0.9999999989999999,19,12.473684210526315,United Kingdom,1
14241,0,353,1,120.0,120.0,48.75,2,0.0,-0.9999999999916667,-0.9999999989999999,2,48.0,United Kingdom,1
14243,0,14,9,5100.9800000000005,566.7755555555556,14.375,180,0.18181818181818182,0.9999999999998038,0.9999999998888889,241,10.705394190871369,United Kingdom,0
14244,1,317,1,366.41999999999996,366.41999999999996,48.75,16,0.5,-0.999999999997271,-0.9999999989999999,16,50.875,United Kingdom,1
14247,0,61,4,616.79,154.1975,48.333333333333336,72,0.2,0.4022276625749409,0.499999999875,93,3.5591397849462365,United Kingdom,0
14248,0,116,2,730.37,365.185,55.0,33,0.0,0.9999999999986309,0.9999999995,39,15.128205128205128,United Kingdom,0
14249,1,67,12,5400.461,450.0384166666667,24.181818181818183,178,0.0,-0.5316066535800311,-0.49999999995833333,272,8.761029411764707,United Kingdom,0
14252,1,38,1,350.99,350.99,48.75,10,0.0,0.999999999997151,0.9999999989999999,10,11.1,United Kingdom,1
14253,1,150,2,363.40000000000003,181.70000000000002,129.0,11,0.0,-0.13015960374207444,0.0,12,7.333333333333333,United Kingdom,0
14254,1,89,1,601.03,601.03,48.75,23,0.0,0.9999999999983362,0.9999999989999999,23,11.434782608695652,United Kingdom,1
14255,1,203,1,1000.63,1000.63,48.75,1,0.75,-0.9999999999990007,-0.9999999989999999,1,1.0,United Kingdom,1
14256,0,21,4,2015.5900000000001,503.89750000000004,109.66666666666667,81,0.42857142857142855,0.06697294588677902,0.499999999875,112,9.241071428571429,United Kingdom,0
14257,0,37,4,2854.73,713.6825,88.66666666666667,97,0.0,0.1667583274074373,0.499999999875,134,12.313432835820896,United Kingdom,0
14258,0,52,15,18120.36,1208.0240000000001,21.428571428571427,84,0.25,-0.19117721722966924,-0.06666666666222222,175,57.325714285714284,United Kingdom,0
14260,1,128,3,824.28,274.76,38.5,50,0.0,-0.30732275440347046,0.3333333332222222,51,10.666666666666666,United Kingdom,0
14263,1,80,1,322.93,322.93,48.75,16,0.0,0.9999999999969034,0.9999999989999999,16,10.6875,United Kingdom,1
14264,0,36,4,1183.3899999999999,295.84749999999997,77.33333333333333,49,0.3333333333333333,-0.1269995521340158,0.0,62,7.790322580645161,United Kingdom,0
14265,1,121,2,843.17,421.585,147.0,47,0.0,0.4010223323880107,0.0,48,8.020833333333334,Unspecified,0
14266,1,85,1,40.56,40.56,48.75,1,0.0,0.9999999999753453,0.9999999989999999,1,24.0,United Kingdom,1
14268,1,127,1,354.85,354.85,48.75,19,0.0,0.9999999999971819,0.9999999989999999,19,7.7368421052631575,United Kingdom,1
14269,1,96,1,295.73,295.73,48.75,16,0.5,0.9999999999966186,0.9999999989999999,16,7.6875,United Kingdom,1
14271,0,66,1,101.86,101.86,48.75,28,0.0,0.9999999999901825,0.9999999989999999,28,2.142857142857143,United Kingdom,1
14272,0,219,2,482.85,241.425,19.0,31,0.0,-0.999999999997929,-0.9999999995,31,16.06451612903226,United Kingdom,0
14274,1,343,1,256.6,256.6,48.75,15,0.0,-0.9999999999961029,-0.9999999989999999,15,11.866666666666667,United Kingdom,1
14275,1,52,6,1189.3799999999999,198.23,42.0,14,0.0,0.36760328910830214,0.0,23,23.391304347826086,United Kingdom,0
14276,0,64,4,982.94,245.735,84.0,38,0.5,0.3735324638326108,0.499999999875,57,11.614035087719298,United Kingdom,0
14277,0,68,5,12776.189999999999,2555.238,70.5,138,0.16666666666666666,0.9207948535517302,0.19999999996,142,616.8943661971831,France,0
14278,1,66,1,205.83,205.83,48.75,13,0.0,0.9999999999951417,0.9999999989999999,13,10.076923076923077,United Kingdom,1
14279,1,177,2,191.86,95.93,160.0,3,0.0,-0.15188158031819096,0.0,3,15.333333333333334,United Kingdom,0
14281,1,65,1,245.15,245.15,48.75,7,0.0,0.9999999999959209,0.9999999989999999,7,6.428571428571429,United Kingdom,1
14282,0,24,11,4120.32,374.57454545454544,29.1,59,0.08333333333333333,-0.12049549549546625,0.09090909090082644,98,28.6734693877551,United Kingdom,0
14283,1,120,4,628.44,157.11,35.333333333333336,36,0.0,0.2583221946402865,0.499999999875,41,13.414634146341463,United Kingdom,0
14284,1,310,1,704.4,704.4,48.75,35,0.0,-0.9999999999985804,-0.9999999989999999,35,9.971428571428572,United Kingdom,1
14285,0,170,3,1223.21,407.7366666666667,72.0,31,0.25,0.21460746723766597,-0.3333333332222222,32,11.40625,United Kingdom,0
14286,0,61,3,2240.49,746.8299999999999,117.5,128,0.25,0.10510647224486382,-0.3333333332222222,143,19.37062937062937,United Kingdom,0
14290,1,18,3,2108.84,702.9466666666667,139.5,42,0.5,0.5120729879931564,0.3333333332222222,47,13.446808510638299,United Kingdom,0
14291,0,37,11,3612.34,328.3945454545455,23.8,153,0.08333333333333333,0.08573943759444412,0.45454545450413225,233,13.459227467811159,United Kingdom,0
14292,0,67,7,4354.32,622.0457142857142,36.333333333333336,66,0.4166666666666667,0.49428154109011413,0.4285714285102041,93,18.989247311827956,United Kingdom,0
14293,0,25,4,1286.92,321.73,105.66666666666667,50,0.0,0.4950735088424339,0.499999999875,53,10.528301886792454,United Kingdom,0
14294,1,64,1,375.34,375.34,48.75,23,0.0,0.9999999999973358,0.9999999989999999,23,8.26086956521739,United Kingdom,1
14295,1,95,2,1597.8600000000001,798.9300000000001,90.0,44,0.5,0.08515138998405047,0.0,49,15.775510204081632,United Kingdom,0
14296,1,78,2,456.4,228.2,152.0,27,0.3333333333333333,0.2627081507443849,0.0,27,11.62962962962963,United Kingdom,0
14298,0,11,41,42182.85,1028.85,7.625,785,0.023809523809523808,0.045020903044719736,0.170731707312909,1333,32.91297824456114,United Kingdom,0
14299,0,22,17,7725.6,454.44705882352946,20.375,75,0.2916666666666667,0.4300973387179727,0.0588235294083045,160,27.24375,United Kingdom,0
14301,1,73,3,1352.04,450.68,125.0,29,0.4,-0.37365758409486877,-0.3333333332222222,40,27.0,United Kingdom,0
14302,1,87,2,628.3000000000001,314.15000000000003,231.0,24,0.0,-0.13528569154840794,0.0,26,10.384615384615385,United Kingdom,0
14303,1,64,2,277.94,138.97,27.0,21,0.0,0.9999999999964021,0.9999999995,22,9.909090909090908,United Kingdom,0
14304,0,36,2,1341.56,670.78,190.0,63,0.3333333333333333,-0.0017740540862862797,0.0,71,8.95774647887324,United Kingdom,0
14306,1,35,4,1058.0800000000002,264.52000000000004,99.0,12,0.0,0.42900347799747757,0.499999999875,13,76.15384615384616,United Kingdom,0
14307,0,30,4,1833.21,458.3025,99.0,102,0.0,0.13303985904499044,0.0,116,10.431034482758621,United Kingdom,0
14308,1,206,2,1147.02,573.51,0.0,1,0.6,-0.9999999999991281,-0.9999999995,2,1.0,United Kingdom,0
14309,0,15,3,1576.03,525.3433333333334,95.5,72,0.0,0.15707188314933274,0.3333333332222222,78,13.5,United Kingdom,0
14310,1,89,1,492.1,492.1,48.75,22,0.0,0.999999999997968,0.9999999989999999,22,10.454545454545455,United Kingdom,1
14311,0,224,1,206.19,206.19,48.75,11,0.0,-0.9999999999951501,-0.9999999989999999,11,8.090909090909092,United Kingdom,1
14312,0,35,5,1478.7,295.74,30.75,88,0.0,0.9999999999993238,0.9999999998,93,9.591397849462366,United Kingdom,0
14314,1,87,1,109.80000000000001,109.80000000000001,48.75,2,0.5,0.9999999999908925,0.9999999989999999,2,18.0,United Kingdom,1
14315,0,221,2,716.69,358.345,70.0,26,0.3333333333333333,-0.9999999999986047,-0.9999999995,32,10.09375,United Kingdom,0
14316,1,79,5,1370.34,274.068,51.5,21,0.16666666666666666,-0.5530452296506319,-0.59999999988,31,144.96774193548387,United Kingdom,0
14318,1,117,1,158.02,158.02,48.75,9,0.0,0.9999999999936717,0.9999999989999999,9,16.88888888888889,United Kingdom,1
14319,1,81,1,494.85,494.85,48.75,26,0.0,0.9999999999979792,0.9999999989999999,26,12.653846153846153,United Kingdom,1
14320,0,203,3,868.96,289.65333333333336,70.5,46,0.25,-0.9999999999988493,-0.9999999996666666,50,7.76,United Kingdom,0
14321,0,88,2,687.31,343.655,41.0,56,0.3333333333333333,0.999999999998545,0.9999999995,56,15.517857142857142,United Kingdom,0
14322,1,86,4,474.1,118.525,76.66666666666667,10,0.3333333333333333,0.3520354355613751,0.0,13,12.153846153846153,United Kingdom,0
14324,1,66,2,701.61,350.805,283.0,41,0.0,-0.03137070452241077,0.0,41,9.804878048780488,United Kingdom,0
14325,1,226,1,245.48000000000002,245.48000000000002,48.75,18,0.0,-0.9999999999959264,-0.9999999989999999,18,17.77777777777778,United Kingdom,1
14326,0,120,2,757.13,378.565,69.0,48,0.0,0.18785413337182805,0.0,49,9.571428571428571,United Kingdom,0
14327,0,39,5,1583.28,316.656,79.0,89,0.0,-0.19412864433316018,-0.19999999996,94,12.308510638297872,United Kingdom,0
14328,1,95,1,445.05,445.05,48.75,1,0.6666666666666666,0.9999999999977531,0.9999999989999999,1,1.0,United Kingdom,1
14329,0,32,7,4591.73,655.9614285714285,51.0,195,0.46153846153846156,-0.04037911636789618,-0.1428571428367347,273,9.736263736263735,United Kingdom,0
14330,1,280,1,200.63,200.63,48.75,13,0.0,-0.9999999999950158,-0.9999999989999999,13,7.923076923076923,United Kingdom,1
14332,1,38,2,1077.2,538.6,35.0,31,0.0,0.9999999999990716,0.9999999995,37,11.135135135135135,United Kingdom,0
14334,0,15,5,2086.42,417.284,52.0,88,0.16666666666666666,0.5428628943354918,0.59999999988,116,12.758620689655173,United Kingdom,0
14338,0,193,1,339.88,339.88,48.75,19,0.0,-0.9999999999970578,-0.9999999989999999,19,15.105263157894736,United Kingdom,1
14339,0,85,1,310.75,310.75,48.75,9,0.0,0.999999999996782,0.9999999989999999,9,32.0,United Kingdom,1
14341,0,77,8,1692.35,211.54375,34.42857142857143,79,0.0,-0.17821963541810015,0.0,103,9.446601941747574,United Kingdom,0
14342,0,89,2,249.88,124.94,39.0,12,0.3333333333333333,0.9999999999959981,0.9999999995,12,14.5,United Kingdom,0
14343,1,78,4,1079.66,269.915,89.0,193,0.0,-0.3326232332397861,0.0,234,2.675213675213675,United Kingdom,0
14344,0,15,15,2458.77,163.918,18.571428571428573,102,0.0,0.12466802506939456,0.46666666663555556,173,6.913294797687861,United Kingdom,0
14346,0,82,3,1294.17,431.39000000000004,36.0,78,0.0,0.9999999999992273,0.9999999996666666,86,14.80232558139535,United Kingdom,0
14350,0,37,2,689.0999999999999,344.54999999999995,49.0,38,0.0,0.9999999999985488,0.9999999995,41,8.78048780487805,United Kingdom,0
14353,0,67,2,285.9,142.95,21.0,14,0.0,0.9999999999965024,0.9999999995,19,14.736842105263158,United Kingdom,0
14355,1,22,3,840.0500000000001,280.0166666666667,130.5,57,0.0,0.28304267603085176,0.3333333332222222,60,10.283333333333333,United Kingdom,0
14358,1,46,2,400.05999999999995,200.02999999999997,38.0,21,0.3333333333333333,0.9999999999975004,0.9999999995,25,13.52,United Kingdom,0
14361,1,235,1,214.70999999999998,214.70999999999998,48.75,14,0.0,-0.9999999999953426,-0.9999999989999999,14,17.928571428571427,United Kingdom,1
14363,1,59,2,227.47,113.735,49.0,8,0.0,0.9999999999956038,0.9999999995,8,13.125,United Kingdom,0
14365,1,51,2,634.6800000000001,317.34000000000003,287.0,50,0.0,-0.022562551206871857,0.0,51,10.92156862745098,United Kingdom,0
14366,1,182,1,136.0,136.0,48.75,1,0.0,0.9999999999926471,0.9999999989999999,1,16.0,United Kingdom,1
14369,1,299,2,469.13,234.565,19.0,24,0.0,-0.9999999999978684,-0.9999999995,26,9.807692307692308,United Kingdom,0
14370,1,107,6,1175.78,195.96333333333334,44.8,37,0.3333333333333333,-0.4586062018400904,-0.33333333327777775,44,6.045454545454546,United Kingdom,0
14372,1,100,2,860.08,430.04,156.0,36,0.0,-0.3727792763459529,0.0,38,9.947368421052632,United Kingdom,0
14373,1,15,1,76.55,76.55,48.75,4,0.0,0.9999999999869366,0.9999999989999999,4,4.25,United Kingdom,1
14374,1,198,1,108.0,108.0,48.75,7,0.0,-0.9999999999907407,-0.9999999989999999,7,2.857142857142857,United Kingdom,1
14375,0,107,2,871.26,435.63,91.0,128,0.0,0.2173404035532248,0.0,139,3.3309352517985613,United Kingdom,0
14376,1,340,1,215.46,215.46,48.75,17,0.0,-0.9999999999953588,-0.9999999989999999,18,2.7777777777777777,United Kingdom,1
14378,1,278,1,131.25,131.25,48.75,9,0.0,-0.999999999992381,-0.9999999989999999,9,6.333333333333333,United Kingdom,1
14379,0,50,2,917.06,458.53,87.0,68,0.0,0.9999999999989095,0.9999999995,82,5.121951219512195,United Kingdom,0
14380,1,339,1,48.96,48.96,48.75,1,0.5,-0.9999999999795752,-0.9999999989999999,1,1.0,United Kingdom,1
14381,1,108,1,423.26,423.26,48.75,56,0.0,0.9999999999976374,0.9999999989999999,56,5.410714285714286,United Kingdom,1
14382,1,47,1,578.14,578.14,48.75,137,0.5,0.9999999999982704,0.9999999989999999,153,2.849673202614379,United Kingdom,1
14384,1,157,1,58.5,58.5,48.75,3,0.0,0.999999999982906,0.9999999989999999,3,10.0,United Kingdom,1
14388,0,29,9,3488.16,387.5733333333333,39.0,109,0.25,0.09961125636435841,0.11111111109876542,228,10.609649122807017,United Kingdom,0
14389,0,81,3,854.55,284.84999999999997,82.0,29,0.4,-0.25294014393510866,-0.3333333332222222,42,15.69047619047619,United Kingdom,0
14390,0,29,5,1731.16,346.232,12.75,112,0.2857142857142857,0.9999999999994224,0.9999999998,202,3.8168316831683167,United Kingdom,0
14391,1,233,1,135.6,135.6,48.75,14,0.0,-0.9999999999926255,-0.9999999989999999,14,12.0,United Kingdom,1
14392,1,89,1,266.4,266.4,48.75,14,0.0,0.9999999999962463,0.9999999989999999,14,8.142857142857142,United Kingdom,1
14394,1,221,1,93.8,93.8,48.75,6,0.0,-0.999999999989339,-0.9999999989999999,6,9.666666666666666,United Kingdom,1
14395,0,29,12,4630.7,385.89166666666665,20.454545454545453,227,0.07692307692307693,0.044809640011219724,0.0,458,5.146288209606987,United Kingdom,0
14396,1,28,5,1084.27,216.85399999999998,78.0,144,0.0,-0.167089378106775,-0.19999999996,164,3.0792682926829267,United Kingdom,0
14398,1,58,2,707.79,353.895,126.0,50,0.0,-0.26164540329721864,0.0,53,5.037735849056604,United Kingdom,0
14399,1,51,8,2108.21,263.52625,39.57142857142857,119,0.1111111111111111,-0.0711266904150577,0.0,192,5.026041666666667,United Kingdom,0
14400,1,65,2,1157.77,578.885,223.0,47,0.3333333333333333,-0.1336448517407312,0.0,48,26.083333333333332,United Kingdom,0
14401,0,16,8,2160.77,270.09625,43.285714285714285,61,0.2,-0.055179403638492226,0.0,74,20.12162162162162,United Kingdom,0
14402,1,309,1,285.6,285.6,48.75,8,0.0,-0.9999999999964987,-0.9999999989999999,8,30.0,United Kingdom,1
14403,0,246,2,404.69999999999993,202.34999999999997,49.0,4,0.5,-0.9999999999975291,-0.9999999995,5,43.6,United Kingdom,0
14404,0,26,6,1165.15,194.1916666666667,64.0,65,0.0,-0.5026391451740096,-0.33333333327777775,84,7.511904761904762,United Kingdom,0
14405,1,43,1,195.0,195.0,48.75,2,0.0,0.9999999999948719,0.9999999989999999,2,50.0,United Kingdom,1
14408,0,128,3,1182.2400000000002,394.0800000000001,79.0,8,0.0,-0.2878603329270809,-0.3333333332222222,14,48.0,United Kingdom,0
14409,0,25,5,1696.6399999999999,339.328,49.25,45,0.16666666666666666,0.29266078838157034,0.59999999988,52,22.51923076923077,United Kingdom,0
14410,0,33,2,1531.63,765.815,60.0,179,0.0,0.9999999999993471,0.9999999995,196,4.091836734693878,United Kingdom,0
14412,1,81,1,656.16,656.16,48.75,41,0.0,0.999999999998476,0.9999999989999999,41,15.658536585365853,United Kingdom,1
14413,1,19,4,764.52,191.13,108.33333333333333,93,0.0,-0.2177575472188854,0.0,96,2.8854166666666665,United Kingdom,0
14414,1,15,2,1119.55,559.775,16.0,28,0.0,0.9999999999991068,0.9999999995,29,17.620689655172413,United Kingdom,0
14415,0,17,10,6469.219999999999,646.9219999999999,33.22222222222222,308,0.3333333333333333,0.4059654796095346,0.39999999996,690,4.955072463768116,United Kingdom,0
14417,1,44,1,524.65,524.65,48.75,106,0.0,0.999999999998094,0.9999999989999999,117,4.641025641025641,United Kingdom,1
14419,0,21,2,326.95,163.475,17.0,28,0.0,0.9999999999969414,0.9999999995,44,2.8181818181818183,United Kingdom,0
14420,1,53,3,1251.65,417.2166666666667,147.0,58,0.4,0.35956537370641983,0.3333333332222222,64,12.28125,United Kingdom,0
14421,0,169,4,1656.26,414.065,59.0,57,0.2,-0.6230905775659479,-0.499999999875,69,14.159420289855072,United Kingdom,0
14422,0,31,12,5587.47,465.6225,29.363636363636363,183,0.14285714285714285,0.05855064993636504,-0.16666666665277777,304,9.519736842105264,United Kingdom,0
14423,0,94,2,651.41,325.705,256.0,11,0.3333333333333333,0.24839962542753663,0.0,12,24.916666666666668,United Kingdom,0
14425,1,91,1,239.1,239.1,48.75,13,0.6666666666666666,0.9999999999958177,0.9999999989999999,13,6.923076923076923,United Kingdom,1
14426,0,60,7,7246.27,1035.1814285714286,39.666666666666664,314,0.4166666666666667,-0.021551777673199938,-0.1428571428367347,380,11.378947368421052,United Kingdom,0
14427,1,151,2,900.1800000000001,450.09000000000003,137.0,27,0.0,-0.322180008442398,0.0,27,11.481481481481481,United Kingdom,0
14429,1,60,1,516.28,516.28,48.75,22,0.0,0.9999999999980631,0.9999999989999999,22,13.0,United Kingdom,1
14430,1,168,3,1220.9,406.9666666666667,47.5,29,0.4,-0.04103530182648773,0.3333333332222222,35,12.742857142857142,United Kingdom,0
14431,0,36,3,2143.84,714.6133333333333,153.5,61,0.0,0.49879655198125844,0.3333333332222222,64,16.75,United Kingdom,0
14433,1,122,1,280.7,280.7,48.75,72,0.0,0.9999999999964375,0.9999999989999999,74,1.7702702702702702,United Kingdom,1
14435,1,158,1,90.42,90.42,48.75,3,0.0,0.9999999999889405,0.9999999989999999,3,94.0,United Kingdom,1
14436,1,210,1,182.64000000000001,182.64000000000001,48.75,2,0.0,-0.9999999999945248,-0.9999999989999999,2,84.0,United Kingdom,1
14437,1,22,5,873.34,174.668,54.0,34,0.16666666666666666,-0.26168502530485077,0.19999999996,42,10.0,United Kingdom,0
14439,0,100,4,6781.799999999999,1695.4499999999998,81.0,83,0.0,-0.7699548792354877,-0.499999999875,97,17.711340206185568,Greece,0
14440,0,22,8,3346.04,418.255,45.42857142857143,44,0.2,0.307396205663917,0.24999999996875,73,12.054794520547945,United Kingdom,0
14441,0,31,7,2898.8,414.11428571428576,52.166666666666664,71,0.3,-0.047516213605613526,-0.1428571428367347,103,7.902912621359223,United Kingdom,0
14442,0,71,5,3777.2,755.4399999999999,68.75,97,0.2857142857142857,0.14140103780574467,0.19999999996,120,7.908333333333333,Channel Islands,0
14443,0,25,2,966.27,483.135,10.0,57,0.5,0.999999999998965,0.9999999995,60,9.7,United Kingdom,0
14444,1,113,1,120.44,120.44,48.75,11,0.0,0.9999999999916971,0.9999999989999999,11,15.636363636363637,United Kingdom,1
14445,1,112,1,221.65,221.65,48.75,32,0.0,0.9999999999954884,0.9999999989999999,32,2.59375,United Kingdom,1
14446,0,43,1,189.93,189.93,48.75,42,0.0,0.999999999994735,0.9999999989999999,42,4.166666666666667,United Kingdom,1
14447,0,57,1,548.5,548.5,48.75,36,0.0,0.9999999999981769,0.9999999989999999,36,9.5,United Kingdom,1
14448,1,21,1,102.35000000000001,102.35000000000001,48.75,18,0.0,0.9999999999902296,0.9999999989999999,18,2.4444444444444446,United Kingdom,1
14449,0,29,5,1555.4,311.08000000000004,15.5,173,0.0,0.9999999999993571,0.9999999998,283,3.5512367491166077,United Kingdom,0
14450,0,36,4,645.19,161.2975,76.66666666666667,24,0.0,0.39217904803175474,0.499999999875,36,7.805555555555555,United Kingdom,0
14451,0,46,10,2614.78,261.478,33.22222222222222,194,0.375,0.10764959193503558,0.0,407,3.339066339066339,United Kingdom,0
14452,1,52,2,399.90000000000003,199.95000000000002,126.0,62,0.0,0.9999999999974994,0.9999999995,69,2.449275362318841,United Kingdom,0
14454,1,33,4,851.36,212.84,97.66666666666667,82,0.2,-0.06984119526396607,0.0,93,3.6236559139784945,United Kingdom,0
14455,1,89,4,617.72,154.43,20.666666666666668,65,0.2,0.9999999999983812,0.99999999975,77,9.168831168831169,United Kingdom,0
14458,1,37,1,228.07,228.07,48.75,46,0.0,0.9999999999956154,0.9999999989999999,47,6.74468085106383,United Kingdom,1
14459,1,308,1,3537.821,3537.821,48.75,76,0.5,-0.9999999999997173,-0.9999999989999999,76,20.30263157894737,United Kingdom,1
14460,0,53,5,503.82,100.764,67.5,17,0.2857142857142857,0.07228772180526324,0.19999999996,19,38.94736842105263,United Kingdom,0
14461,0,39,10,4573.85,457.38500000000005,33.77777777777778,368,0.09090909090909091,0.43030051269708647,0.39999999996,456,4.910087719298246,United Kingdom,0
14462,0,89,1,262.24,262.24,48.75,48,0.0,0.9999999999961867,0.9999999989999999,48,2.2291666666666665,United Kingdom,1
14463,0,156,1,256.95,256.95,48.75,2,0.0,0.9999999999961082,0.9999999989999999,2,15.5,United Kingdom,1
14464,1,225,2,111.0,55.5,59.0,4,0.0,-0.999999999990991,-0.9999999995,4,15.5,United Kingdom,0
14465,0,85,8,2887.4100000000003,360.92625000000004,38.42857142857143,31,0.0,-0.6051824991945705,-0.4999999999375,70,30.585714285714285,United Kingdom,0
14466,0,29,6,2156.7,359.45,63.8,68,0.0,0.07910233226685262,-0.33333333327777775,128,11.65625,United Kingdom,0
14467,0,46,7,1497.1399999999999,213.87714285714284,40.166666666666664,106,0.0,0.34342813631300784,0.1428571428367347,197,4.208121827411167,United Kingdom,0
14469,1,73,4,2093.46,523.365,87.0,120,0.0,-0.07360064199933428,0.0,145,6.710344827586207,United Kingdom,0
14470,0,87,1,250.85,250.85,48.75,17,0.0,0.9999999999960136,0.9999999989999999,17,5.235294117647059,United Kingdom,1
14471,1,248,1,192.12,192.12,48.75,14,0.0,-0.9999999999947949,-0.9999999989999999,14,4.857142857142857,United Kingdom,1
14472,0,12,2,512.4300000000001,256.21500000000003,334.0,65,0.0,-0.03838573073387903,0.0,75,3.0933333333333333,United Kingdom,0
14474,1,236,1,711.23,711.23,48.75,97,0.0,-0.999999999998594,-0.9999999989999999,98,3.142857142857143,United Kingdom,1
14475,0,65,1,225.3,225.3,48.75,6,0.0,0.9999999999955616,0.9999999989999999,6,15.666666666666666,United Kingdom,1
14477,0,93,3,660.0,220.0,133.5,3,0.25,-0.49999999999924244,-0.3333333332222222,4,100.0,United Kingdom,0
14478,1,39,3,994.38,331.46,150.0,45,0.0,0.40384963494800397,0.3333333332222222,50,18.28,United Kingdom,0
14479,0,22,2,627.73,313.865,53.0,92,0.0,0.9999999999984069,0.9999999995,98,3.2142857142857144,United Kingdom,0
14480,1,59,2,716.6200000000001,358.31000000000006,35.0,30,0.3333333333333333,0.9999999999986046,0.9999999995,35,10.742857142857142,United Kingdom,0
14481,0,64,3,1648.1799999999998,549.3933333333333,134.5,103,0.25,-0.06590299603194683,-0.3333333332222222,120,8.991666666666667,United Kingdom,0
14482,0,36,6,2283.9100000000003,380.6516666666667,18.0,91,0.25,0.9999999999995621,0.9999999998333333,107,11.607476635514018,United Kingdom,0
14484,1,58,2,313.61,156.805,236.0,18,0.0,0.40543987755363203,0.0,18,16.055555555555557,United Kingdom,0
14486,1,168,2,175.5,87.75,41.0,4,0.0,-0.111111111110478,0.0,6,15.0,United Kingdom,0
14487,1,25,2,225.89000000000001,112.94500000000001,10.0,32,0.3333333333333333,0.9999999999955731,0.9999999995,41,2.097560975609756,United Kingdom,0
14489,0,94,3,1111.55,370.51666666666665,87.5,54,0.0,0.18879042778085664,0.3333333332222222,70,10.17142857142857,United Kingdom,0
14490,1,63,2,1273.47,636.735,22.0,72,0.0,0.9999999999992147,0.9999999995,80,11.6625,United Kingdom,0
14491,0,29,1,127.2,127.2,48.75,4,0.0,0.9999999999921383,0.9999999989999999,4,10.0,United Kingdom,1
14492,1,87,7,1921.91,274.55857142857144,31.166666666666668,70,0.3,-0.2733374611712967,-0.4285714285102041,92,8.16304347826087,United Kingdom,0
14493,1,47,5,2704.62,540.924,62.5,204,0.2857142857142857,-0.19011912948946985,-0.19999999996,235,7.927659574468085,United Kingdom,0
14494,1,58,1,147.6,147.6,48.75,9,0.0,0.999999999993225,0.9999999989999999,9,9.777777777777779,United Kingdom,1
14495,1,316,1,51.0,51.0,48.75,1,0.5,-0.9999999999803922,-0.9999999989999999,1,6.0,United Kingdom,1
14496,0,30,6,2129.42,354.90333333333336,51.4,58,0.3333333333333333,0.030966178583825214,0.33333333327777775,92,9.043478260869565,United Kingdom,0
14497,0,330,1,221.69,221.69,48.75,11,0.0,-0.9999999999954893,-0.9999999989999999,11,8.818181818181818,United Kingdom,1
14498,0,18,6,2109.73,351.62166666666667,37.0,154,0.0,0.7144847918924627,0.6666666665555555,190,5.747368421052632,United Kingdom,0
14499,0,31,4,1293.35,323.3375,31.333333333333332,86,0.42857142857142855,0.9999999999992268,0.99999999975,121,6.074380165289257,United Kingdom,0
14505,0,19,10,5680.57,568.057,32.333333333333336,537,0.2857142857142857,0.10409342724407865,-0.39999999996,774,3.1757105943152455,United Kingdom,0
14506,0,26,3,1256.6,418.8666666666666,114.5,111,0.0,0.37689002069045296,0.3333333332222222,148,2.2837837837837838,United Kingdom,0
14507,0,35,4,1677.36,419.34,90.0,117,0.2,0.736013735870215,0.499999999875,148,5.6824324324324325,United Kingdom,0
14508,1,33,3,554.87,184.95666666666668,82.0,100,0.25,-0.0518139383998922,-0.3333333332222222,122,1.7868852459016393,United Kingdom,0
14509,1,191,1,110.95,110.95,48.75,25,0.0,-0.9999999999909869,-0.9999999989999999,25,1.52,United Kingdom,1
14510,1,32,3,979.85,326.6166666666667,30.0,67,0.25,0.9999999999989795,0.9999999996666666,75,10.573333333333334,United Kingdom,0
14512,0,40,4,787.4100000000001,196.85250000000002,68.33333333333333,37,0.0,0.3064096214166617,0.0,47,10.808510638297872,United Kingdom,0
14513,0,93,3,332.42,110.80666666666667,65.0,5,0.0,-0.6332350640736623,0.3333333332222222,7,33.142857142857146,United Kingdom,0
14514,0,93,5,2561.5,512.3,61.5,163,0.0,0.00792504391957535,-0.19999999996,213,6.436619718309859,United Kingdom,0
14515,0,44,6,1647.17,274.52833333333336,32.4,55,0.3333333333333333,0.7618946435396701,0.6666666665555555,75,10.44,United Kingdom,0
14516,1,173,1,151.17,151.17,48.75,35,0.0,0.999999999993385,0.9999999989999999,35,1.8,United Kingdom,1
14519,1,340,1,80.19,80.19,48.75,15,0.0,-0.9999999999875295,-0.9999999989999999,15,2.066666666666667,United Kingdom,1
14521,1,148,1,199.45000000000002,199.45000000000002,48.75,17,0.5,0.9999999999949862,0.9999999989999999,17,12.411764705882353,United Kingdom,1
14522,0,252,4,773.8800000000001,193.47000000000003,29.0,23,0.0,-0.9999999999987078,-0.99999999975,28,15.392857142857142,United Kingdom,0
14524,0,17,5,1341.48,268.296,13.5,129,0.0,0.9999999999992546,0.9999999998,151,4.218543046357616,United Kingdom,0
14525,0,18,8,3873.14,484.1425,46.285714285714285,150,0.0,0.3272693473511602,0.0,228,10.885964912280702,United Kingdom,0
14526,1,46,1,258.65,258.65,48.75,41,0.0,0.9999999999961338,0.9999999989999999,41,4.341463414634147,United Kingdom,1
14527,0,11,64,14036.86,219.3259375,4.968253968253968,443,0.38461538461538464,-0.40469307238225605,-0.09374999999853516,1418,2.547249647390691,United Kingdom,0
14530,0,53,10,3226.7599999999998,322.676,31.88888888888889,180,0.23076923076923078,-0.16311718256078442,-0.19999999998,260,6.130769230769231,United Kingdom,0
14531,1,136,1,376.34,376.34,48.75,29,0.0,0.9999999999973429,0.9999999989999999,29,8.96551724137931,United Kingdom,1
14532,0,9,8,3135.53,391.94125,49.142857142857146,190,0.1111111111111111,-0.3658297002419477,-0.24999999996875,264,3.2386363636363638,United Kingdom,0
14533,1,9,5,1950.15,390.03000000000003,64.0,32,0.2857142857142857,0.19010332538512936,0.19999999996,37,69.16216216216216,United Kingdom,0
14534,0,54,8,1790.36,223.795,33.285714285714285,164,0.38461538461538464,0.10596751491314257,0.24999999996875,207,3.8405797101449277,United Kingdom,0
14535,0,52,6,3118.3900000000003,519.7316666666667,50.8,381,0.14285714285714285,-0.3740616151281994,-0.33333333327777775,497,2.7967806841046277,United Kingdom,0
14537,1,280,1,285.84000000000003,285.84000000000003,48.75,13,0.5,-0.9999999999965016,-0.9999999989999999,13,8.307692307692308,United Kingdom,1
14538,0,187,3,982.59,327.53000000000003,75.5,28,0.0,-0.9999999999989823,-0.9999999996666666,33,3.909090909090909,United Kingdom,0
14540,0,36,6,2212.7400000000002,368.79,60.2,93,0.0,0.49603658812129026,0.33333333327777775,120,7.9,United Kingdom,0
14541,0,73,6,1038.03,173.005,56.6,49,0.0,-0.22266215812623663,-0.33333333327777775,70,6.885714285714286,United Kingdom,0
14543,0,21,20,9995.34,499.767,15.210526315789474,73,0.23076923076923078,-0.06949838624798459,0.19999999999,119,13.899159663865547,United Kingdom,0
14544,1,18,2,2036.0,1018.0,108.0,111,0.0,0.9999999999995088,0.9999999995,130,13.169230769230769,United Kingdom,0
14545,1,331,1,349.25,349.25,48.75,23,0.0,-0.9999999999971367,-0.9999999989999999,23,10.26086956521739,United Kingdom,1
14546,0,33,5,2064.43,412.88599999999997,72.75,195,0.5,0.14087665844802644,0.19999999996,308,3.4512987012987013,United Kingdom,0
14548,0,141,5,1292.31,258.462,31.25,34,0.0,-0.49485804489596547,-0.59999999988,52,9.403846153846153,United Kingdom,0
14549,0,77,2,311.09000000000003,155.54500000000002,172.0,27,0.0,-0.24780610112749427,0.0,33,4.151515151515151,United Kingdom,0
14550,1,45,2,587.69,293.845,95.0,46,0.0,0.9999999999982985,0.9999999995,50,7.64,United Kingdom,0
14551,0,68,5,691.86,138.372,67.25,62,0.2857142857142857,0.5697106350987631,0.59999999988,69,5.507246376811594,United Kingdom,0
14552,1,37,2,343.71000000000004,171.85500000000002,211.0,80,0.0,-0.010852171889060945,0.0,97,1.731958762886598,United Kingdom,0
14553,0,68,4,959.3299999999999,239.83249999999998,32.333333333333336,141,0.2,0.9999999999989576,0.99999999975,175,3.5714285714285716,United Kingdom,0
14555,0,38,3,1700.8400000000001,566.9466666666667,93.5,79,0.25,-0.16059123727090108,-0.3333333332222222,89,6.955056179775281,United Kingdom,0
14556,1,253,3,815.69,271.8966666666667,45.5,158,0.0,-0.9999999999987741,-0.9999999996666666,196,1.6479591836734695,United Kingdom,0
14558,1,311,2,349.04999999999995,174.52499999999998,25.0,5,0.3333333333333333,-0.9999999999971351,-0.9999999995,5,11.0,United Kingdom,0
14559,1,47,1,75.6,75.6,48.75,2,0.0,0.9999999999867725,0.9999999989999999,2,36.0,United Kingdom,1
14560,0,14,21,3605.21,171.67666666666668,16.3,46,0.045454545454545456,-0.20709195858210555,-0.04761904761678005,124,22.766129032258064,United Kingdom,0
14562,0,47,8,1631.38,203.9225,39.285714285714285,116,0.0,0.10459856072766331,-0.24999999996875,182,4.170329670329671,United Kingdom,0
14563,1,166,2,640.54,320.27,82.0,95,0.0,-0.5405439160699714,0.0,106,2.6320754716981134,United Kingdom,0
14564,1,91,1,1616.44,1616.44,48.75,68,0.6666666666666666,0.9999999999993814,0.9999999989999999,68,12.588235294117647,Channel Islands,1
14565,0,18,2,1927.5100000000002,963.7550000000001,112.0,85,0.0,0.9999999999994812,0.9999999995,87,11.954022988505747,United Kingdom,0
14566,1,74,3,2660.0,886.6666666666666,58.0,8,0.0,0.36466165413520124,0.3333333332222222,12,133.33333333333334,Channel Islands,0
14568,1,92,1,919.7,919.7,48.75,47,0.5,0.9999999999989126,0.9999999989999999,47,13.72340425531915,Channel Islands,1
14569,1,109,3,369.94,123.31333333333333,75.0,21,0.0,0.017137914256319504,0.3333333332222222,22,8.090909090909092,United Kingdom,0
14570,0,100,1,395.69,395.69,48.75,37,0.0,0.9999999999974728,0.9999999989999999,39,8.615384615384615,United Kingdom,1
14571,1,82,1,160.0,160.0,48.75,30,0.0,0.9999999999937501,0.9999999989999999,30,1.8666666666666667,United Kingdom,1
14572,0,74,4,2722.34,680.585,68.0,188,0.2,0.27543951159654,0.0,245,5.951020408163266,United Kingdom,0
14573,0,29,5,925.3,185.06,81.75,130,0.0,-0.13109261861003876,-0.59999999988,153,1.7973856209150327,United Kingdom,0
14575,1,145,1,420.22,420.22,48.75,71,0.0,0.9999999999976203,0.9999999989999999,72,2.263888888888889,United Kingdom,1
14576,1,29,1,35.400000000000006,35.400000000000006,48.75,1,0.0,0.9999999999717515,0.9999999989999999,1,12.0,United Kingdom,1
14577,0,19,3,634.0,211.33333333333334,159.0,45,0.0,0.6736593059926284,0.3333333332222222,72,3.2916666666666665,United Kingdom,0
14579,1,89,1,105.56,105.56,48.75,24,0.0,0.9999999999905267,0.9999999989999999,25,2.24,United Kingdom,1
14580,1,175,1,14.850000000000001,14.850000000000001,48.75,1,0.0,0.99999999993266,0.9999999989999999,1,3.0,United Kingdom,1
14581,1,201,1,271.05,271.05,48.75,43,0.0,-0.9999999999963107,-0.9999999989999999,43,2.0232558139534884,United Kingdom,1
14583,0,40,3,673.33,224.44333333333336,118.5,149,0.0,-0.4775221659506073,-0.3333333332222222,162,1.9753086419753085,United Kingdom,0
14584,0,78,4,705.1,176.275,79.33333333333333,79,0.0,-0.5336831655076817,-0.499999999875,120,4.825,United Kingdom,0
14585,1,39,4,986.22,246.555,10.666666666666666,64,0.0,0.999999999998986,0.99999999975,82,6.573170731707317,United Kingdom,0
14588,1,235,1,135.39,135.39,48.75,16,0.0,-0.999999999992614,-0.9999999989999999,16,3.875,United Kingdom,1
14589,1,28,1,39.75,39.75,48.75,3,0.0,0.9999999999748429,0.9999999989999999,3,1.6666666666666667,United Kingdom,1
14590,1,81,17,2643.71,155.51235294117646,16.9375,104,0.32,-0.3749919620531847,-0.2941176470415225,155,5.116129032258065,United Kingdom,0
14593,0,54,8,2630.33,328.79125,38.42857142857143,282,0.38461538461538464,-0.15604505898493498,-0.4999999999375,394,3.4416243654822334,United Kingdom,0
14594,1,30,1,255.0,255.0,48.75,31,0.0,0.9999999999960785,0.9999999989999999,31,4.709677419354839,United Kingdom,1
14595,0,110,2,423.85,211.925,234.0,28,0.0,0.04518107821152489,0.0,34,7.352941176470588,United Kingdom,0
14596,1,283,1,222.22000000000003,222.22000000000003,48.75,50,0.0,-0.9999999999955,-0.9999999989999999,53,1.4150943396226414,United Kingdom,1
14597,0,36,4,1318.3899999999999,329.59749999999997,19.0,41,0.0,0.9999999999992415,0.99999999975,48,18.125,United Kingdom,0
14598,1,226,1,162.07,162.07,48.75,40,0.5,-0.9999999999938299,-0.9999999989999999,40,4.125,United Kingdom,1
14599,1,47,2,457.89,228.945,118.0,77,0.0,0.9999999999978161,0.9999999995,79,3.6962025316455698,United Kingdom,0
14600,0,50,1,471.84000000000003,471.84000000000003,48.75,29,0.0,0.9999999999978807,0.9999999989999999,29,12.482758620689655,United Kingdom,1
14602,1,313,1,205.35999999999999,205.35999999999999,48.75,31,0.0,-0.9999999999951306,-0.9999999989999999,31,2.5806451612903225,United Kingdom,1
14604,1,290,1,143.85999999999999,143.85999999999999,48.75,20,0.0,-0.9999999999930489,-0.9999999989999999,23,3.8260869565217392,United Kingdom,1
14605,1,31,2,712.96,356.48,222.0,68,0.0,-0.026032315978419422,0.0,76,3.723684210526316,United Kingdom,0
14606,0,9,99,17631.38,178.0947474747475,3.13265306122449,1054,0.23255813953488372,-0.050197999249063284,0.0707070707063565,3603,2.4870940882597834,United Kingdom,0
14607,0,124,7,5233.43,747.6328571428572,34.166666666666664,74,0.125,-0.9369438398906764,-0.7142857141836735,113,24.716814159292035,United Kingdom,0
14608,1,19,6,1190.57,198.4283333333333,40.0,10,0.14285714285714285,0.8838035562790227,0.6666666665555555,19,18.105263157894736,United Kingdom,0
14609,0,47,6,884.64,147.44,55.0,6,0.14285714285714285,0.36109603906633075,0.0,9,632.6666666666666,United Kingdom,0
14610,1,52,2,24.35,12.175,118.0,10,0.0,0.9999999999589322,0.9999999995,10,1.5,United Kingdom,0
14611,1,100,2,604.3299999999999,302.16499999999996,154.0,37,0.3333333333333333,0.035626230701710004,0.0,38,15.31578947368421,United Kingdom,0
14612,1,72,1,877.7,877.7,48.75,14,0.0,0.9999999999988607,0.9999999989999999,14,9.571428571428571,United Kingdom,1
14613,1,337,1,76.32000000000001,76.32000000000001,48.75,1,0.0,-0.9999999999868973,-0.9999999989999999,1,72.0,United Kingdom,1
14614,1,43,1,295.13,295.13,48.75,19,0.0,0.9999999999966117,0.9999999989999999,19,9.947368421052632,United Kingdom,1
14615,1,51,5,951.76,190.352,38.0,40,0.16666666666666666,0.3619189711688221,0.59999999988,48,10.3125,United Kingdom,0
14616,0,42,2,121.7,60.85,163.0,2,0.0,0.30156121610269876,0.0,2,33.0,United Kingdom,0
14617,1,59,2,190.47000000000003,95.23500000000001,13.0,7,0.0,0.9999999999947499,0.9999999995,9,9.0,United Kingdom,0
14618,0,33,4,788.88,197.22,56.333333333333336,33,0.3333333333333333,0.37701551566730424,0.499999999875,35,12.571428571428571,United Kingdom,0
14619,0,198,1,896.8000000000001,896.8000000000001,48.75,40,0.0,-0.9999999999988849,-0.9999999989999999,40,11.05,United Kingdom,1
14621,0,15,5,1517.91,303.582,80.75,74,0.4444444444444444,-0.1872904190629304,0.19999999996,83,10.156626506024097,United Kingdom,0
14623,0,37,5,1130.28,226.05599999999998,55.0,110,0.16666666666666666,-0.19497823548130117,-0.19999999996,149,4.073825503355705,United Kingdom,0
14624,1,72,4,588.22,147.055,62.666666666666664,30,0.0,-0.6580871102637481,-0.499999999875,38,12.710526315789474,United Kingdom,0
14625,0,18,9,3599.6800000000003,399.9644444444445,39.625,140,0.3076923076923077,0.5642279313715207,0.5555555554938272,210,8.166666666666666,United Kingdom,0
14626,0,52,6,2183.25,363.875,60.8,77,0.14285714285714285,-0.02246650635519419,0.0,98,14.081632653061224,United Kingdom,0
14627,1,36,1,462.75,462.75,48.75,29,0.0,0.9999999999978391,0.9999999989999999,29,9.793103448275861,United Kingdom,1
14628,0,99,3,1326.04,442.0133333333333,120.0,52,0.0,-0.04631836143702585,-0.3333333332222222,62,14.112903225806452,United Kingdom,0
14630,1,141,1,338.65,338.65,48.75,21,0.0,0.9999999999970471,0.9999999989999999,21,5.285714285714286,United Kingdom,1
14631,0,43,3,1018.71,339.57,49.5,39,0.25,0.9999999999990183,0.9999999996666666,50,15.7,United Kingdom,0
14634,1,94,4,2124.46,531.115,34.0,105,0.42857142857142855,-0.6447097144683144,0.0,109,17.486238532110093,United Kingdom,0
14635,1,110,1,215.22,215.22,48.75,15,0.0,0.9999999999953536,0.9999999989999999,15,7.866666666666666,United Kingdom,1
14637,1,334,1,106.67999999999999,106.67999999999999,48.75,7,0.0,-0.9999999999906262,-0.9999999989999999,7,14.285714285714286,United Kingdom,1
14639,0,18,4,2671.01,667.7525,99.66666666666667,117,0.2,0.4418066574065833,0.499999999875,161,7.770186335403727,United Kingdom,0
14640,0,66,4,1541.98,385.495,91.66666666666667,91,0.5,-0.04683588632793758,0.0,98,7.8061224489795915,United Kingdom,0
14643,0,15,3,993.34,331.11333333333334,134.0,29,0.25,-0.2793202730180207,-0.3333333332222222,32,17.75,United Kingdom,0
14644,0,71,4,1078.46,269.615,26.333333333333332,21,0.42857142857142855,0.9999999999990727,0.99999999975,25,14.48,United Kingdom,0
14645,0,291,1,279.8,279.8,48.75,18,0.5,-0.9999999999964261,-0.9999999989999999,18,11.444444444444445,United Kingdom,1
14646,0,10,75,242291.91,3230.5588000000002,4.337837837837838,590,0.10714285714285714,0.05519189641948817,0.1466666666647111,1710,97.33976608187135,Netherlands,0
14647,0,180,1,270.0,270.0,48.75,18,0.0,0.9999999999962963,0.9999999989999999,20,4.2,United Kingdom,1
14648,1,73,14,4271.42,305.1014285714286,19.384615384615383,257,0.2222222222222222,-0.523601050704327,-0.4285714285408163,383,8.093994778067884,United Kingdom,0
14649,0,39,5,2248.6,449.71999999999997,76.25,270,0.2857142857142857,-0.1367428622253239,-0.19999999996,341,4.13782991202346,United Kingdom,0
14650,1,246,1,62.5,62.5,48.75,4,0.0,-0.999999999984,-0.9999999989999999,4,5.5,United Kingdom,1
14651,0,51,7,1371.77,195.96714285714285,39.166666666666664,146,0.0,-0.3551397100094366,-0.4285714285102041,182,2.9505494505494507,United Kingdom,0
14653,0,170,4,1333.32,333.33,62.666666666666664,117,0.0,-0.3765787657873754,-0.499999999875,129,6.015503875968992,United Kingdom,0
14655,0,45,3,1946.28,648.76,103.5,48,0.5714285714285714,0.0006165608237249671,0.3333333332222222,54,23.185185185185187,United Kingdom,0
14656,0,72,3,498.95000000000005,166.3166666666667,94.0,95,0.0,0.42439122156443654,0.3333333332222222,127,1.4881889763779528,United Kingdom,0
14657,0,86,2,601.97,300.985,5.0,66,0.0,0.9999999999983388,0.9999999995,83,4.975903614457831,United Kingdom,0
14662,0,84,2,524.36,262.18,205.0,65,0.0,0.5897856434499393,0.0,73,4.095890410958904,United Kingdom,0
14663,1,87,2,490.6,245.3,0.0,60,0.0,0.9999999999979617,0.9999999995,68,5.838235294117647,United Kingdom,0
14665,0,84,2,913.95,456.975,165.0,40,0.0,0.38815033645124114,0.0,42,9.619047619047619,United Kingdom,0
14667,0,17,32,12442.02,388.813125,10.225806451612904,417,0.13513513513513514,0.28237858482784284,0.18749999999414066,801,9.423220973782772,United Kingdom,0
14668,1,102,1,111.63,111.63,48.75,10,0.0,0.9999999999910418,0.9999999989999999,12,4.083333333333333,United Kingdom,1
14669,0,290,3,1146.01,382.00333333333333,13.5,128,0.0,-0.9999999999991274,-0.9999999996666666,135,5.703703703703703,United Kingdom,0
14671,1,206,2,1127.45,563.725,18.0,48,0.0,-0.999999999999113,-0.9999999995,55,10.381818181818181,United Kingdom,0
14672,0,172,2,347.59000000000003,173.79500000000002,164.0,38,0.0,0.10319629448458464,0.0,45,4.266666666666667,United Kingdom,0
14673,1,24,3,1674.4099999999999,558.1366666666667,21.0,65,0.0,0.9999999999994028,0.9999999996666666,89,11.584269662921349,United Kingdom,0
14674,1,166,1,173.66,173.66,48.75,14,0.0,0.9999999999942417,0.9999999989999999,14,7.357142857142857,United Kingdom,1
14675,1,45,1,419.22,419.22,48.75,114,0.0,0.9999999999976147,0.9999999989999999,124,2.6129032258064515,United Kingdom,1
14676,0,51,6,5808.549999999999,968.0916666666666,48.6,63,0.25,0.6241265031719405,0.0,91,69.14285714285714,United Kingdom,0
14677,1,249,1,184.91,184.91,48.75,14,0.0,-0.999999999994592,-0.9999999989999999,14,9.928571428571429,United Kingdom,1
14678,1,236,1,403.39,403.39,48.75,24,0.5,-0.999999999997521,-0.9999999989999999,24,7.458333333333333,United Kingdom,1
14679,1,38,2,850.6999999999999,425.34999999999997,140.0,36,0.5,0.9999999999988245,0.9999999995,42,14.904761904761905,United Kingdom,0
14680,0,17,41,28491.05,694.9036585365853,8.075,181,0.359375,-0.24217043597900942,-0.36585365852766216,919,14.927094668117519,United Kingdom,0
14681,0,44,3,376.20000000000005,125.40000000000002,133.0,13,0.0,0.10685805422619127,-0.3333333332222222,13,7.384615384615385,United Kingdom,0
14682,0,85,4,1462.81,365.7025,81.0,78,0.0,0.17122524456342847,-0.499999999875,84,10.345238095238095,United Kingdom,0
14683,1,245,1,146.56,146.56,48.75,21,0.0,-0.9999999999931769,-0.9999999989999999,21,18.38095238095238,United Kingdom,1
14684,0,19,2,396.88,198.44,27.0,119,0.0,0.9999999999974803,0.9999999995,140,1.8142857142857143,United Kingdom,0
14685,1,233,5,3243.73,648.746,30.0,87,0.375,-0.9999999999996917,-0.9999999998,141,8.964539007092199,United Kingdom,0
14686,1,71,5,852.5300000000001,170.50600000000003,61.0,185,0.16666666666666666,0.2893622511814372,0.19999999996,219,2.08675799086758,United Kingdom,0
14687,1,57,2,773.6800000000001,386.84000000000003,151.0,23,0.0,0.1943439147965641,0.0,25,15.2,United Kingdom,0
14688,0,30,8,2056.3,257.0375,11.428571428571429,94,0.0,0.9999999999995137,0.999999999875,184,10.38586956521739,United Kingdom,0
14690,1,49,2,422.63,211.315,18.0,43,0.0,0.9999999999976339,0.9999999995,55,3.1636363636363636,United Kingdom,0
14692,0,37,8,1123.59,140.44875,33.42857142857143,60,0.0,0.5525592075396252,0.4999999999375,91,6.868131868131868,United Kingdom,0
14693,0,82,6,992.46,165.41,19.6,39,0.14285714285714285,0.9999999999989924,0.9999999998333333,67,5.2835820895522385,United Kingdom,0
14694,1,274,1,244.31,244.31,48.75,15,0.0,-0.9999999999959068,-0.9999999989999999,15,12.866666666666667,United Kingdom,1
14695,1,176,1,622.5400000000001,622.5400000000001,48.75,32,0.0,0.9999999999983937,0.9999999989999999,32,9.6875,United Kingdom,1
14696,0,30,2,688.95,344.475,48.0,41,0.3333333333333333,0.9999999999985485,0.9999999995,42,12.404761904761905,United Kingdom,0
14699,0,92,3,593.47,197.82333333333335,45.0,40,0.0,0.999999999998315,0.9999999996666666,42,9.69047619047619,United Kingdom,0
14700,0,72,2,880.96,440.48,70.0,45,0.0,0.9999999999988649,0.9999999995,55,5.3090909090909095,United Kingdom,0
14701,0,99,6,1961.02,326.83666666666664,48.0,230,0.0,0.5184342841987748,0.6666666665555555,268,3.0708955223880596,United Kingdom,0
14702,0,22,11,2421.59,220.14454545454547,31.1,161,0.15384615384615385,0.31493770621768546,0.2727272727024793,262,4.312977099236641,United Kingdom,0
14704,0,81,2,258.96,129.48,199.0,53,0.0,0.13392029657038182,0.0,62,1.9516129032258065,United Kingdom,0
14706,1,275,1,367.54,367.54,48.75,25,0.0,-0.9999999999972793,-0.9999999989999999,25,9.84,United Kingdom,1
14707,1,92,2,139.2,69.6,141.0,1,0.0,0.0,0.0,2,48.0,United Kingdom,0
14708,1,25,3,1085.9099999999999,361.96999999999997,43.5,14,0.25,0.9999999999990791,0.9999999996666666,25,35.52,United Kingdom,0
14709,0,15,12,4023.19,335.2658333333333,31.0,65,0.07692307692307693,0.10500871199219892,0.16666666665277777,168,9.886904761904763,United Kingdom,0
14710,1,36,7,1226.81,175.25857142857143,39.0,188,0.0,-0.1718032947235743,-0.1428571428367347,277,2.6137184115523464,United Kingdom,0
14712,1,75,1,411.0,411.0,48.75,7,0.0,0.999999999997567,0.9999999989999999,7,13.714285714285714,United Kingdom,1
14713,0,15,11,2718.72,247.1563636363636,32.5,148,0.21428571428571427,0.175479637476395,0.09090909090082644,361,5.024930747922438,United Kingdom,0
14714,1,64,3,746.05,248.6833333333333,140.0,59,0.5,-0.2415253669321875,-0.3333333332222222,83,4.975903614457831,United Kingdom,0
14715,0,99,4,958.07,239.5175,82.0,57,0.0,-0.3705052866696896,0.0,66,7.712121212121212,United Kingdom,0
14716,1,101,1,235.77,235.77,48.75,44,0.0,0.9999999999957586,0.9999999989999999,45,3.2888888888888888,United Kingdom,1
14718,1,67,1,226.42,226.42,48.75,11,0.0,0.9999999999955834,0.9999999989999999,11,18.363636363636363,United Kingdom,1
14721,1,36,1,109.07,109.07,48.75,24,0.0,0.9999999999908316,0.9999999989999999,25,2.28,United Kingdom,1
14722,1,134,2,309.1,154.55,9.0,53,0.0,0.9999999999967648,0.9999999995,59,1.6271186440677967,United Kingdom,0
14723,1,15,7,994.72,142.10285714285715,40.833333333333336,166,0.0,0.4224304326841499,0.4285714285102041,224,2.5848214285714284,United Kingdom,0
14724,1,247,1,341.9,341.9,48.75,40,0.0,-0.9999999999970752,-0.9999999989999999,41,4.487804878048781,United Kingdom,1
14725,1,51,3,597.1600000000001,199.05333333333337,70.0,41,0.25,0.10640364391435062,-0.3333333332222222,53,14.09433962264151,United Kingdom,0
14726,1,311,1,116.5,116.5,48.75,15,0.0,-0.9999999999914163,-0.9999999989999999,15,5.466666666666667,United Kingdom,1
14727,0,203,2,195.15,97.575,0.0,33,0.3333333333333333,-0.9999999999948758,-0.9999999995,36,11.0,United Kingdom,0
14728,1,70,1,190.58,190.58,48.75,14,0.0,0.9999999999947529,0.9999999989999999,14,4.857142857142857,United Kingdom,1
14729,1,30,3,586.24,195.41333333333333,125.5,126,0.0,0.06949372270730506,-0.3333333332222222,132,2.8181818181818183,United Kingdom,0
14732,0,49,9,2258.43,250.93666666666664,38.125,71,0.25,-0.10791124807937019,-0.3333333332962963,107,6.570093457943925,United Kingdom,0
14733,0,11,6,9106.46,1517.743333333333,9.0,109,0.0,0.9999999999998901,0.9999999998333333,195,20.097435897435897,United Kingdom,0
14734,1,82,4,1056.42,264.105,41.666666666666664,48,0.2,0.6244675413182025,0.499999999875,63,6.0,United Kingdom,0
14735,0,15,23,6047.02,262.91391304347826,15.181818181818182,115,0.041666666666666664,0.0024441791163246946,0.04347826086767486,164,12.987804878048781,United Kingdom,0
14736,1,142,2,374.04999999999995,187.02499999999998,0.0,70,0.0,0.9999999999973266,0.9999999995,88,1.6818181818181819,United Kingdom,0
14737,1,10,2,2823.62,1411.81,47.0,28,0.0,0.9999999999996458,0.9999999995,36,24.333333333333332,United Kingdom,0
14738,0,218,1,196.25,196.25,48.75,13,0.5,-0.9999999999949045,-0.9999999989999999,14,4.857142857142857,United Kingdom,1
14739,0,24,17,7131.91,419.5241176470588,18.875,100,0.10526315789473684,0.12099563791465102,0.0588235294083045,173,30.90751445086705,United Kingdom,0
14740,0,66,8,2712.85,339.10625,34.142857142857146,116,0.1111111111111111,-0.13197559761869176,-0.24999999996875,142,9.47887323943662,United Kingdom,0
14741,0,18,3,808.05,269.34999999999997,27.5,26,0.0,0.9999999999987624,0.9999999996666666,36,15.972222222222221,United Kingdom,0
14742,1,92,1,579.85,579.85,48.75,34,0.0,0.9999999999982754,0.9999999989999999,34,11.0,United Kingdom,1
14743,1,249,1,50.48,50.48,48.75,3,0.0,-0.9999999999801903,-0.9999999989999999,3,13.333333333333334,United Kingdom,1
14744,0,23,8,2785.1,348.1375,28.714285714285715,45,0.1111111111111111,0.18300958672931564,0.0,95,20.210526315789473,United Kingdom,0
14745,0,158,7,1331.15,190.16428571428574,22.166666666666668,39,0.36363636363636365,-0.21496450437575404,-0.1428571428367347,71,13.112676056338028,United Kingdom,0
14746,1,63,4,593.5,148.375,5.666666666666667,7,0.0,0.9999999999983151,0.99999999975,9,44.22222222222222,United Kingdom,0
14748,0,25,7,1736.57,248.08142857142857,45.666666666666664,77,0.36363636363636365,0.16257910709032025,0.4285714285102041,102,14.990196078431373,United Kingdom,0
14749,1,136,1,310.15,310.15,48.75,18,0.0,0.9999999999967758,0.9999999989999999,18,22.38888888888889,United Kingdom,1
14751,1,341,1,61.349999999999994,61.349999999999994,48.75,4,0.0,-0.9999999999837001,-0.9999999989999999,4,11.75,United Kingdom,1
14753,1,117,1,306.36,306.36,48.75,18,0.0,0.9999999999967359,0.9999999989999999,18,11.166666666666666,United Kingdom,1
14754,0,82,4,909.88,227.47,87.66666666666667,82,0.2,-0.1053765331690933,-0.499999999875,95,5.515789473684211,United Kingdom,0
14755,0,38,12,4517.12,376.4266666666667,28.0,136,0.25,0.24725488807022009,0.0,218,9.013761467889909,United Kingdom,0
14756,1,39,2,1914.8000000000002,957.4000000000001,41.0,68,0.3333333333333333,0.9999999999994778,0.9999999995,81,12.432098765432098,United Kingdom,0
14758,0,53,3,1380.9099999999999,460.3033333333333,106.5,52,0.0,0.3591182625946955,0.3333333332222222,65,6.476923076923077,United Kingdom,0
14761,0,101,1,192.02,192.02,48.75,13,0.0,0.9999999999947923,0.9999999989999999,13,6.769230769230769,United Kingdom,1
14762,0,283,1,117.05000000000001,117.05000000000001,48.75,9,0.0,-0.9999999999914566,-0.9999999989999999,9,9.666666666666666,United Kingdom,1
14766,0,23,6,4082.76,680.46,36.6,164,0.3333333333333333,0.35360883324017245,0.6666666665555555,205,13.239024390243902,United Kingdom,0
14767,1,131,1,382.81,382.81,48.75,18,0.0,0.9999999999973878,0.9999999989999999,18,6.5,United Kingdom,1
14769,0,14,9,4474.48,497.16444444444437,42.5,214,0.25,0.23144588868421995,0.11111111109876542,296,10.239864864864865,United Kingdom,0
14770,0,124,6,2761.22,460.2033333333333,36.4,119,0.14285714285714285,-0.6606717320602268,-0.33333333327777775,145,7.641379310344828,United Kingdom,0
14771,1,278,1,307.25,307.25,48.75,28,0.5,-0.9999999999967454,-0.9999999989999999,28,13.178571428571429,United Kingdom,1
14773,1,249,1,140.55,140.55,48.75,10,0.5,-0.9999999999928851,-0.9999999989999999,10,5.3,United Kingdom,1
14774,1,185,1,241.45,241.45,48.75,13,0.0,-0.9999999999958584,-0.9999999989999999,13,7.615384615384615,United Kingdom,1
14775,1,29,1,406.56,406.56,48.75,20,0.0,0.9999999999975404,0.9999999989999999,20,19.2,United Kingdom,1
14776,0,44,4,1170.0,292.5,19.0,45,0.3333333333333333,0.9999999999991454,0.99999999975,73,20.876712328767123,United Kingdom,0
14777,1,60,1,307.56,307.56,48.75,16,0.6666666666666666,0.9999999999967486,0.9999999989999999,16,13.25,United Kingdom,1
14783,1,316,1,307.3,307.3,48.75,17,0.5,-0.9999999999967459,-0.9999999989999999,17,15.411764705882353,United Kingdom,1
14784,0,46,1,159.94,159.94,48.75,12,0.0,0.9999999999937477,0.9999999989999999,12,10.5,United Kingdom,1
14786,1,207,1,90.96,90.96,48.75,7,0.0,-0.9999999999890061,-0.9999999989999999,7,16.0,United Kingdom,1
14787,1,128,1,110.65,110.65,48.75,14,0.0,0.9999999999909625,0.9999999989999999,15,3.933333333333333,United Kingdom,1
14788,1,253,1,476.88,476.88,48.75,28,0.0,-0.999999999997903,-0.9999999989999999,28,10.642857142857142,United Kingdom,1
14790,0,31,4,1213.6,303.4,80.66666666666667,41,0.0,0.2295978905733112,0.0,69,20.44927536231884,United Kingdom,0
14791,1,263,1,303.63,303.63,48.75,19,0.0,-0.9999999999967065,-0.9999999989999999,19,6.684210526315789,United Kingdom,1
14793,1,192,1,396.91,396.91,48.75,25,0.0,-0.9999999999974806,-0.9999999989999999,25,10.8,United Kingdom,1
14794,0,59,3,633.99,211.33,41.5,23,0.25,0.9999999999984227,0.9999999996666666,24,4.583333333333333,United Kingdom,0
14796,0,18,11,2956.6400000000003,268.78545454545457,31.3,198,0.26666666666666666,0.6735957032304665,0.45454545450413225,422,4.208530805687204,United Kingdom,0
14797,1,164,1,300.31,300.31,48.75,16,0.0,0.9999999999966701,0.9999999989999999,16,6.1875,United Kingdom,1
14798,0,38,5,550.57,110.114,66.25,22,0.16666666666666666,-0.9258949815628787,-0.59999999988,37,12.18918918918919,United Kingdom,0
14800,0,19,7,4079.39,582.77,11.5,195,0.2222222222222222,0.9999999999997549,0.9999999998571428,311,12.633440514469454,United Kingdom,0
14802,1,95,2,1502.98,751.49,0.0,1,0.6666666666666666,0.9999999999993346,0.9999999995,2,1.0,United Kingdom,0
14805,0,61,3,536.15,178.71666666666667,108.5,72,0.0,0.2622213932663206,0.3333333332222222,81,3.728395061728395,United Kingdom,0
14806,1,96,1,110.03999999999999,110.03999999999999,48.75,9,0.0,0.9999999999909124,0.9999999989999999,9,10.333333333333334,United Kingdom,1
14807,1,47,2,504.14,252.07,259.0,37,0.0,-0.3870750188432041,0.0,38,6.157894736842105,United Kingdom,0
14809,1,278,2,686.76,343.38,0.0,18,0.0,-0.9999999999985439,-0.9999999995,18,12.88888888888889,United Kingdom,0
14810,0,26,3,446.59,148.86333333333332,29.5,51,0.0,0.9999999999977608,0.9999999996666666,69,3.3333333333333335,United Kingdom,0
14811,1,44,1,170.5,170.5,48.75,28,0.0,0.9999999999941349,0.9999999989999999,28,2.642857142857143,United Kingdom,1
14812,1,255,1,178.85,178.85,48.75,36,0.0,-0.9999999999944088,-0.9999999989999999,36,3.75,United Kingdom,1
14813,1,26,4,888.9100000000001,222.22750000000002,80.0,110,0.0,0.019788280028327037,0.499999999875,138,2.8405797101449277,United Kingdom,0
14814,1,238,1,154.21,154.21,48.75,28,0.0,-0.9999999999935154,-0.9999999989999999,30,3.1,United Kingdom,1
14817,0,52,5,2849.52,569.904,57.5,107,0.16666666666666666,0.30698503607614375,0.19999999996,167,10.820359281437126,United Kingdom,0
14818,0,115,3,495.76000000000005,165.25333333333336,94.0,52,0.0,0.5741891237684077,0.3333333332222222,56,3.9107142857142856,United Kingdom,0
14819,0,151,1,154.55,154.55,48.75,29,0.0,0.9999999999935296,0.9999999989999999,30,1.2666666666666666,United Kingdom,1
14820,0,37,5,767.47,153.494,74.0,31,0.0,0.3091065448808304,0.19999999996,35,13.457142857142857,United Kingdom,0
14821,1,23,7,1230.1499999999999,175.73571428571427,51.166666666666664,65,0.0,0.5225785473312013,0.1428571428367347,69,6.6521739130434785,United Kingdom,0
14822,1,142,1,157.70000000000002,157.70000000000002,48.75,9,0.0,0.999999999993659,0.9999999989999999,9,10.444444444444445,United Kingdom,1
14824,1,36,6,2895.2000000000003,482.53333333333336,51.0,76,0.25,-0.11539789997232826,0.0,129,11.077519379844961,United Kingdom,0
14825,0,15,14,2910.5,207.89285714285714,19.0,134,0.17647058823529413,0.254780965469763,0.14285714284693876,197,9.776649746192893,United Kingdom,0
14826,1,238,2,385.20000000000005,192.60000000000002,113.0,10,0.0,-0.999999999997404,-0.9999999995,10,15.2,United Kingdom,0
14828,0,45,9,7017.299999999999,779.6999999999999,38.75,61,0.1,-0.15878186766987887,0.11111111109876542,76,91.23684210526316,United Kingdom,0
14829,0,17,5,1143.65,228.73000000000002,18.5,66,0.2857142857142857,0.9999999999991256,0.9999999998,75,10.6,United Kingdom,0
14831,1,337,1,842.82,842.82,48.75,46,0.75,-0.9999999999988135,-0.9999999989999999,46,9.347826086956522,United Kingdom,1
14832,1,287,1,322.69,322.69,48.75,1,0.6666666666666666,-0.999999999996901,-0.9999999989999999,1,1.0,United Kingdom,1
14833,1,155,1,94.8,94.8,48.75,7,0.0,0.9999999999894514,0.9999999989999999,7,8.285714285714286,United Kingdom,1
14834,0,64,1,485.86,485.86,48.75,20,0.0,0.9999999999979419,0.9999999989999999,20,6.9,United Kingdom,1
14835,1,185,2,297.0,148.5,88.0,1,0.3333333333333333,-0.999999999996633,-0.9999999995,2,90.0,United Kingdom,0
14837,0,99,5,1810.8200000000002,362.16400000000004,60.0,91,0.2857142857142857,0.17912327012061982,0.19999999996,101,15.782178217821782,United Kingdom,0
14838,1,80,1,650.82,650.82,48.75,66,0.0,0.9999999999984635,0.9999999989999999,66,5.196969696969697,United Kingdom,1
14839,1,75,3,915.28,305.0933333333333,142.5,61,0.0,-0.330915129795985,-0.3333333332222222,74,12.527027027027026,United Kingdom,0
14840,0,196,1,299.86,299.86,48.75,18,0.5,-0.9999999999966651,-0.9999999989999999,18,8.222222222222221,United Kingdom,1
14841,0,15,6,3046.6,507.76666666666665,56.8,103,0.0,0.3812446661851306,0.33333333327777775,132,10.545454545454545,United Kingdom,0
14843,1,93,1,211.79999999999998,211.79999999999998,48.75,9,0.0,0.9999999999952787,0.9999999989999999,9,14.666666666666666,United Kingdom,1
14844,0,87,6,3512.6200000000003,585.4366666666667,35.0,98,0.25,0.3391485557787807,0.6666666665555555,147,17.25170068027211,United Kingdom,0
14845,1,256,1,150.0,150.0,48.75,1,0.0,-0.9999999999933334,-0.9999999989999999,1,600.0,United Kingdom,1
14846,1,84,1,437.4,437.4,48.75,12,0.5,0.9999999999977138,0.9999999989999999,12,16.083333333333332,United Kingdom,1
14847,1,64,2,1039.55,519.775,156.0,47,0.3333333333333333,0.41359241979662975,0.0,49,8.428571428571429,United Kingdom,0
14848,1,61,1,310.56,310.56,48.75,11,0.0,0.99999999999678,0.9999999989999999,11,23.636363636363637,United Kingdom,1
14849,0,15,23,8043.96,349.73739130434785,15.181818181818182,185,0.14814814814814814,0.0030432771918305125,0.21739130433837428,378,17.063492063492063,United Kingdom,0
14850,0,74,6,1445.2099999999998,240.8683333333333,30.0,120,0.25,0.3449810062203105,0.33333333327777775,174,6.32183908045977,United Kingdom,0
14851,0,287,1,318.06,318.06,48.75,14,0.0,-0.999999999996856,-0.9999999989999999,14,21.857142857142858,United Kingdom,1
14852,0,81,12,3295.74,274.645,19.727272727272727,73,0.2,0.15947253120690366,0.33333333330555553,166,15.77710843373494,United Kingdom,0
14853,0,80,3,901.07,300.3566666666667,91.0,19,0.25,-0.29150898376342405,-0.3333333332222222,22,11.954545454545455,United Kingdom,0
14854,0,47,4,1563.03,390.7575,98.33333333333333,75,0.3333333333333333,-0.2141929457526636,0.0,88,13.261363636363637,United Kingdom,0
14855,1,131,5,5874.650000000001,1174.93,34.0,156,0.0,0.44718408756258715,0.59999999988,187,17.342245989304814,United Kingdom,0
14857,1,99,5,2478.731,495.74620000000004,47.75,125,0.2857142857142857,-0.28034950141815296,-0.19999999996,153,10.568627450980392,United Kingdom,0
14858,1,162,1,180.75,180.75,48.75,11,0.0,0.9999999999944675,0.9999999989999999,11,9.545454545454545,United Kingdom,1
14859,0,211,1,351.9,351.9,48.75,8,0.0,-0.9999999999971583,-0.9999999989999999,8,27.125,United Kingdom,1
14861,1,37,8,1039.94,129.9925,44.714285714285715,52,0.2727272727272727,0.247341192760883,0.4999999999375,68,12.720588235294118,United Kingdom,0
14865,1,29,2,46.32000000000001,23.160000000000004,2.0,3,0.0,0.9999999999784112,0.9999999995,4,36.0,United Kingdom,0
14866,1,23,8,6460.32,807.54,14.428571428571429,13,0.0,0.9999999999998451,0.999999999875,38,65.28947368421052,United Kingdom,0
14867,0,52,12,2038.46,169.87166666666667,27.0,51,0.14285714285714285,-0.6483619987634545,-0.8333333332638889,92,6.6521739130434785,United Kingdom,0
14868,0,37,4,1230.42,307.605,13.0,56,0.0,0.9999999999991873,0.99999999975,67,12.313432835820896,United Kingdom,0
14869,1,45,3,1685.21,561.7366666666667,137.0,129,0.25,0.11099506886375524,0.3333333332222222,153,8.398692810457517,United Kingdom,0
14870,0,70,5,1511.7,302.34000000000003,67.5,34,0.375,0.03142157835547303,0.19999999996,52,7.0,United Kingdom,0
14871,0,17,4,528.1899999999999,132.04749999999999,85.66666666666667,69,0.0,-0.10240633105491881,0.0,93,2.161290322580645,United Kingdom,0
14872,1,140,3,816.6,272.2,74.5,34,0.25,-0.24114621601733874,-0.3333333332222222,43,15.395348837209303,United Kingdom,0
14873,0,290,1,334.45,334.45,48.75,21,0.0,-0.9999999999970101,-0.9999999989999999,21,6.809523809523809,United Kingdom,1
14874,1,192,1,116.18,116.18,48.75,6,0.0,-0.9999999999913927,-0.9999999989999999,6,24.666666666666668,United Kingdom,1
14875,0,98,1,1397.08,1397.08,48.75,42,0.5,0.9999999999992842,0.9999999989999999,42,18.428571428571427,United Kingdom,1
14876,1,178,2,256.7,128.35,40.0,12,0.0,-0.5862874951282186,0.0,13,12.461538461538462,United Kingdom,0
14877,1,75,2,425.85,212.925,224.0,57,0.0,0.02923564635428151,0.0,63,2.6666666666666665,United Kingdom,0
14878,0,15,17,2922.42,171.9070588235294,18.125,122,0.15,0.08188419186835509,0.0588235294083045,260,6.7384615384615385,United Kingdom,0
14879,1,341,1,185.06,185.06,48.75,27,0.0,-0.9999999999945964,-0.9999999989999999,27,3.8518518518518516,United Kingdom,1
14882,1,47,12,2956.95,246.4125,20.454545454545453,31,0.07692307692307693,0.6877864015283696,0.33333333330555553,54,26.962962962962962,United Kingdom,0
14884,1,326,1,120.6,120.6,48.75,8,0.0,-0.9999999999917081,-0.9999999989999999,8,9.0,United Kingdom,1
14885,1,84,2,832.8,416.4,38.0,16,0.3333333333333333,0.9999999999987993,0.9999999995,16,36.5,United Kingdom,0
14890,0,275,2,691.5999999999999,345.79999999999995,41.0,49,0.0,-0.999999999998554,-0.9999999995,50,11.7,United Kingdom,0
14891,0,73,2,552.35,276.175,19.0,29,0.0,0.9999999999981896,0.9999999995,30,9.433333333333334,United Kingdom,0
14892,1,347,1,202.35000000000002,202.35000000000002,48.75,13,0.0,-0.9999999999950582,-0.9999999989999999,13,6.076923076923077,United Kingdom,1
14893,1,274,1,571.76,571.76,48.75,33,0.75,-0.9999999999982511,-0.9999999989999999,33,7.515151515151516,United Kingdom,1
14894,1,100,1,537.36,537.36,48.75,20,0.5,0.999999999998139,0.9999999989999999,20,14.2,United Kingdom,1
14895,0,40,16,12163.28,760.205,17.8,247,0.2,0.09201465394202123,0.0,363,14.101928374655648,United Kingdom,0
14896,0,22,6,1316.2,219.36666666666667,62.0,124,0.25,0.032836954870055605,0.0,201,3.5223880597014925,United Kingdom,0
14897,0,66,3,1473.0,491.0,91.0,46,0.25,0.5648336727762628,0.3333333332222222,53,9.245283018867925,United Kingdom,0
14898,0,28,7,1532.43,218.91857142857143,46.166666666666664,88,0.36363636363636365,0.5018761052703863,0.4285714285102041,126,6.134920634920635,United Kingdom,0
14899,1,52,1,1331.38,1331.38,48.75,126,0.0,0.9999999999992489,0.9999999989999999,129,4.4186046511627906,United Kingdom,1
14900,1,179,1,13.919999999999998,13.919999999999998,48.75,1,0.0,0.9999999999281609,0.9999999989999999,1,48.0,United Kingdom,1
14901,1,17,6,994.76,165.79333333333332,27.2,61,0.14285714285714285,0.9999999999989947,0.9999999998333333,76,5.592105263157895,United Kingdom,0
14902,1,52,2,702.96,351.48,157.0,34,0.3333333333333333,-0.1334926596105988,0.0,39,12.76923076923077,United Kingdom,0
14904,1,65,2,605.05,302.525,19.0,62,0.0,0.9999999999983472,0.9999999995,72,7.458333333333333,United Kingdom,0
14905,0,31,5,1097.14,219.42800000000003,67.5,34,0.16666666666666666,0.24148239969352908,0.19999999996,48,11.458333333333334,United Kingdom,0
14906,1,102,1,68.44,68.44,48.75,1,0.6666666666666666,0.9999999999853886,0.9999999989999999,1,1.0,United Kingdom,1
14907,1,17,12,3007.3100000000004,250.6091666666667,21.636363636363637,82,0.25,0.8039975925325941,0.8333333332638889,150,8.373333333333333,United Kingdom,0
14908,1,120,1,104.10000000000001,104.10000000000001,48.75,5,0.0,0.9999999999903938,0.9999999989999999,5,10.0,United Kingdom,1
14909,1,94,3,1404.6799999999998,468.22666666666663,112.5,61,0.4,-0.5737107383884061,-0.3333333332222222,80,11.1,United Kingdom,0
14911,0,8,201,148328.34,737.9519402985075,1.365,1712,0.23282442748091603,0.16919490907806173,0.19402985074530335,5446,12.61733382298935,EIRE,0
14912,0,58,4,1021.4,255.35,93.0,28,0.5,0.02682592520067869,0.0,36,23.555555555555557,Italy,0
14913,0,16,5,3146.57,629.3140000000001,31.0,134,0.0,0.9999999999996821,0.9999999998,177,14.887005649717514,United Kingdom,0
14915,0,32,8,1301.71,162.71375,38.285714285714285,49,0.1111111111111111,0.29853807683716155,0.24999999996875,67,7.3283582089552235,United Kingdom,0
14916,0,88,4,1773.9700000000003,443.49250000000006,61.666666666666664,52,0.3333333333333333,-0.374104409882707,-0.499999999875,57,22.43859649122807,United Kingdom,0
14917,1,253,2,1123.75,561.875,0.0,29,0.0,-0.9999999999991102,-0.9999999995,29,30.724137931034484,United Kingdom,0
14918,1,61,7,4345.66,620.8085714285714,34.166666666666664,64,0.0,0.3060340661716963,0.1428571428367347,96,19.541666666666668,United Kingdom,0
14919,1,196,1,359.35,359.35,48.75,13,0.0,-0.9999999999972172,-0.9999999989999999,13,9.923076923076923,United Kingdom,1
14920,0,222,1,629.4,629.4,48.75,40,0.0,-0.9999999999984112,-0.9999999989999999,40,9.425,United Kingdom,1
14922,1,50,2,843.74,421.87,114.0,49,0.0,0.9999999999988148,0.9999999995,50,7.52,United Kingdom,0
14924,0,267,2,620.96,310.48,29.0,20,0.0,-0.9999999999983896,-0.9999999995,21,11.80952380952381,United Kingdom,0
14926,1,38,2,359.4,179.7,216.0,2,0.3333333333333333,-0.2253756260427786,0.0,3,68.0,United Kingdom,0
14927,1,53,1,308.2,308.2,48.75,20,0.0,0.9999999999967554,0.9999999989999999,20,9.8,United Kingdom,1
14928,1,284,1,223.91000000000003,223.91000000000003,48.75,21,0.5,-0.999999999995534,-0.9999999989999999,21,12.761904761904763,United Kingdom,1
14929,1,78,1,612.8100000000001,612.8100000000001,48.75,23,0.0,0.9999999999983682,0.9999999989999999,23,15.26086956521739,United Kingdom,1
14930,0,127,3,2873.77,957.9233333333333,67.5,129,0.5,-0.3958180369339246,-0.3333333332222222,151,6.841059602649007,Channel Islands,0
14932,1,22,2,666.13,333.065,20.0,29,0.0,0.9999999999984988,0.9999999995,32,8.03125,Channel Islands,0
14933,1,100,4,1770.0,442.5,0.0,1,0.2,0.999999999999435,0.99999999975,4,150.0,Channel Islands,0
14934,0,35,3,1612.56,537.52,31.0,66,0.5,0.9999999999993798,0.9999999996666666,98,10.795918367346939,Channel Islands,0
14935,0,276,1,1065.12,1065.12,48.75,16,0.0,-0.9999999999990612,-0.9999999989999999,16,62.25,Channel Islands,1
14936,0,47,4,4273.79,1068.4475,64.0,129,0.2,0.4410207333536647,0.0,163,13.429447852760736,Channel Islands,0
14938,1,219,2,2322.43,1161.215,0.0,71,0.5,-0.9999999999995695,-0.9999999995,71,19.281690140845072,Channel Islands,0
14940,1,74,1,349.48,349.48,48.75,22,0.0,0.9999999999971386,0.9999999989999999,22,12.681818181818182,United Kingdom,1
14941,1,235,1,182.1,182.1,48.75,7,0.0,-0.9999999999945086,-0.9999999989999999,7,11.428571428571429,United Kingdom,1
14942,1,58,3,637.21,212.40333333333334,118.0,10,0.0,-0.040253605561682615,-0.3333333332222222,16,19.8125,United Kingdom,0
14943,1,320,1,107.62,107.62,48.75,5,0.0,-0.999999999990708,-0.9999999989999999,5,9.2,United Kingdom,1
14944,0,46,7,3884.42,554.9171428571428,45.0,110,0.36363636363636365,0.18736902806591785,0.1428571428367347,133,15.406015037593985,United Kingdom,0
14945,1,70,1,179.4,179.4,48.75,11,0.0,0.9999999999944259,0.9999999989999999,11,14.181818181818182,United Kingdom,1
14947,1,45,4,758.97,189.7425,78.33333333333333,37,0.0,-0.5508386365725247,-0.499999999875,40,5.925,United Kingdom,0
14949,1,126,3,428.54,142.84666666666666,110.0,15,0.4,-0.14019694777584307,-0.3333333332222222,22,9.454545454545455,United Kingdom,0
14952,0,21,20,9625.92,481.296,16.36842105263158,140,0.2857142857142857,0.14603487251087202,0.0,164,22.878048780487806,United Kingdom,0
14953,1,75,3,685.65,228.54999999999998,8.5,153,0.25,0.9999999999985415,0.9999999996666666,191,4.136125654450262,United Kingdom,0
14954,1,360,1,167.27,167.27,48.75,41,0.0,-0.9999999999940217,-0.9999999989999999,41,2.2439024390243905,United Kingdom,1
14956,1,78,1,1325.0,1325.0,48.75,4,0.0,0.9999999999992453,0.9999999989999999,4,625.0,United Kingdom,1
14957,0,301,1,203.2,203.2,48.75,15,0.0,-0.9999999999950788,-0.9999999989999999,16,3.9375,United Kingdom,1
14958,0,252,2,271.9,135.95,31.0,18,0.0,-0.9999999999963222,-0.9999999995,18,3.6666666666666665,United Kingdom,0
14961,0,17,13,7939.700000000001,610.7461538461539,20.416666666666668,182,0.1875,0.473670289809379,0.5384615384201183,292,13.267123287671232,United Kingdom,0
14962,0,196,3,240.21000000000004,80.07000000000001,22.0,9,0.0,-0.999999999995837,-0.9999999996666666,9,8.777777777777779,United Kingdom,0
14963,0,36,7,1651.23,235.89000000000001,24.0,193,0.125,0.9999999999993944,0.9999999998571428,284,3.971830985915493,United Kingdom,0
14966,1,44,3,556.77,185.59,7.5,58,0.0,0.999999999998204,0.9999999996666666,71,4.873239436619718,United Kingdom,0
14967,1,98,4,1282.56,320.64,72.33333333333333,15,0.2,0.16828842315356143,0.499999999875,18,24.666666666666668,United Kingdom,0
14968,1,115,1,353.65,353.65,48.75,47,0.0,0.9999999999971724,0.9999999989999999,47,2.765957446808511,United Kingdom,1
14969,1,360,1,906.23,906.23,48.75,13,0.0,-0.9999999999988965,-0.9999999989999999,13,51.15384615384615,United Kingdom,1
14970,0,66,8,3327.29,415.91125,35.857142857142854,54,0.3333333333333333,-0.7159850809515503,-0.74999999990625,79,9.265822784810126,United Kingdom,0
14972,1,38,1,30.300000000000004,30.300000000000004,48.75,2,0.0,0.9999999999669967,0.9999999989999999,2,6.0,United Kingdom,1
14975,1,78,1,192.45,192.45,48.75,15,0.0,0.9999999999948039,0.9999999989999999,15,8.466666666666667,United Kingdom,1
14978,0,87,5,1190.82,238.164,39.75,56,0.2857142857142857,-0.10371004853789514,-0.19999999996,76,2.8026315789473686,United Kingdom,0
14981,0,80,1,270.8,270.8,48.75,14,0.5,0.9999999999963073,0.9999999989999999,14,10.285714285714286,United Kingdom,1
14982,1,229,1,237.78,237.78,48.75,39,0.0,-0.9999999999957945,-0.9999999989999999,39,3.2051282051282053,United Kingdom,1
14983,1,346,1,183.20000000000002,183.20000000000002,48.75,30,0.0,-0.9999999999945416,-0.9999999989999999,30,3.0,United Kingdom,1
14984,0,45,4,1058.1399999999999,264.53499999999997,102.33333333333333,11,0.0,0.036989434290323586,-0.499999999875,15,19.333333333333332,United Kingdom,0
14985,0,15,1,119.77,119.77,48.75,45,0.0,0.9999999999916507,0.9999999989999999,46,1.8478260869565217,United Kingdom,1
14986,1,33,2,563.1,281.55,307.0,87,0.0,-0.14857041378059213,0.0,98,3.4489795918367347,United Kingdom,0
14987,1,22,3,820.75,273.5833333333333,12.0,3,0.0,0.9999999999987816,0.9999999996666666,6,54.166666666666664,United Kingdom,0
14988,0,37,6,1704.1100000000001,284.0183333333334,43.8,140,0.0,0.4232531937489814,0.33333333327777775,195,5.7384615384615385,United Kingdom,0
14989,1,318,1,342.4,342.4,48.75,18,0.0,-0.9999999999970794,-0.9999999989999999,18,11.11111111111111,United Kingdom,1
14990,1,269,1,103.93,103.93,48.75,28,0.0,-0.9999999999903781,-0.9999999989999999,28,2.3214285714285716,United Kingdom,1
14991,1,87,1,314.67,314.67,48.75,21,0.0,0.9999999999968221,0.9999999989999999,21,9.095238095238095,United Kingdom,1
14992,1,99,1,210.5,210.5,48.75,27,0.0,0.9999999999952495,0.9999999989999999,27,5.37037037037037,United Kingdom,1
14993,1,220,1,36.13,36.13,48.75,9,0.0,-0.9999999999723223,-0.9999999989999999,10,2.1,United Kingdom,1
14994,1,39,5,946.72,189.344,59.75,233,0.375,0.26812573939468043,0.19999999996,302,1.880794701986755,United Kingdom,0
14996,1,138,2,442.29,221.145,0.0,37,0.0,0.999999999997739,0.9999999995,41,9.853658536585366,United Kingdom,0
14997,0,312,1,230.4,230.4,48.75,12,0.0,-0.9999999999956598,-0.9999999989999999,12,24.0,United Kingdom,1
14998,0,85,2,338.31,169.155,177.0,49,0.0,0.32907688214853514,0.0,51,1.8431372549019607,United Kingdom,0
14999,1,249,1,129.48000000000002,129.48000000000002,48.75,9,0.0,-0.9999999999922768,-0.9999999989999999,9,9.777777777777779,United Kingdom,1
15001,1,51,2,199.10999999999999,99.55499999999999,0.0,44,0.0,0.9999999999949777,0.9999999995,46,1.5217391304347827,United Kingdom,0
15002,0,24,6,3127.9700000000003,521.3283333333334,65.6,172,0.0,-0.28512741490478327,-0.33333333327777775,253,6.446640316205533,United Kingdom,0
15003,1,130,6,1027.03,171.17166666666665,41.2,253,0.14285714285714285,-0.666358334225226,-0.6666666665555555,329,1.5957446808510638,United Kingdom,0
15005,0,16,27,7036.96,260.62814814814817,12.192307692307692,390,0.2894736842105263,0.02871694595393056,-0.03703703703566529,1226,3.442088091353997,United Kingdom,0
15006,1,110,1,277.4,277.4,48.75,47,0.0,0.9999999999963951,0.9999999989999999,50,2.02,United Kingdom,1
15008,1,137,2,360.0,180.0,157.0,6,0.0,0.33333333333240744,0.0,12,125.0,United Kingdom,0
15011,1,52,2,416.6,208.3,20.0,17,0.0,0.9999999999975996,0.9999999995,20,14.45,United Kingdom,0
15012,1,30,2,429.78,214.89,203.0,107,0.0,-0.12252780492316412,0.0,121,2.0,United Kingdom,0
15013,1,144,10,1610.82,161.082,20.666666666666668,177,0.0,-0.5307358984861557,-0.59999999994,340,5.044117647058823,United Kingdom,0
15015,1,158,12,2225.37,185.4475,17.181818181818183,150,0.3333333333333333,-0.5871338249367131,-0.6666666666111111,277,5.35740072202166,United Kingdom,0
15016,0,50,4,450.85,112.7125,50.0,77,0.2,0.3775756903618109,0.499999999875,85,1.964705882352941,United Kingdom,0
15018,0,24,1,111.25,111.25,48.75,5,0.0,0.9999999999910112,0.9999999989999999,5,4.2,United Kingdom,1
15020,1,36,1,198.47,198.47,48.75,27,0.0,0.9999999999949615,0.9999999989999999,27,4.111111111111111,United Kingdom,1
15021,0,23,4,826.91,206.7275,43.333333333333336,154,0.42857142857142855,0.9999999999987907,0.99999999975,228,1.5350877192982457,United Kingdom,0
15022,1,334,1,281.05,281.05,48.75,19,0.0,-0.999999999996442,-0.9999999989999999,19,5.947368421052632,United Kingdom,1
15023,0,26,10,5287.64,528.764,33.44444444444444,264,0.16666666666666666,-0.03020629241021885,-0.19999999998,439,4.913439635535307,United Kingdom,0
15024,0,24,8,2414.18,301.7725,7.714285714285714,120,0.0,0.9999999999995858,0.999999999875,216,5.930555555555555,United Kingdom,0
15025,1,225,1,617.83,617.83,48.75,72,0.0,-0.9999999999983814,-0.9999999989999999,72,4.430555555555555,United Kingdom,1
15026,0,32,2,579.89,289.945,72.0,65,0.0,0.9999999999982756,0.9999999995,77,4.805194805194805,United Kingdom,0
15027,0,52,6,2129.45,354.9083333333333,45.4,46,0.14285714285714285,-0.0858766348117656,-0.33333333327777775,56,39.589285714285715,United Kingdom,0
15028,1,25,3,521.78,173.92666666666665,12.0,45,0.0,0.9999999999980835,0.9999999996666666,68,4.897058823529412,United Kingdom,0
15029,1,276,1,365.1,365.1,48.75,10,0.5,-0.9999999999972611,-0.9999999989999999,10,23.4,United Kingdom,1
15030,0,37,6,1461.63,243.60500000000002,52.4,19,0.14285714285714285,-0.29517046037622713,0.0,26,32.80769230769231,United Kingdom,0
15031,0,51,9,2200.58,244.5088888888889,37.125,175,0.18181818181818182,-0.5420207399864845,-0.3333333332962963,250,4.22,United Kingdom,0
15032,0,23,6,7316.150000000001,1219.3583333333333,47.0,38,0.0,0.8309083329345582,0.6666666665555555,67,65.17910447761194,United Kingdom,0
15034,0,10,7,4777.44,682.4914285714285,36.666666666666664,239,0.0,0.7074290833583032,0.7142857141836735,400,6.9575,United Kingdom,0
15037,1,33,2,397.76,198.88,0.0,40,0.0,0.9999999999974859,0.9999999995,45,6.622222222222222,United Kingdom,0
15038,0,26,4,579.67,144.9175,17.666666666666668,119,0.0,0.9999999999982749,0.99999999975,142,1.4929577464788732,United Kingdom,0
15039,0,17,45,20087.03,446.3784444444444,7.0227272727272725,384,0.16666666666666666,0.37933084184170685,0.19999999999555557,1282,6.996099843993759,United Kingdom,0
15040,1,198,1,7.49,7.49,48.75,1,0.0,-0.9999999998664887,-0.9999999989999999,1,1.0,United Kingdom,1
15041,0,101,1,109.47,109.47,48.75,35,0.0,0.9999999999908651,0.9999999989999999,38,2.3947368421052633,United Kingdom,1
15042,0,252,1,179.52,179.52,48.75,4,0.0,-0.9999999999944297,-0.9999999989999999,4,52.0,United Kingdom,1
15043,1,120,5,2333.3199999999997,466.66399999999993,16.75,39,0.0,0.6449865427799681,0.59999999988,48,14.979166666666666,United Kingdom,0
15044,0,9,20,8770.470000000001,438.52350000000007,17.894736842105264,213,0.2857142857142857,0.3150036429062165,0.299999999985,472,5.622881355932203,United Kingdom,0
15046,0,82,10,2533.37,253.337,29.444444444444443,139,0.16666666666666666,-0.34389370680147635,-0.39999999996,193,6.284974093264249,United Kingdom,0
15048,0,25,1,98.7,98.7,48.75,23,0.0,0.9999999999898682,0.9999999989999999,23,1.391304347826087,United Kingdom,1
15050,1,78,2,2349.5,1174.75,59.0,58,0.0,0.9999999999995743,0.9999999995,73,18.958904109589042,United Kingdom,0
15051,1,36,5,1963.53,392.706,70.25,92,0.16666666666666666,0.290451380931134,0.19999999996,115,15.095652173913043,United Kingdom,0
15055,1,131,2,304.7,152.35,118.0,29,0.0,-0.09780111585133644,0.0,29,4.482758620689655,United Kingdom,0
15056,1,177,1,113.64999999999999,113.64999999999999,48.75,6,0.0,0.999999999991201,0.9999999989999999,6,11.5,United Kingdom,1
15057,0,100,2,1462.3600000000001,731.1800000000001,182.0,29,0.3333333333333333,0.2328291255229677,0.0,34,18.41176470588235,United Kingdom,0
15058,0,33,5,1285.04,257.008,68.75,52,0.16666666666666666,0.2043049243601722,0.19999999996,81,7.296296296296297,United Kingdom,0
15059,0,33,9,1872.54,208.06,39.125,186,0.3076923076923077,-0.0663697437704581,-0.11111111109876542,308,2.6818181818181817,United Kingdom,0
15061,0,16,82,77493.0,945.0365853658536,3.925925925925926,108,0.046511627906976744,0.47217322854966925,0.2682926829235574,542,85.41881918819188,United Kingdom,0
15062,0,16,5,1806.8400000000001,361.36800000000005,62.0,80,0.0,0.3516526089745901,0.59999999988,113,11.265486725663717,United Kingdom,0
15064,1,67,3,929.4200000000001,309.8066666666667,82.0,57,0.0,0.30324288265767546,0.3333333332222222,60,11.4,United Kingdom,0
15065,0,67,1,168.73,168.73,48.75,11,0.0,0.9999999999940734,0.9999999989999999,11,5.7272727272727275,United Kingdom,1
15067,0,70,2,2118.12,1059.06,193.0,94,0.3333333333333333,0.2780012463881754,0.0,95,12.6,United Kingdom,0
15068,0,75,2,621.54,310.77,203.0,104,0.0,-0.07754931299662522,0.0,114,4.105263157894737,United Kingdom,0
15070,1,29,2,412.25,206.125,218.0,18,0.0,-0.4847786537283572,0.0,18,11.5,United Kingdom,0
15071,0,43,2,473.49,236.745,184.0,27,0.0,0.2978098798278785,0.0,28,5.25,United Kingdom,0
15072,1,136,1,187.51999999999998,187.51999999999998,48.75,13,0.0,0.9999999999946673,0.9999999989999999,13,12.615384615384615,United Kingdom,1
15073,0,57,5,1744.6100000000001,348.922,69.75,89,0.0,0.1679745043303845,0.19999999996,105,8.752380952380953,United Kingdom,0
15074,1,86,2,817.4599999999999,408.72999999999996,38.0,31,0.0,0.9999999999987768,0.9999999995,31,19.612903225806452,United Kingdom,0
15076,0,149,2,566.8900000000001,283.44500000000005,29.0,30,0.5,0.999999999998236,0.9999999995,31,9.516129032258064,United Kingdom,0
15077,1,151,1,1554.6,1554.6,48.75,13,0.6666666666666666,0.9999999999993567,0.9999999989999999,13,23.076923076923077,United Kingdom,1
15078,0,11,23,7608.61,330.8091304347826,13.590909090909092,52,0.17857142857142858,0.06796379364955388,0.21739130433837428,335,10.665671641791045,United Kingdom,0
15079,0,22,6,2133.21,355.535,51.8,60,0.4,-0.24528761819031164,0.33333333327777775,67,12.298507462686567,United Kingdom,0
15080,1,84,2,546.25,273.125,74.0,31,0.0,0.9999999999981694,0.9999999995,31,9.258064516129032,United Kingdom,0
15081,0,24,8,1460.92,182.615,23.714285714285715,58,0.0,0.6225666018668903,0.74999999990625,76,8.105263157894736,United Kingdom,0
15082,1,325,1,93.35000000000001,93.35000000000001,48.75,6,0.0,-0.9999999999892876,-0.9999999989999999,6,7.166666666666667,United Kingdom,1
15084,1,36,2,965.1999999999999,482.59999999999997,266.0,31,0.0,0.27600497306229177,0.0,31,19.35483870967742,United Kingdom,0
15086,1,221,2,218.53,109.265,60.0,10,0.0,-0.999999999995424,-0.9999999995,11,8.636363636363637,United Kingdom,0
15091,1,331,2,565.9,282.95,0.0,27,0.3333333333333333,-0.999999999998233,-0.9999999995,27,8.74074074074074,United Kingdom,0
15092,0,119,1,318.65,318.65,48.75,19,0.5,0.9999999999968618,0.9999999989999999,19,5.0,United Kingdom,1
15093,0,29,17,9479.45,557.614705882353,19.9375,85,0.34615384615384615,0.03026019442055912,0.41176470585813146,215,35.0046511627907,United Kingdom,0
15094,1,120,2,83.0,41.5,181.0,4,0.0,-0.20481927710596604,0.0,5,5.6,United Kingdom,0
15095,0,77,6,1771.04,295.17333333333335,53.0,60,0.0,0.20398184117794976,0.33333333327777775,77,14.987012987012987,United Kingdom,0
15097,1,240,2,660.27,330.135,0.0,39,0.5,-0.9999999999984854,-0.9999999995,41,6.195121951219512,United Kingdom,0
15100,0,23,6,2018.6999999999998,336.45,66.4,11,0.5,0.7848120077273568,0.6666666665555555,15,16.933333333333334,United Kingdom,0
15101,1,16,5,1262.69,252.538,57.25,48,0.4444444444444444,0.26582138133645966,0.19999999996,54,8.685185185185185,United Kingdom,0
15102,1,187,2,554.67,277.335,16.0,26,0.0,-0.9999999999981971,-0.9999999995,27,12.555555555555555,United Kingdom,0
15105,1,87,2,795.98,397.99,196.0,50,0.0,0.16987864016662496,0.0,50,10.72,United Kingdom,0
15107,0,17,5,681.9,136.38,22.25,29,0.2857142857142857,0.9999999999985335,0.9999999998,34,6.764705882352941,United Kingdom,0
15109,0,236,1,266.95,266.95,48.75,12,0.0,-0.999999999996254,-0.9999999989999999,12,6.416666666666667,United Kingdom,1
15110,0,60,2,509.75,254.875,81.0,14,0.0,0.9999999999980382,0.9999999995,18,5.055555555555555,United Kingdom,0
15111,1,29,3,1163.3899999999999,387.7966666666666,109.5,60,0.0,0.5069409226480311,0.3333333332222222,67,6.776119402985074,United Kingdom,0
15112,1,268,1,209.4,209.4,48.75,7,0.0,-0.9999999999952245,-0.9999999989999999,7,10.285714285714286,United Kingdom,1
15114,0,40,2,639.56,319.78,37.0,33,0.0,0.9999999999984365,0.9999999995,34,12.823529411764707,United Kingdom,0
15117,0,105,3,934.19,311.3966666666667,93.0,46,0.0,0.2299425170466073,-0.3333333332222222,52,22.01923076923077,United Kingdom,0
15122,0,79,8,2853.49,356.68625,27.857142857142858,107,0.2,-0.29517888620591093,0.0,145,8.50344827586207,United Kingdom,0
15123,0,78,3,2456.8599999999997,818.9533333333333,106.0,66,0.0,0.6282572063525685,0.3333333332222222,77,17.25974025974026,United Kingdom,0
15124,0,133,2,266.63,133.315,175.0,16,0.0,-0.005363237445128619,0.0,16,14.3125,United Kingdom,0
15125,0,136,9,5496.39,610.71,17.0,72,0.3076923076923077,-0.7056540747653085,-0.5555555554938272,113,19.82300884955752,United Kingdom,0
15126,1,193,2,449.49,224.745,150.0,25,0.0,-0.9999999999977753,-0.9999999995,25,10.92,United Kingdom,0
15127,1,176,1,304.97,304.97,48.75,12,0.0,0.9999999999967211,0.9999999989999999,12,17.75,United Kingdom,1
15128,0,87,1,312.68,312.68,48.75,21,0.0,0.9999999999968019,0.9999999989999999,21,11.428571428571429,United Kingdom,1
15129,0,42,12,3412.78,284.39833333333337,20.09090909090909,56,0.0,0.21210860354309033,0.33333333330555553,123,17.951219512195124,United Kingdom,0
15131,1,51,1,80.28,80.28,48.75,7,0.0,0.9999999999875435,0.9999999989999999,7,12.571428571428571,United Kingdom,1
15133,0,39,2,824.48,412.24,138.0,20,0.0,0.9999999999987871,0.9999999995,20,14.0,United Kingdom,0
15134,0,38,2,208.3,104.15,41.0,12,0.0,0.9999999999951993,0.9999999995,12,14.166666666666666,United Kingdom,0
15135,0,213,1,166.63,166.63,48.75,11,0.0,-0.9999999999939987,-0.9999999989999999,11,3.727272727272727,United Kingdom,1
15137,1,177,2,823.4,411.7,159.0,34,0.5,0.045858634928290176,0.0,34,17.529411764705884,United Kingdom,0
15138,1,50,1,502.52,502.52,48.75,31,0.5,0.99999999999801,0.9999999989999999,31,9.67741935483871,United Kingdom,1
15140,0,99,1,889.44,889.44,48.75,32,0.0,0.9999999999988757,0.9999999989999999,32,13.6875,United Kingdom,1
15141,1,114,7,1388.47,198.35285714285715,26.833333333333332,44,0.2222222222222222,-0.42185283081346964,-0.4285714285102041,80,14.9625,United Kingdom,0
15142,1,67,5,2121.18,424.236,22.5,97,0.16666666666666666,0.9999999999995286,0.9999999998,116,15.431034482758621,United Kingdom,0
15143,0,89,1,304.18,304.18,48.75,17,0.0,0.9999999999967125,0.9999999989999999,17,10.0,United Kingdom,1
15144,0,36,11,5209.67,473.60636363636365,27.2,96,0.21428571428571427,0.14867544393404025,0.45454545450413225,126,16.8015873015873,United Kingdom,0
15149,1,233,4,1033.81,258.4525,24.333333333333332,44,0.0,-0.9999999999990327,-0.99999999975,46,5.478260869565218,United Kingdom,0
15150,0,113,3,3686.61,1228.8700000000001,43.5,231,0.0,-0.09806027759917701,0.3333333332222222,232,10.883620689655173,United Kingdom,0
15151,1,80,2,2085.61,1042.805,86.0,56,0.0,0.9999999999995205,0.9999999995,57,13.947368421052632,United Kingdom,0
15152,0,358,1,518.14,518.14,48.75,29,0.5,-0.99999999999807,-0.9999999989999999,29,10.0,United Kingdom,1
15154,1,135,2,1089.44,544.72,0.0,101,0.0,0.9999999999990821,0.9999999995,102,2.392156862745098,United Kingdom,0
15155,1,40,1,383.96999999999997,383.96999999999997,48.75,24,0.0,0.9999999999973956,0.9999999989999999,24,8.0,United Kingdom,1
15157,1,15,2,1355.3,677.65,211.0,66,0.3333333333333333,0.6018003394078052,0.0,66,22.848484848484848,United Kingdom,0
15158,1,58,1,204.62,204.62,48.75,4,0.5,0.9999999999951129,0.9999999989999999,4,5.25,United Kingdom,1
15159,0,18,6,5336.700000000001,889.4500000000002,13.6,131,0.0,0.9999999999998125,0.9999999998333333,148,20.66891891891892,United Kingdom,0
15160,1,14,4,589.27,147.3175,20.666666666666668,17,0.0,0.999999999998303,0.99999999975,23,13.347826086956522,United Kingdom,0
15161,1,45,1,119.92,119.92,48.75,33,0.0,0.9999999999916611,0.9999999989999999,33,4.363636363636363,United Kingdom,1
15164,0,46,6,1203.53,200.58833333333334,59.8,193,0.14285714285714285,0.06855666248446772,0.0,251,2.235059760956175,United Kingdom,0
15165,1,30,1,487.75,487.75,48.75,27,0.0,0.9999999999979498,0.9999999989999999,27,5.925925925925926,United Kingdom,1
15166,1,124,1,167.16,167.16,48.75,12,0.0,0.9999999999940178,0.9999999989999999,12,11.666666666666666,United Kingdom,1
15167,0,64,4,1468.82,367.205,88.33333333333333,233,0.0,0.10209555970091498,0.499999999875,265,3.0113207547169814,United Kingdom,0
15169,1,39,1,213.05,213.05,48.75,10,0.0,0.9999999999953063,0.9999999989999999,10,13.1,United Kingdom,1
15170,1,63,1,81.15,81.15,48.75,4,0.0,0.9999999999876771,0.9999999989999999,4,8.25,United Kingdom,1
15173,1,37,7,1494.6,213.5142857142857,38.833333333333336,68,0.125,-0.45300414826679175,-0.4285714285102041,86,9.767441860465116,United Kingdom,0
15174,0,67,1,345.71,345.71,48.75,23,0.0,0.9999999999971074,0.9999999989999999,23,10.304347826086957,United Kingdom,1
15176,1,324,1,988.04,988.04,48.75,52,0.5,-0.9999999999989879,-0.9999999989999999,52,8.615384615384615,United Kingdom,1
15177,1,82,1,948.93,948.93,48.75,26,0.0,0.9999999999989462,0.9999999989999999,26,18.653846153846153,United Kingdom,1
15179,0,49,7,4521.62,645.9457142857143,48.666666666666664,142,0.2222222222222222,-0.33051428470319694,-0.1428571428367347,194,16.18041237113402,United Kingdom,0
15180,1,24,3,816.9300000000001,272.31,110.5,46,0.0,-0.10863843903381117,0.3333333332222222,52,12.576923076923077,United Kingdom,0
15181,0,77,1,348.0,348.0,48.75,3,0.6666666666666666,0.9999999999971265,0.9999999989999999,3,32.0,United Kingdom,1
15182,0,42,9,2376.1020000000003,264.01133333333337,33.625,68,0.25,0.18899020328243948,0.5555555554938272,96,9.71875,United Kingdom,0
15183,1,204,3,639.9300000000001,213.31000000000003,18.0,33,0.25,-0.9999999999984374,-0.9999999996666666,38,7.815789473684211,United Kingdom,0
15184,0,44,1,160.0,160.0,48.75,11,0.0,0.9999999999937501,0.9999999989999999,11,9.272727272727273,United Kingdom,1
15186,0,131,3,991.79,330.59666666666664,111.0,22,0.0,-0.046310206797763334,-0.3333333332222222,33,15.181818181818182,United Kingdom,0
15189,0,38,5,1298.9900000000002,259.79800000000006,31.5,20,0.0,0.9999999999992302,0.9999999998,29,25.96551724137931,United Kingdom,0
15190,1,91,1,834.4399999999999,834.4399999999999,48.75,40,0.0,0.9999999999988016,0.9999999989999999,40,19.75,United Kingdom,1
15191,1,120,3,588.05,196.01666666666665,112.5,33,0.0,-0.16571720091800746,-0.3333333332222222,35,8.2,United Kingdom,0
15192,0,22,3,937.07,312.3566666666667,157.0,40,0.0,-0.3276916345627033,-0.3333333332222222,55,13.2,United Kingdom,0
15194,0,15,12,4476.95,373.07916666666665,24.454545454545453,122,0.25,0.6748009247365562,0.6666666666111111,181,17.662983425414364,United Kingdom,0
15196,1,89,1,164.0,164.0,48.75,17,0.0,0.9999999999939025,0.9999999989999999,19,3.3684210526315788,United Kingdom,1
15197,0,15,3,1236.44,412.1466666666667,39.5,21,0.4,0.9999999999991912,0.9999999996666666,26,23.346153846153847,United Kingdom,0
15198,1,65,3,377.71000000000004,125.90333333333335,140.0,20,0.25,-0.09772047337878868,-0.3333333332222222,21,9.857142857142858,United Kingdom,0
15199,0,31,6,1853.7,308.95,39.6,17,0.0,0.33835032637409596,0.33333333327777775,38,13.105263157894736,United Kingdom,0
15200,1,151,1,549.05,549.05,48.75,30,0.0,0.9999999999981787,0.9999999989999999,30,6.5,United Kingdom,1
15201,0,96,2,606.4100000000001,303.20500000000004,171.0,23,0.3333333333333333,0.03345921076493884,0.0,31,14.516129032258064,United Kingdom,0
15202,1,77,3,6001.49,2000.4966666666667,0.0,1,0.625,0.9999999999998334,0.9999999996666666,3,1.0,United Kingdom,0
15203,0,47,8,2316.7,289.5875,40.857142857142854,101,0.0,-0.04380368627787638,-0.24999999996875,178,12.47752808988764,United Kingdom,0
15204,1,14,1,316.58,316.58,48.75,9,0.0,0.9999999999968413,0.9999999989999999,9,28.666666666666668,United Kingdom,1
15207,1,73,3,683.92,227.97333333333333,65.0,19,0.4,-0.19312200257311798,0.3333333332222222,24,17.833333333333332,United Kingdom,0
15208,0,10,2,165.8,82.9,70.0,8,0.0,0.9999999999939687,0.9999999995,9,6.666666666666667,United Kingdom,0
15210,0,35,2,845.01,422.505,196.0,46,0.0,0.2854049064504735,0.0,47,13.042553191489361,United Kingdom,0
15211,1,22,1,383.07,383.07,48.75,23,0.0,0.9999999999973895,0.9999999989999999,23,5.086956521739131,United Kingdom,1
15212,0,33,1,106.47999999999999,106.47999999999999,48.75,5,0.0,0.9999999999906085,0.9999999989999999,5,9.6,United Kingdom,1
15215,1,50,4,1687.49,421.8725,72.66666666666667,59,0.2,0.4474396885312224,0.0,78,7.064102564102564,United Kingdom,0
15216,1,275,1,389.49,389.49,48.75,22,0.0,-0.9999999999974326,-0.9999999989999999,22,8.590909090909092,United Kingdom,1
15217,1,220,1,426.24,426.24,48.75,28,0.0,-0.9999999999976539,-0.9999999989999999,28,6.785714285714286,United Kingdom,1
15218,0,46,11,5711.9400000000005,519.2672727272728,28.9,95,0.21428571428571427,-0.07045592215603272,-0.09090909090082644,230,13.917391304347825,United Kingdom,0
15219,0,305,1,379.7,379.7,48.75,17,0.0,-0.9999999999973663,-0.9999999989999999,17,13.294117647058824,United Kingdom,1
15221,1,23,4,2062.2,515.55,90.0,21,0.42857142857142855,0.23659198913769922,0.0,29,8.413793103448276,United Kingdom,0
15222,0,129,9,2529.35,281.0388888888889,27.0,83,0.4,-0.5688615652240422,-0.5555555554938272,112,25.982142857142858,United Kingdom,0
15223,0,266,2,432.0,216.0,81.0,9,0.0,-0.9999999999976852,-0.9999999995,10,12.8,United Kingdom,0
15224,1,15,5,871.36,174.272,83.25,24,0.375,0.10668380462712691,0.19999999996,35,12.657142857142857,United Kingdom,0
15227,0,53,4,1269.0900000000001,317.27250000000004,78.66666666666667,54,0.0,-0.03831879535727306,0.0,62,7.532258064516129,United Kingdom,0
15228,0,85,2,2193.56,1096.78,71.0,94,0.0,0.9999999999995441,0.9999999995,109,10.275229357798166,United Kingdom,0
15229,1,243,1,160.5,160.5,48.75,9,0.0,-0.9999999999937695,-0.9999999989999999,9,12.666666666666666,United Kingdom,1
15231,1,278,1,250.26,250.26,48.75,14,0.5,-0.9999999999960042,-0.9999999989999999,14,13.571428571428571,United Kingdom,1
15233,1,58,1,59.400000000000006,59.400000000000006,48.75,1,0.0,0.999999999983165,0.9999999989999999,1,12.0,United Kingdom,1
15235,0,8,7,1219.89,174.27,5.666666666666667,75,0.0,0.9999999999991802,0.9999999998571428,78,9.538461538461538,United Kingdom,0
15240,0,31,6,2203.64,367.2733333333333,41.4,78,0.5384615384615384,0.1532555226805861,0.33333333327777775,113,12.141592920353983,United Kingdom,0
15241,0,87,3,1293.72,431.24,111.0,56,0.0,-0.31135021488396925,-0.3333333332222222,74,20.405405405405407,United Kingdom,0
15242,1,79,1,302.04,302.04,48.75,4,0.0,0.9999999999966892,0.9999999989999999,4,49.0,United Kingdom,1
15243,1,92,1,610.6,610.6,48.75,39,0.0,0.9999999999983623,0.9999999989999999,39,9.179487179487179,United Kingdom,1
15244,0,323,1,280.51,280.51,48.75,14,0.5,-0.9999999999964351,-0.9999999989999999,14,4.785714285714286,United Kingdom,1
15245,0,59,5,2095.0,419.0,47.75,36,0.0,0.5109689737467729,0.59999999988,59,20.966101694915253,United Kingdom,0
15246,0,15,2,452.25,226.125,196.0,26,0.0,-0.1774461028188448,0.0,30,6.6,United Kingdom,0
15247,1,134,2,620.06,310.03,59.0,10,0.3333333333333333,-0.004935006289705944,0.0,11,32.18181818181818,United Kingdom,0
15248,1,68,3,1893.93,631.3100000000001,60.5,103,0.25,-0.29139936534069827,0.3333333332222222,106,10.047169811320755,United Kingdom,0
15249,0,87,5,2577.54,515.508,48.0,122,0.16666666666666666,-0.22671229156473743,-0.19999999996,152,9.230263157894736,United Kingdom,0
15250,1,297,1,60.0,60.0,48.75,3,0.0,-0.9999999999833334,-0.9999999989999999,3,16.0,United Kingdom,1
15251,0,71,10,9839.55,983.9549999999999,29.0,99,0.375,-0.7051084653260865,-0.59999999994,119,49.890756302521005,United Kingdom,0
15252,0,78,3,1362.63,454.21000000000004,95.0,73,0.4,-0.4572848095224255,-0.3333333332222222,74,12.27027027027027,United Kingdom,0
15253,0,60,3,1136.8899999999999,378.9633333333333,91.0,58,0.5,0.27616568005675474,0.3333333332222222,63,11.46031746031746,United Kingdom,0
15254,1,203,2,787.99,393.995,14.0,46,0.0,-0.999999999998731,-0.9999999995,49,8.89795918367347,United Kingdom,0
15255,1,53,7,2554.73,364.9614285714286,24.166666666666668,89,0.2222222222222222,0.8911822384358068,0.7142857141836735,128,12.1015625,United Kingdom,0
15256,1,218,1,71.95,71.95,48.75,4,0.0,-0.9999999999861015,-0.9999999989999999,4,9.25,United Kingdom,1
15257,0,71,1,368.75,368.75,48.75,5,0.0,0.9999999999972882,0.9999999989999999,5,5.0,United Kingdom,1
15259,1,169,4,1182.3799999999999,295.59499999999997,56.333333333333336,50,0.0,-0.2430859791266402,0.0,57,11.070175438596491,United Kingdom,0
15260,0,29,18,7082.610000000001,393.47833333333335,16.764705882352942,154,0.18181818181818182,0.2477095308085229,-0.22222222220987653,307,12.182410423452769,United Kingdom,0
15261,1,38,3,1253.18,417.7266666666667,25.5,70,0.0,0.9999999999992021,0.9999999996666666,73,7.342465753424658,United Kingdom,0
15262,0,37,2,239.87,119.935,107.0,14,0.0,0.9999999999958311,0.9999999995,16,9.0625,United Kingdom,0
15264,1,187,1,454.66,454.66,48.75,32,0.5,-0.9999999999978005,-0.9999999989999999,32,5.5625,United Kingdom,1
15265,0,261,1,1545.38,1545.38,48.75,94,0.0,-0.999999999999353,-0.9999999989999999,94,8.638297872340425,United Kingdom,1
15266,0,36,4,732.91,183.2275,107.0,36,0.2,0.20263060948792813,0.0,39,5.589743589743589,United Kingdom,0
15268,1,135,3,961.9000000000001,320.6333333333334,63.0,21,0.25,-0.13857989395972697,0.3333333332222222,22,19.454545454545453,United Kingdom,0
15269,1,37,2,816.56,408.28,10.0,32,0.0,0.9999999999987753,0.9999999995,33,10.484848484848484,United Kingdom,0
15270,0,57,12,5630.17,469.18083333333334,24.636363636363637,54,0.4,-0.0502418221829802,0.0,118,19.720338983050848,United Kingdom,0
15271,0,22,10,2146.95,214.695,13.444444444444445,248,0.09090909090909091,0.9999999999995343,0.9999999999,330,3.7545454545454544,United Kingdom,0
15272,1,107,4,1309.01,327.2525,70.66666666666667,209,0.0,-0.4034575748081349,0.0,223,1.5919282511210762,United Kingdom,0
15273,1,256,1,228.96,228.96,48.75,1,0.0,-0.9999999999956325,-0.9999999989999999,1,216.0,United Kingdom,1
15276,1,51,3,491.16999999999996,163.72333333333333,20.0,115,0.25,0.9999999999979641,0.9999999996666666,129,1.9844961240310077,United Kingdom,0
15277,1,82,1,220.44,220.44,48.75,14,0.0,0.9999999999954636,0.9999999989999999,14,12.0,United Kingdom,1
15278,1,218,4,496.15999999999997,124.03999999999999,34.333333333333336,29,0.0,-0.9999999999979845,-0.99999999975,29,15.793103448275861,United Kingdom,0
15279,1,11,5,1580.54,316.108,79.75,74,0.2857142857142857,0.15784478722451958,0.19999999996,94,8.53191489361702,United Kingdom,0
15280,0,145,2,284.4,142.2,82.0,39,0.0,0.06540084388162656,0.0,44,8.022727272727273,United Kingdom,0
15281,0,35,7,6211.42,887.3457142857143,8.0,337,0.3,0.9999999999998389,0.9999999998571428,383,10.501305483028721,United Kingdom,0
15282,1,227,1,348.59,348.59,48.75,27,0.0,-0.9999999999971313,-0.9999999989999999,27,14.62962962962963,United Kingdom,1
15283,1,47,3,148.33,49.443333333333335,63.5,9,0.25,0.9999999999932584,0.9999999996666666,9,3.0,United Kingdom,0
15284,1,157,1,24.75,24.75,48.75,1,0.0,0.999999999959596,0.9999999989999999,1,5.0,United Kingdom,1
15285,1,64,1,94.92,94.92,48.75,6,0.0,0.9999999999894648,0.9999999989999999,6,20.0,United Kingdom,1
15287,1,36,2,311.14,155.57,55.0,11,0.0,0.999999999996786,0.9999999995,12,43.5,United Kingdom,0
15288,0,22,6,1574.51,262.41833333333335,59.4,78,0.0,0.026414567071643563,0.33333333327777775,91,6.8901098901098905,United Kingdom,0
15289,0,115,2,653.31,326.655,163.0,33,0.3333333333333333,-0.34582357533124275,0.0,39,15.871794871794872,United Kingdom,0
15290,0,16,9,2772.66,308.0733333333333,36.5,34,0.1,0.2735928674989816,0.3333333332962963,96,23.270833333333332,United Kingdom,0
15291,0,14,24,8460.460000000001,352.5191666666667,14.565217391304348,81,0.25,-0.038740210343168324,-0.0833333333298611,137,19.255474452554743,United Kingdom,0
15293,1,322,1,247.5,247.5,48.75,19,0.0,-0.9999999999959597,-0.9999999989999999,19,9.368421052631579,United Kingdom,1
15294,1,67,1,233.35,233.35,48.75,15,0.5,0.9999999999957147,0.9999999989999999,15,6.466666666666667,United Kingdom,1
15295,1,311,1,207.04,207.04,48.75,50,0.0,-0.9999999999951701,-0.9999999989999999,52,2.673076923076923,United Kingdom,1
15296,0,77,6,6650.17,1108.3616666666667,53.0,253,0.4,0.0037577986728152845,0.33333333327777775,340,10.841176470588236,United Kingdom,0
15298,0,23,11,4356.02,396.00181818181824,31.8,142,0.26666666666666666,0.031303804849373694,0.09090909090082644,241,12.481327800829876,United Kingdom,0
15299,0,29,6,3484.5299999999997,580.755,64.8,5,0.0,0.580132758219737,0.6666666665555555,6,417.5,United Kingdom,0
15301,0,25,6,2533.09,422.1816666666667,15.8,106,0.0,0.9999999999996052,0.9999999998333333,137,11.058394160583942,United Kingdom,0
15303,0,222,2,650.16,325.08,118.0,36,0.3333333333333333,-0.9999999999984619,-0.9999999995,38,7.0,United Kingdom,0
15304,0,25,2,225.15,112.575,53.0,5,0.0,0.9999999999955586,0.9999999995,6,4.833333333333333,United Kingdom,0
15305,1,212,1,93.6,93.6,48.75,5,0.0,-0.9999999999893162,-0.9999999989999999,5,8.0,United Kingdom,1
15306,1,157,6,2310.38,385.06333333333333,31.2,80,0.14285714285714285,-0.5376777846066284,-0.33333333327777775,104,21.76923076923077,United Kingdom,0
15309,1,267,3,524.21,174.73666666666668,20.0,33,0.625,-0.9999999999980924,-0.9999999996666666,34,8.735294117647058,United Kingdom,0
15310,1,135,1,1634.64,1634.64,48.75,45,0.0,0.9999999999993883,0.9999999989999999,45,32.8,United Kingdom,1
15311,0,8,112,47629.39,425.2624107142857,2.6576576576576576,560,0.24324324324324326,-0.19457041125237604,-0.08928571428491709,1803,16.311702717692736,United Kingdom,0
15312,0,11,8,1973.43,246.67875,48.142857142857146,92,0.2,-0.10795923848319525,0.0,114,10.640350877192983,United Kingdom,0
15314,0,70,2,492.47999999999996,246.23999999999998,14.0,25,0.3333333333333333,0.9999999999979695,0.9999999995,26,16.807692307692307,United Kingdom,0
15317,1,334,1,129.75,129.75,48.75,5,0.0,-0.9999999999922929,-0.9999999989999999,5,9.0,United Kingdom,1
15321,0,94,9,3961.42,440.15777777777777,29.375,186,0.3076923076923077,-0.5175921765426241,-0.777777777691358,214,11.551401869158878,United Kingdom,0
15322,1,133,1,711.18,711.18,48.75,41,0.0,0.9999999999985939,0.9999999989999999,41,13.536585365853659,United Kingdom,1
15323,1,219,3,434.6,144.86666666666667,49.0,29,0.25,-0.9999999999976991,-0.9999999996666666,29,6.482758620689655,United Kingdom,0
15324,1,358,1,140.22000000000003,140.22000000000003,48.75,8,0.0,-0.9999999999928684,-0.9999999989999999,8,9.25,United Kingdom,1
15325,1,52,7,1439.72,205.67428571428573,43.833333333333336,141,0.125,0.17924318617496507,0.1428571428367347,176,6.5397727272727275,United Kingdom,0
15326,0,266,2,670.5899999999999,335.29499999999996,63.0,42,0.6666666666666666,-0.9999999999985087,-0.9999999995,47,11.212765957446809,United Kingdom,0
15328,1,64,1,107.24,107.24,48.75,8,0.0,0.9999999999906751,0.9999999989999999,8,11.0,United Kingdom,1
15329,0,31,7,1590.77,227.25285714285715,42.166666666666664,54,0.5,-0.03625288382353433,-0.1428571428367347,79,7.506329113924051,United Kingdom,0
15331,1,156,3,767.9100000000001,255.97000000000003,54.5,41,0.25,0.047831126043354204,0.3333333332222222,44,15.931818181818182,United Kingdom,0
15332,1,23,6,4892.68,815.4466666666667,29.0,113,0.0,0.9999999999997955,0.9999999998333333,154,14.974025974025974,Lithuania,0
15336,1,58,1,240.5,240.5,48.75,15,0.0,0.999999999995842,0.9999999989999999,15,5.6,United Kingdom,1
15337,1,68,1,373.02,373.02,48.75,21,0.5,0.9999999999973193,0.9999999989999999,21,9.523809523809524,United Kingdom,1
15338,1,334,1,277.93,277.93,48.75,56,0.0,-0.999999999996402,-0.9999999989999999,58,2.5517241379310347,United Kingdom,1
15339,0,78,5,1246.9499999999998,249.38999999999996,61.5,108,0.375,0.5336942138814438,0.19999999996,134,5.388059701492537,United Kingdom,0
15340,1,218,1,105.5,105.5,48.75,7,0.0,-0.9999999999905212,-0.9999999989999999,7,10.857142857142858,United Kingdom,1
15341,1,106,1,382.2,382.2,48.75,7,0.5,0.9999999999973836,0.9999999989999999,7,28.0,United Kingdom,1
15346,0,82,2,343.70000000000005,171.85000000000002,5.0,20,0.3333333333333333,0.9999999999970905,0.9999999995,20,5.8,United Kingdom,0
15347,1,23,4,1162.0,290.5,23.333333333333332,29,0.3333333333333333,0.9999999999991395,0.99999999975,36,15.055555555555555,United Kingdom,0
15350,1,30,2,547.6,273.8,9.0,26,0.0,0.9999999999981739,0.9999999995,30,9.066666666666666,United Kingdom,0
15351,1,26,4,1770.23,442.5575,20.666666666666668,103,0.42857142857142855,0.9999999999994351,0.99999999975,146,5.0479452054794525,United Kingdom,0
15352,1,205,1,111.15,111.15,48.75,34,0.0,-0.9999999999910031,-0.9999999989999999,34,1.1764705882352942,United Kingdom,1
15353,0,24,5,2064.2599999999998,412.852,44.75,213,0.0,0.4518423066859543,0.59999999988,273,4.003663003663004,United Kingdom,0
15354,1,260,3,284.4,94.8,0.0,1,0.5714285714285714,-0.9999999999964838,-0.9999999996666666,3,1.0,United Kingdom,0
15356,0,17,5,860.46,172.092,14.75,163,0.0,0.9999999999988378,0.9999999998,274,1.583941605839416,United Kingdom,0
15358,0,22,20,7877.09,393.85450000000003,17.0,255,0.25925925925925924,0.31487135477691447,0.39999999998,526,14.574144486692015,United Kingdom,0
15359,1,319,8,181.35,22.66875,4.142857142857143,10,0.1111111111111111,-0.9999999999944859,-0.999999999875,16,9.0625,United Kingdom,0
15361,1,18,4,689.07,172.2675,60.0,10,0.0,0.44795158692085274,0.0,10,37.3,United Kingdom,0
15362,1,105,1,302.33,302.33,48.75,17,0.0,0.9999999999966924,0.9999999989999999,17,13.117647058823529,United Kingdom,1
15363,1,29,2,678.11,339.055,120.0,32,0.0,0.9999999999985253,0.9999999995,35,10.942857142857143,United Kingdom,0
15365,0,60,6,2242.81,373.8016666666667,53.6,82,0.0,0.7100779825305265,0.6666666665555555,104,10.067307692307692,United Kingdom,0
15366,1,15,6,1892.11,315.35166666666663,58.0,68,0.0,-0.19104069002320628,0.0,102,18.5,United Kingdom,0
15367,0,75,6,2418.12,403.02,45.4,111,0.14285714285714285,-0.04481994276543567,-0.33333333327777775,144,11.32638888888889,United Kingdom,0
15368,1,51,1,275.8,275.8,48.75,4,0.0,0.9999999999963742,0.9999999989999999,4,44.0,United Kingdom,1
15369,1,149,10,5938.3,593.83,22.666666666666668,43,0.09090909090909091,0.5232844416751388,0.0,56,55.285714285714285,United Kingdom,0
15370,0,67,1,1352.96,1352.96,48.75,50,0.0,0.9999999999992609,0.9999999989999999,50,11.34,United Kingdom,1
15371,1,319,1,59.400000000000006,59.400000000000006,48.75,1,0.0,-0.999999999983165,-0.9999999989999999,1,12.0,United Kingdom,1
15372,1,107,7,4009.66,572.8085714285714,35.333333333333336,19,0.2222222222222222,-0.2051296119870001,-0.1428571428367347,30,116.2,United Kingdom,0
15373,0,16,7,1205.73,172.24714285714285,37.333333333333336,50,0.0,0.4706609274045842,0.1428571428367347,73,4.0,United Kingdom,0
15374,1,281,1,139.32,139.32,48.75,6,0.0,-0.9999999999928224,-0.9999999989999999,7,23.428571428571427,United Kingdom,1
15375,1,347,1,60.959999999999994,60.959999999999994,48.75,6,0.0,-0.9999999999835959,-0.9999999989999999,6,14.0,United Kingdom,1
15377,1,39,4,1211.75,302.9375,10.666666666666666,15,0.2,0.9999999999991748,0.99999999975,21,12.047619047619047,United Kingdom,0
15378,1,119,2,246.5,123.25,39.0,8,0.0,0.9999999999959432,0.9999999995,12,10.833333333333334,United Kingdom,0
15379,0,15,2,2666.01,1333.005,42.0,121,0.0,0.999999999999625,0.9999999995,130,11.253846153846155,United Kingdom,0
15380,1,22,5,1347.18,269.43600000000004,82.5,3,0.16666666666666666,-0.16189373357668463,-0.19999999996,9,50.0,United Kingdom,0
15381,0,80,3,1293.72,431.24,79.5,16,0.25,-0.7003060940538136,-0.3333333332222222,16,39.4375,United Kingdom,0
15382,0,31,5,6254.64,1250.928,70.0,184,0.5454545454545454,0.28260299553606877,0.19999999996,290,14.524137931034483,United Kingdom,0
15384,0,16,3,1688.95,562.9833333333333,115.5,77,0.25,0.6725776369930001,0.3333333332222222,97,14.628865979381443,United Kingdom,0
15385,1,49,2,625.2,312.6,284.0,8,0.0,0.015355086372336228,0.0,9,29.666666666666668,United Kingdom,0
15387,1,149,1,468.65,468.65,48.75,20,0.0,0.9999999999978663,0.9999999989999999,20,16.75,United Kingdom,1
15389,0,57,4,2233.8,558.45,93.33333333333333,2,0.0,-0.5523323484642526,-0.499999999875,5,708.0,United Kingdom,0
15390,1,53,2,1216.66,608.33,12.0,77,0.0,0.9999999999991781,0.9999999995,77,11.61038961038961,Canada,0
15391,1,241,1,289.87,289.87,48.75,12,0.5,-0.9999999999965502,-0.9999999989999999,12,9.083333333333334,United Kingdom,1
15392,1,17,4,1715.0700000000002,428.76750000000004,23.333333333333332,54,0.2,0.9999999999994169,0.99999999975,79,16.063291139240505,United Kingdom,0
15393,0,224,2,471.64,235.82,125.0,20,0.0,-0.9999999999978798,-0.9999999995,21,7.428571428571429,United Kingdom,0
15394,0,15,7,3393.52,484.7885714285714,34.166666666666664,107,0.2222222222222222,0.5696150310000915,0.4285714285102041,155,9.548387096774194,United Kingdom,0
15396,1,240,1,508.20000000000005,508.20000000000005,48.75,2,0.0,-0.9999999999980322,-0.9999999989999999,2,78.0,United Kingdom,1
15400,0,77,3,586.1,195.36666666666667,69.5,11,0.0,0.3379969288511551,0.3333333332222222,15,18.133333333333333,United Kingdom,0
15401,1,109,2,216.95000000000002,108.47500000000001,116.0,14,0.0,-0.2555888453548948,0.0,14,6.642857142857143,United Kingdom,0
15402,0,44,4,1203.77,300.9425,67.33333333333333,58,0.2,-0.3848824941638478,0.0,89,15.0561797752809,United Kingdom,0
15403,1,148,1,75.12,75.12,48.75,3,0.0,0.9999999999866879,0.9999999989999999,3,56.0,United Kingdom,1
15404,1,32,1,257.06,257.06,48.75,16,0.0,0.9999999999961099,0.9999999989999999,16,20.875,United Kingdom,1
15405,0,233,1,310.74,310.74,48.75,22,0.0,-0.9999999999967819,-0.9999999989999999,22,7.045454545454546,United Kingdom,1
15406,0,110,2,465.15999999999997,232.57999999999998,0.0,66,0.0,0.9999999999978503,0.9999999995,69,4.246376811594203,United Kingdom,0
15410,0,225,2,1234.88,617.44,31.0,32,0.0,-0.9999999999991902,-0.9999999995,40,17.55,United Kingdom,0
15413,1,348,2,2285.3,1142.65,6.0,9,0.5,-0.9999999999995625,-0.9999999995,9,85.77777777777777,United Kingdom,0
15416,0,135,3,588.5,196.16666666666666,98.5,36,0.25,-0.3221070518261307,0.3333333332222222,36,9.166666666666666,United Kingdom,0
15418,1,82,2,449.42,224.71,161.0,64,0.0,0.08108228383231479,0.0,68,3.8823529411764706,United Kingdom,0
15420,1,91,4,513.38,128.345,80.66666666666667,38,0.0,-0.5831547781359165,-0.499999999875,40,14.1,United Kingdom,0
15421,0,42,5,2613.93,522.786,73.0,159,0.0,-0.1422647125209389,-0.19999999996,250,5.328,United Kingdom,0
15422,0,36,5,1522.27,304.454,72.25,79,0.16666666666666666,0.003199169661096055,0.19999999996,114,5.894736842105263,United Kingdom,0
15423,1,238,2,223.39,111.695,39.0,12,0.3333333333333333,-0.9999999999955236,-0.9999999995,12,8.083333333333334,United Kingdom,0
15424,0,120,1,214.44,214.44,48.75,16,0.0,0.9999999999953367,0.9999999989999999,16,19.9375,United Kingdom,1
15425,1,57,4,1941.1200000000001,485.28000000000003,87.33333333333333,114,0.0,-0.8377225519283519,-0.499999999875,143,7.27972027972028,United Kingdom,0
15426,0,26,5,1134.85,226.96999999999997,53.75,199,0.16666666666666666,0.2892981451290574,0.59999999988,230,2.3217391304347825,United Kingdom,0
15428,1,44,2,484.53,242.265,249.0,25,0.0,0.18568509689764168,0.0,27,6.185185185185185,United Kingdom,0
15430,1,124,2,954.75,477.375,60.0,36,0.3333333333333333,-0.7528148730026155,0.0,36,8.583333333333334,United Kingdom,0
15431,1,159,1,153.24,153.24,48.75,2,0.0,0.9999999999934743,0.9999999989999999,2,42.0,United Kingdom,1
15432,1,198,1,149.57,149.57,48.75,6,0.6666666666666666,-0.9999999999933142,-0.9999999989999999,6,4.5,United Kingdom,1
15434,0,31,6,1525.5800000000002,254.26333333333335,61.8,60,0.14285714285714285,0.6259127676027308,0.6666666665555555,79,9.822784810126583,United Kingdom,0
15437,0,297,1,193.29000000000002,193.29000000000002,48.75,12,0.0,-0.9999999999948265,-0.9999999989999999,12,8.166666666666666,United Kingdom,1
15439,1,61,4,1269.0500000000002,317.26250000000005,82.66666666666667,49,0.0,-0.18017414601459342,0.0,57,10.035087719298245,United Kingdom,0
15441,1,53,2,952.6400000000001,476.32000000000005,28.0,36,0.0,0.9999999999989503,0.9999999995,44,10.181818181818182,United Kingdom,0
15443,0,131,7,1900.64,271.52000000000004,27.5,212,0.125,-0.2780431854531747,-0.4285714285102041,253,4.189723320158103,United Kingdom,0
15445,0,247,1,171.0,171.0,48.75,9,0.0,-0.9999999999941521,-0.9999999989999999,9,6.666666666666667,United Kingdom,1
15446,1,33,2,276.32,138.16,252.0,69,0.5,0.22307469600382496,0.0,77,2.0259740259740258,United Kingdom,0
15447,0,184,4,337.71000000000004,84.42750000000001,32.333333333333336,20,0.2,-0.9999999999970389,-0.99999999975,20,7.15,United Kingdom,0
15448,0,331,1,294.17,294.17,48.75,21,0.0,-0.9999999999966006,-0.9999999989999999,21,12.142857142857142,United Kingdom,1
15451,1,91,2,226.86,113.43,164.0,56,0.0,0.07643480560664531,0.0,60,1.2666666666666666,United Kingdom,0
15452,0,47,3,1256.63,418.8766666666667,60.0,126,0.0,0.9999999999992042,0.9999999996666666,143,5.643356643356643,United Kingdom,0
15454,1,19,2,305.99,152.995,256.0,35,0.0,0.17062649106124175,0.0,40,3.65,United Kingdom,0
15455,1,254,1,38.25,38.25,48.75,2,0.0,-0.9999999999738562,-0.9999999989999999,2,1.5,United Kingdom,1
15456,0,16,6,1412.1,235.35,66.6,97,0.0,0.12445294242608558,0.0,154,12.246753246753247,United Kingdom,0
15458,1,59,1,208.79999999999998,208.79999999999998,48.75,6,0.0,0.9999999999952108,0.9999999989999999,6,24.0,United Kingdom,1
15459,1,74,2,202.82999999999998,101.41499999999999,80.0,6,0.0,0.9999999999950698,0.9999999995,7,17.285714285714285,United Kingdom,0
15460,1,11,1,214.26,214.26,48.75,53,0.0,0.9999999999953328,0.9999999989999999,56,1.9107142857142858,United Kingdom,1
15461,1,117,2,429.7,214.85,170.0,1,0.0,0.02257388875954716,0.0,2,115.0,United Kingdom,0
15462,0,102,1,502.45,502.45,48.75,30,0.0,0.9999999999980098,0.9999999989999999,30,10.766666666666667,United Kingdom,1
15465,0,16,15,5176.83,345.122,23.785714285714285,75,0.0625,0.43125426177787723,-0.06666666666222222,164,8.658536585365853,United Kingdom,0
15466,1,46,2,485.47,242.735,216.0,101,0.0,0.3439347436497746,0.0,113,2.5575221238938055,United Kingdom,0
15468,1,49,1,962.97,962.97,48.75,56,0.6666666666666666,0.9999999999989616,0.9999999989999999,56,22.232142857142858,United Kingdom,1
15469,1,95,1,335.7,335.7,48.75,19,0.5,0.9999999999970212,0.9999999989999999,19,7.052631578947368,United Kingdom,1
15470,1,232,1,63.419999999999995,63.419999999999995,48.75,4,0.0,-0.9999999999842322,-0.9999999989999999,4,58.0,United Kingdom,1
15471,1,37,2,837.53,418.765,170.0,67,0.0,0.35703795684888057,0.0,82,5.048780487804878,United Kingdom,0
15473,1,101,1,274.8,274.8,48.75,3,0.0,0.999999999996361,0.9999999989999999,3,34.666666666666664,United Kingdom,1
15474,1,252,1,150.35,150.35,48.75,19,0.0,-0.9999999999933489,-0.9999999989999999,19,2.8947368421052633,United Kingdom,1
15476,1,37,4,2209.9799999999996,552.4949999999999,20.333333333333332,67,0.2,0.9999999999995475,0.99999999975,79,14.860759493670885,United Kingdom,0
15477,1,306,1,368.4,368.4,48.75,2,0.0,-0.9999999999972856,-0.9999999989999999,2,108.0,United Kingdom,1
15478,1,232,1,583.56,583.56,48.75,24,0.0,-0.9999999999982864,-0.9999999989999999,25,12.76,United Kingdom,1
15480,1,122,4,5373.5,1343.375,69.66666666666667,162,0.3333333333333333,0.3909444496137729,0.0,170,9.111764705882353,Malta,0
15481,1,58,1,1993.34,1993.34,48.75,38,0.0,0.9999999999994983,0.9999999989999999,38,38.1578947368421,Norway,1
15482,0,15,7,3760.96,537.28,51.833333333333336,36,0.0,-0.33867416829736585,-0.1428571428367347,51,25.88235294117647,United Kingdom,0
15483,0,42,6,592.56,98.75999999999999,59.4,149,0.0,0.011239368165230164,-0.33333333327777775,185,3.3189189189189188,United Kingdom,0
15484,1,197,1,372.19,372.19,48.75,20,0.0,-0.9999999999973133,-0.9999999989999999,20,15.65,United Kingdom,1
15485,0,30,3,2284.17,761.39,153.5,33,0.25,0.7188650582046351,0.3333333332222222,52,19.01923076923077,United Kingdom,0
15486,1,184,1,102.0,102.0,48.75,1,0.0,-0.9999999999901961,-0.9999999989999999,1,40.0,United Kingdom,1
15487,1,336,1,231.32,231.32,48.75,14,0.0,-0.999999999995677,-0.9999999989999999,14,10.285714285714286,United Kingdom,1
15488,1,113,4,340.6,85.15,42.0,8,0.0,0.7769817968268438,0.499999999875,9,19.77777777777778,United Kingdom,0
15489,0,57,5,1285.33,257.066,72.75,43,0.375,-0.05607120350411488,-0.19999999996,64,10.25,United Kingdom,0
15490,1,87,1,210.85,210.85,48.75,22,0.5,0.9999999999952573,0.9999999989999999,25,3.28,United Kingdom,1
15493,0,46,4,2168.27,542.0675,88.0,201,0.0,0.30847173091897756,0.0,323,2.027863777089783,United Kingdom,0
15494,1,135,2,1528.41,764.205,42.0,175,0.0,0.9999999999993457,0.9999999995,181,6.624309392265193,United Kingdom,0
15495,1,36,1,246.5,246.5,48.75,20,0.0,0.9999999999959432,0.9999999989999999,20,9.7,United Kingdom,1
15496,1,288,1,146.14000000000001,146.14000000000001,48.75,22,0.0,-0.9999999999931574,-0.9999999989999999,22,4.454545454545454,United Kingdom,1
15497,0,39,6,7123.19,1187.1983333333333,61.8,61,0.14285714285714285,0.004937394622352504,-0.33333333327777775,102,22.04901960784314,United Kingdom,0
15498,0,23,18,9306.460000000001,517.0255555555556,16.647058823529413,293,0.14285714285714285,0.3195500759687014,0.44444444441975306,385,12.698701298701298,United Kingdom,0
15501,1,61,2,399.95,199.975,10.0,64,0.0,0.9999999999974997,0.9999999995,69,2.971014492753623,United Kingdom,0
15502,0,25,5,3548.34,709.668,46.25,114,0.5,0.08339674326584162,0.59999999988,145,11.124137931034483,United Kingdom,0
15503,1,19,1,141.04,141.04,48.75,66,0.0,0.9999999999929099,0.9999999989999999,66,1.0606060606060606,United Kingdom,1
15504,1,177,3,349.87,116.62333333333333,72.0,33,0.25,-0.6464972704128775,-0.3333333332222222,51,2.1176470588235294,United Kingdom,0
15506,1,38,3,1058.25,352.75,47.5,82,0.0,0.9999999999990551,0.9999999996666666,112,7.098214285714286,United Kingdom,0
15509,1,37,1,152.41,152.41,48.75,26,0.0,0.9999999999934388,0.9999999989999999,26,2.230769230769231,United Kingdom,1
15512,1,16,3,311.78000000000003,103.92666666666668,157.5,28,0.0,0.7498235935571562,0.3333333332222222,31,7.193548387096774,United Kingdom,0
15513,0,22,18,12992.33,721.7961111111111,18.941176470588236,154,0.14285714285714285,0.17354777780427574,-0.11111111110493826,254,20.165354330708663,United Kingdom,0
15514,0,17,8,2806.61,350.82625,41.285714285714285,64,0.2,0.7853210813042122,0.4999999999375,133,10.857142857142858,United Kingdom,0
15515,1,44,1,171.81,171.81,48.75,7,0.0,0.9999999999941797,0.9999999989999999,7,18.714285714285715,United Kingdom,1
15518,0,36,6,2027.3400000000001,337.89000000000004,60.4,159,0.3333333333333333,-0.3386703759604513,-0.33333333327777775,219,6.28310502283105,United Kingdom,0
15519,1,40,2,344.61,172.305,63.0,34,0.0,0.9999999999970982,0.9999999995,37,3.135135135135135,United Kingdom,0
15521,0,57,8,4098.04,512.255,43.0,121,0.2727272727272727,0.12208275175446752,0.0,218,12.252293577981652,United Kingdom,0
15523,1,45,12,15673.65,1306.1375,23.545454545454547,53,0.07692307692307693,0.2820574658742359,-0.16666666665277777,181,81.98342541436465,United Kingdom,0
15524,1,263,1,151.4,151.4,48.75,8,0.0,-0.9999999999933951,-0.9999999989999999,8,3.0,United Kingdom,1
15525,1,30,2,430.78,215.39,9.0,66,0.0,0.9999999999976786,0.9999999995,72,3.513888888888889,United Kingdom,0
15527,0,11,15,3049.9,203.32666666666668,24.214285714285715,127,0.2857142857142857,-0.039378340273438645,-0.06666666666222222,174,6.574712643678161,United Kingdom,0
15529,0,21,3,1142.52,380.84,14.5,133,0.0,0.9999999999991247,0.9999999996666666,140,7.228571428571429,United Kingdom,0
15530,0,169,1,311.37,311.37,48.75,31,0.0,0.9999999999967885,0.9999999989999999,35,11.142857142857142,United Kingdom,1
15532,0,15,7,2527.92,361.13142857142856,31.333333333333332,297,0.0,0.3141871578213257,0.4285714285102041,415,2.2,United Kingdom,0
15535,0,61,2,541.47,270.735,44.0,50,0.6,0.9999999999981531,0.9999999995,58,3.086206896551724,United Kingdom,0
15536,1,66,1,259.09,259.09,48.75,16,0.0,0.9999999999961404,0.9999999989999999,16,15.125,United Kingdom,1
15538,1,194,6,3358.4,559.7333333333333,24.8,3,0.45454545454545453,-0.9999999999997022,-0.9999999998333333,14,72.57142857142857,United Kingdom,0
15540,1,32,1,247.38,247.38,48.75,16,0.0,0.9999999999959577,0.9999999989999999,16,15.25,United Kingdom,1
15542,1,169,1,345.93,345.93,48.75,98,0.5,0.9999999999971093,0.9999999989999999,99,2.1717171717171717,United Kingdom,1
15543,0,116,1,114.4,114.4,48.75,28,0.0,0.9999999999912587,0.9999999989999999,28,2.892857142857143,United Kingdom,1
15544,0,29,12,4615.72,384.6433333333334,27.454545454545453,125,0.25,-0.3384824036119308,-0.33333333330555553,298,13.120805369127517,United Kingdom,0
15545,1,28,1,135.32999999999998,135.32999999999998,48.75,31,0.0,0.9999999999926107,0.9999999989999999,31,2.4193548387096775,United Kingdom,1
15546,1,263,2,1079.1000000000001,539.5500000000001,0.0,6,0.3333333333333333,-0.9999999999990733,-0.9999999995,12,16.5,United Kingdom,0
15547,0,19,12,5247.21,437.2675,29.09090909090909,347,0.07692307692307693,0.20367204666857172,0.16666666665277777,642,5.456386292834891,United Kingdom,0
15548,1,252,1,158.09,158.09,48.75,23,0.0,-0.9999999999936745,-0.9999999989999999,23,2.782608695652174,United Kingdom,1
15549,0,78,5,652.7,130.54000000000002,68.75,43,0.0,-0.513559062355579,-0.59999999988,47,5.148936170212766,United Kingdom,0
15550,0,35,6,1249.27,208.21166666666667,63.0,130,0.25,0.49640990338317875,0.33333333327777775,149,4.033557046979865,United Kingdom,0
15551,1,51,6,1243.75,207.29166666666666,30.8,95,0.25,0.5483497487432777,0.6666666665555555,114,5.0701754385964914,United Kingdom,0
15552,0,280,1,162.4,162.4,48.75,13,0.0,-0.9999999999938425,-0.9999999989999999,13,8.153846153846153,United Kingdom,1
15555,0,18,22,6491.4800000000005,295.0672727272727,14.571428571428571,404,0.2413793103448276,0.25488486446846415,0.18181818180991735,746,5.845844504021447,United Kingdom,0
15558,1,296,1,202.68,202.68,48.75,23,0.5,-0.9999999999950662,-0.9999999989999999,23,3.1739130434782608,United Kingdom,1
15559,1,225,1,1109.4,1109.4,48.75,62,0.0,-0.9999999999990986,-0.9999999989999999,62,8.483870967741936,United Kingdom,1
15560,1,54,2,153.51999999999998,76.75999999999999,0.0,10,0.0,0.9999999999934862,0.9999999995,10,7.2,United Kingdom,0
15561,0,40,4,1133.8,283.45,92.66666666666667,44,0.0,-0.8232492503079702,-0.499999999875,65,16.415384615384614,United Kingdom,0
15562,1,8,2,312.87,156.435,72.0,6,0.0,0.9999999999968038,0.9999999995,6,11.166666666666666,United Kingdom,0
15563,0,15,4,1729.21,432.3025,107.0,128,0.2,-0.10024809016828475,0.0,166,10.957831325301205,United Kingdom,0
15564,1,120,2,70.74000000000001,35.370000000000005,212.0,4,0.0,0.00932994062751871,0.0,4,10.5,United Kingdom,0
15566,1,49,1,89.65,89.65,48.75,7,0.0,0.9999999999888455,0.9999999989999999,7,6.142857142857143,United Kingdom,1
15569,0,47,5,2207.74,441.54799999999994,64.25,102,0.0,-0.2676945654831331,-0.19999999996,109,9.79816513761468,United Kingdom,0
15570,0,14,16,5635.61,352.225625,17.133333333333333,330,0.058823529411764705,0.0722424014436641,0.249999999984375,521,4.706333973128599,United Kingdom,0
15571,1,43,9,3123.66,347.0733333333333,29.5,400,0.0,0.6142473892803268,0.3333333332962963,527,3.9924098671726753,United Kingdom,0
15572,0,37,3,1431.7800000000002,477.26000000000005,111.0,113,0.0,0.5796421237895628,0.3333333332222222,131,6.687022900763359,United Kingdom,0
15573,1,275,2,319.15,159.575,34.0,62,0.0,-0.9999999999968667,-0.9999999995,65,3.9846153846153847,United Kingdom,0
15574,0,15,5,989.3399999999999,197.868,26.0,186,0.16666666666666666,0.9999999999989893,0.9999999998,221,3.18552036199095,United Kingdom,0
15575,1,276,1,30.1,30.1,48.75,3,0.0,-0.9999999999667774,-0.9999999989999999,3,2.0,United Kingdom,1
15579,0,40,3,923.03,307.6766666666667,24.0,106,0.4,0.9999999999989166,0.9999999996666666,113,5.274336283185841,United Kingdom,0
15580,1,33,8,1375.39,171.92375,41.57142857142857,150,0.42857142857142855,0.17749874581015024,0.0,225,4.2444444444444445,United Kingdom,0
15581,0,10,20,3368.05,168.4025,17.94736842105263,347,0.09090909090909091,0.6165377592373579,0.299999999985,416,5.350961538461538,United Kingdom,0
15583,1,33,1,95.96,95.96,48.75,37,0.0,0.999999999989579,0.9999999989999999,39,1.435897435897436,United Kingdom,1
15584,0,56,2,547.34,273.67,270.0,93,0.0,-0.2861840903272442,0.0,98,1.7346938775510203,United Kingdom,0
15586,1,249,3,1139.1000000000001,379.70000000000005,54.0,30,0.25,-0.9999999999991221,-0.9999999996666666,38,35.21052631578947,United Kingdom,0
15587,1,8,4,953.28,238.32,46.0,3,0.0,0.999999999998951,0.99999999975,8,42.0,United Kingdom,0
15588,1,334,1,579.6,579.6,48.75,4,0.0,-0.9999999999982747,-0.9999999989999999,4,24.0,United Kingdom,1
15590,1,39,5,1496.6,299.32,55.75,75,0.0,0.07154884404645764,-0.19999999996,87,9.563218390804598,United Kingdom,0
15591,1,239,3,217.9,72.63333333333334,45.0,6,0.0,-0.9999999999954108,-0.9999999996666666,7,8.285714285714286,United Kingdom,0
15595,1,144,1,357.6,357.6,48.75,4,0.0,0.9999999999972036,0.9999999989999999,4,36.0,United Kingdom,1
15596,0,22,5,1723.45,344.69,33.5,65,0.375,0.9999999999994198,0.9999999998,99,8.232323232323232,United Kingdom,0
15597,1,232,1,238.8,238.8,48.75,15,0.0,-0.9999999999958125,-0.9999999989999999,15,7.6,United Kingdom,1
15598,1,84,1,307.34,307.34,48.75,22,0.0,0.9999999999967463,0.9999999989999999,22,11.090909090909092,United Kingdom,1
15599,0,102,1,488.32,488.32,48.75,31,0.0,0.9999999999979522,0.9999999989999999,31,12.258064516129032,United Kingdom,1
15600,1,85,4,1199.31,299.8275,54.666666666666664,55,0.2,-0.17324128040275388,0.0,71,9.253521126760564,United Kingdom,0
15601,0,15,15,7161.16,477.41066666666666,23.857142857142858,136,0.11764705882352941,-0.17756620435792836,-0.19999999998666668,412,12.990291262135923,United Kingdom,0
15602,0,17,8,1731.3400000000001,216.41750000000002,45.0,37,0.3333333333333333,0.692608037704499,0.4999999999375,66,15.06060606060606,United Kingdom,0
15603,1,305,1,40.0,40.0,48.75,2,0.5,-0.9999999999750001,-0.9999999989999999,2,16.0,United Kingdom,1
15605,0,30,5,738.57,147.714,79.75,37,0.16666666666666666,-0.4723587473083494,-0.59999999988,44,6.159090909090909,United Kingdom,0
15606,0,47,8,2310.83,288.85375,36.285714285714285,47,0.0,-0.044732844908519954,0.0,68,10.632352941176471,United Kingdom,0
15607,0,200,8,1604.21,200.52625,22.0,83,0.3333333333333333,-0.9999999999993766,-0.999999999875,96,13.208333333333334,United Kingdom,0
15608,1,72,1,692.3,692.3,48.75,45,0.0,0.9999999999985556,0.9999999989999999,45,12.177777777777777,United Kingdom,1
15611,0,40,13,1405.83,108.14076923076922,24.416666666666668,24,0.23529411764705882,-0.12201333020342295,-0.2307692307514793,51,4.764705882352941,United Kingdom,0
15613,1,267,1,433.71999999999997,433.71999999999997,48.75,27,0.0,-0.9999999999976944,-0.9999999989999999,27,25.925925925925927,United Kingdom,1
15614,1,94,4,3147.36,786.84,62.666666666666664,73,0.3333333333333333,0.15613085252397055,0.499999999875,81,20.14814814814815,United Kingdom,0
15615,0,16,24,10818.92,450.78833333333336,13.565217391304348,190,0.07692307692307693,0.11695622113851319,0.1666666666597222,458,13.753275109170305,United Kingdom,0
15616,1,95,1,317.11,317.11,48.75,13,0.0,0.9999999999968465,0.9999999989999999,13,10.538461538461538,United Kingdom,1
15617,1,53,3,828.55,276.18333333333334,55.0,41,0.0,0.9999999999987931,0.9999999996666666,42,11.547619047619047,United Kingdom,0
15620,0,15,2,813.6700000000001,406.83500000000004,51.0,59,0.3333333333333333,0.999999999998771,0.9999999995,60,12.15,United Kingdom,0
15622,0,84,8,4143.05,517.88125,31.0,197,0.42857142857142855,-0.8484691229888973,-0.74999999990625,241,10.029045643153527,United Kingdom,0
15623,1,50,6,1828.82,304.80333333333334,58.8,69,0.0,-0.22006539735992603,0.0,79,9.873417721518987,United Kingdom,0
15625,0,33,5,1702.1399999999999,340.428,41.0,78,0.16666666666666666,0.37898175238207255,0.19999999996,107,17.121495327102803,United Kingdom,0
15626,0,78,1,391.72,391.72,48.75,31,0.5,0.9999999999974472,0.9999999989999999,31,12.0,United Kingdom,1
15627,1,114,2,566.9000000000001,283.45000000000005,65.0,23,0.0,0.9999999999982361,0.9999999995,24,14.333333333333334,United Kingdom,0
15628,0,23,8,2495.74,311.9675,42.285714285714285,83,0.2727272727272727,0.5015105740179259,0.4999999999375,145,11.579310344827586,United Kingdom,0
15629,1,107,4,2240.9,560.225,27.333333333333332,39,0.0,-0.04975679414518731,0.499999999875,77,19.714285714285715,United Kingdom,0
15630,0,301,1,295.05,295.05,48.75,20,0.0,-0.9999999999966108,-0.9999999989999999,20,9.35,United Kingdom,1
15631,1,299,1,596.67,596.67,48.75,39,0.0,-0.999999999998324,-0.9999999989999999,39,13.461538461538462,United Kingdom,1
15633,1,166,12,4144.07,345.33916666666664,16.181818181818183,75,0.29411764705882354,-0.9092920727688216,-0.8333333332638889,169,11.603550295857989,United Kingdom,0
15634,1,40,1,311.1,311.1,48.75,19,0.0,0.9999999999967857,0.9999999989999999,19,6.7368421052631575,United Kingdom,1
15635,1,52,1,100.35,100.35,48.75,2,0.0,0.9999999999900349,0.9999999989999999,2,2.5,United Kingdom,1
15636,0,94,2,719.8199999999999,359.90999999999997,132.0,27,0.0,-0.08065905365218992,0.0,32,8.625,United Kingdom,0
15637,1,70,3,285.35,95.11666666666667,113.0,16,0.0,0.13019099351627755,0.3333333332222222,17,7.235294117647059,United Kingdom,0
15638,1,35,6,2265.2,377.5333333333333,46.0,20,0.25,0.491965389369375,0.33333333327777775,25,45.36,United Kingdom,0
15639,1,108,2,639.76,319.88,153.0,40,0.5,-0.23246217331462982,0.0,44,11.954545454545455,United Kingdom,0
15640,0,12,16,12333.74,770.85875,22.733333333333334,176,0.15789473684210525,0.2832684976332983,0.0,349,18.383954154727792,United Kingdom,0
15641,0,16,7,2677.11,382.44428571428574,53.833333333333336,137,0.0,0.41496613885853956,0.1428571428367347,163,12.54601226993865,United Kingdom,0
15645,1,71,2,443.16,221.58,11.0,16,0.3333333333333333,0.9999999999977435,0.9999999995,16,8.75,United Kingdom,0
15646,0,29,3,526.97,175.65666666666667,19.0,50,0.0,0.9999999999981024,0.9999999996666666,50,13.14,United Kingdom,0
15647,1,72,1,169.0,169.0,48.75,11,0.0,0.999999999994083,0.9999999989999999,11,11.272727272727273,United Kingdom,1
15649,0,24,3,1354.35,451.45,9.5,8,0.0,0.9999999999992617,0.9999999996666666,10,29.3,United Kingdom,0
15650,1,178,2,553.88,276.94,106.0,33,0.3333333333333333,-0.29659854119972445,0.0,36,5.833333333333333,United Kingdom,0
15651,0,77,2,612.76,306.38,176.0,28,0.0,0.04935047979625083,0.0,28,14.0,United Kingdom,0
15652,1,44,4,1068.2,267.05,32.0,76,0.2,0.9999999999990639,0.99999999975,81,5.54320987654321,United Kingdom,0
15658,0,29,3,1077.72,359.24,62.5,44,0.4,0.9999999999990721,0.9999999996666666,51,6.980392156862745,United Kingdom,0
15659,1,43,2,226.04,113.02,266.0,8,0.0,0.04052380109697166,0.0,10,5.0,United Kingdom,0
15660,0,22,7,1212.1299999999999,173.16142857142856,50.5,44,0.0,0.06363178866947965,-0.1428571428367347,71,11.873239436619718,United Kingdom,0
15661,0,36,6,906.15,151.025,39.2,26,0.0,0.2916183854766964,0.6666666665555555,39,13.923076923076923,United Kingdom,0
15662,1,318,1,177.88000000000002,177.88000000000002,48.75,8,0.0,-0.9999999999943783,-0.9999999989999999,8,9.75,United Kingdom,1
15664,1,106,3,867.6,289.2,99.5,46,0.5,-0.21664361456867606,-0.3333333332222222,53,7.037735849056604,United Kingdom,0
15665,0,68,3,1764.86,588.2866666666666,111.5,122,0.0,0.3297711999816814,0.3333333332222222,171,6.567251461988304,United Kingdom,0
15666,1,129,2,632.94,316.47,23.0,62,0.0,0.99999999999842,0.9999999995,67,7.0,United Kingdom,0
15670,0,213,1,152.15,152.15,48.75,7,0.5,-0.9999999999934276,-0.9999999989999999,7,5.857142857142857,United Kingdom,1
15673,0,108,5,3478.09,695.618,50.25,95,0.16666666666666666,-0.02401605478868458,-0.19999999996,130,14.023076923076923,United Kingdom,0
15674,0,74,7,4039.17,577.0242857142857,38.666666666666664,182,0.2222222222222222,-0.32206864281515213,-0.1428571428367347,215,9.725581395348836,United Kingdom,0
15675,0,61,1,218.35,218.35,48.75,14,0.0,0.9999999999954202,0.9999999989999999,14,6.928571428571429,United Kingdom,1
15677,1,78,2,648.4,324.2,42.0,32,0.0,0.9999999999984578,0.9999999995,39,9.128205128205128,United Kingdom,0
15678,1,52,2,1473.24,736.62,127.0,67,0.0,0.9999999999993212,0.9999999995,80,10.475,United Kingdom,0
15680,1,23,7,2862.4,408.9142857142857,52.5,118,0.0,0.03892537730574383,-0.1428571428367347,169,10.970414201183432,United Kingdom,0
15681,0,36,9,1563.54,173.72666666666666,22.875,23,0.1,0.23506913798160897,0.5555555554938272,35,16.457142857142856,United Kingdom,0
15682,1,256,2,318.24,159.12,88.0,25,0.3333333333333333,-0.9999999999968577,-0.9999999995,25,8.88,United Kingdom,0
15683,1,130,1,330.79,330.79,48.75,16,0.0,0.999999999996977,0.9999999989999999,16,12.5625,United Kingdom,1
15684,1,204,2,64.55,32.275,154.0,2,0.3333333333333333,-0.9999999999845081,-0.9999999995,3,3.0,United Kingdom,0
15685,1,107,1,55.980000000000004,55.980000000000004,48.75,17,0.0,0.9999999999821365,0.9999999989999999,17,2.1176470588235294,United Kingdom,1
15686,1,77,1,90.0,90.0,48.75,1,0.0,0.9999999999888889,0.9999999989999999,1,72.0,United Kingdom,1
15688,1,75,1,190.57,190.57,48.75,26,0.0,0.9999999999947526,0.9999999989999999,27,3.5185185185185186,United Kingdom,1
15689,1,18,2,370.43,185.215,256.0,19,0.0,-0.4411899684138942,0.0,21,8.523809523809524,United Kingdom,0
15691,0,51,2,272.7,136.35,195.0,5,0.0,-0.44994499449779995,0.0,7,12.0,United Kingdom,0
15693,1,316,1,37.5,37.5,48.75,1,0.0,-0.9999999999733334,-0.9999999989999999,1,30.0,United Kingdom,1
15694,0,17,12,3988.54,332.37833333333333,20.818181818181817,42,0.25,0.6186323817736267,0.6666666666111111,73,12.287671232876713,United Kingdom,0
15695,0,254,2,721.06,360.53,83.0,35,0.0,-0.9999999999986132,-0.9999999995,37,7.351351351351352,United Kingdom,0
15696,0,80,5,1170.1100000000001,234.02200000000002,64.75,36,0.4444444444444444,-0.3964840912389463,-0.59999999988,53,7.0,United Kingdom,0
15697,1,346,1,246.75,246.75,48.75,14,0.0,-0.9999999999959474,-0.9999999989999999,14,9.071428571428571,United Kingdom,1
15698,1,281,1,46.2,46.2,48.75,2,0.0,-0.9999999999783551,-0.9999999989999999,2,30.0,United Kingdom,1
15702,1,133,2,140.39000000000001,70.19500000000001,205.0,30,0.0,0.6036754754569151,0.0,30,3.433333333333333,Nigeria,0
15704,0,159,2,1441.04,720.52,81.0,75,0.5,-0.16744850940975442,0.0,87,7.827586206896552,United Kingdom,0
15708,0,26,3,969.19,323.06333333333333,27.5,57,0.4,0.9999999999989683,0.9999999996666666,101,3.6534653465346536,United Kingdom,0
15709,0,246,1,194.6,194.6,48.75,20,0.0,-0.9999999999948613,-0.9999999989999999,21,2.2857142857142856,United Kingdom,1
15710,1,74,1,898.87,898.87,48.75,110,0.0,0.9999999999988876,0.9999999989999999,110,5.827272727272727,United Kingdom,1
15711,1,213,2,420.25,210.125,128.0,25,0.0,-0.9999999999976205,-0.9999999995,25,7.96,United Kingdom,0
15712,0,36,6,2144.55,357.425,64.0,66,0.14285714285714285,-0.24562262479296562,0.0,103,7.058252427184466,United Kingdom,0
15713,1,23,2,410.23,205.115,253.0,22,0.5,-0.16559003485809037,0.0,24,6.291666666666667,United Kingdom,0
15714,1,110,3,453.93,151.31,50.5,14,0.0,-0.3217897032575027,-0.3333333332222222,14,12.5,United Kingdom,0
15715,1,212,5,658.02,131.60399999999998,15.75,33,0.0,-0.9999999999984803,-0.9999999998,38,6.473684210526316,United Kingdom,0
15716,0,26,7,1699.38,242.76857142857145,42.333333333333336,127,0.0,0.10386140827825215,-0.1428571428367347,176,5.693181818181818,United Kingdom,0
15717,0,78,4,456.70000000000005,114.17500000000001,56.666666666666664,13,0.0,0.1193343551562966,0.0,17,9.058823529411764,United Kingdom,0
15718,1,197,1,293.79,293.79,48.75,18,0.0,-0.9999999999965963,-0.9999999989999999,18,5.277777777777778,United Kingdom,1
15719,0,38,16,4494.23,280.889375,19.733333333333334,254,0.30434782608695654,-0.0921915433789343,-0.1249999999921875,749,3.104138851802403,United Kingdom,0
15720,1,207,1,140.49,140.49,48.75,25,0.0,-0.9999999999928821,-0.9999999989999999,25,1.84,United Kingdom,1
15722,0,102,6,3022.79,503.79833333333335,38.6,74,0.3333333333333333,0.25761299991059333,0.0,111,11.315315315315315,United Kingdom,0
15723,1,21,4,930.7,232.675,69.33333333333333,108,0.0,0.49208122918180713,0.499999999875,123,3.4715447154471546,United Kingdom,0
15724,0,57,1,92.6,92.6,48.75,6,0.5,0.9999999999892009,0.9999999989999999,6,7.333333333333333,United Kingdom,1
15726,1,47,1,321.91,321.91,48.75,23,0.0,0.9999999999968936,0.9999999989999999,23,5.3478260869565215,United Kingdom,1
15727,0,16,9,5729.6,636.6222222222223,40.25,314,0.0,0.33679139905048566,0.3333333332962963,450,7.511111111111111,United Kingdom,0
15728,1,36,2,544.6,272.3,64.0,10,0.0,0.9999999999981638,0.9999999995,12,11.0,United Kingdom,0
15729,0,57,2,107.55000000000001,53.775000000000006,3.0,5,0.3333333333333333,0.999999999990702,0.9999999995,6,3.1666666666666665,United Kingdom,0
15730,0,38,2,605.7,302.85,49.0,40,0.3333333333333333,0.999999999998349,0.9999999995,41,9.073170731707316,United Kingdom,0
15731,1,210,1,125.3,125.3,48.75,8,0.0,-0.9999999999920192,-0.9999999989999999,8,15.25,United Kingdom,1
15732,0,29,9,1387.95,154.21666666666667,37.25,53,0.18181818181818182,-0.2819337872399712,-0.5555555554938272,90,12.733333333333333,United Kingdom,0
15734,0,93,2,923.8500000000001,461.92500000000007,110.0,14,0.0,0.3274882286081858,0.0,17,10.0,United Kingdom,0
15735,1,78,1,327.68,327.68,48.75,19,0.0,0.9999999999969483,0.9999999989999999,19,10.842105263157896,United Kingdom,1
15736,1,92,2,1767.12,883.56,0.0,95,0.3333333333333333,0.9999999999994341,0.9999999995,100,12.08,United Kingdom,0
15738,0,29,25,8278.52,331.1408,13.0,64,0.07407407407407407,-0.33265366273194563,-0.2799999999888,309,19.184466019417474,United Kingdom,0
15741,1,115,2,208.62,104.31,160.0,11,0.0,0.3945930399751002,0.0,12,5.833333333333333,United Kingdom,0
15742,1,276,1,156.87,156.87,48.75,41,0.0,-0.9999999999936253,-0.9999999989999999,41,1.2439024390243902,United Kingdom,1
15747,0,32,6,1553.17,258.8616666666667,62.4,78,0.14285714285714285,0.23592394908462308,0.0,126,6.968253968253968,United Kingdom,0
15748,1,106,2,465.45000000000005,232.72500000000002,0.0,16,0.0,0.9999999999978516,0.9999999995,16,13.1875,United Kingdom,0
15750,0,23,10,3830.271,383.0271,21.22222222222222,214,0.3333333333333333,0.535959727131439,0.59999999994,282,9.0,United Kingdom,0
15751,1,117,7,807.15,115.30714285714285,35.833333333333336,59,0.2222222222222222,-0.03742798736289729,-0.1428571428367347,84,3.3452380952380953,United Kingdom,0
15752,0,29,3,1557.96,519.32,42.0,174,0.0,0.9999999999993582,0.9999999996666666,195,5.051282051282051,United Kingdom,0
15754,0,150,6,2579.04,429.84,31.8,90,0.25,-0.6493113716729291,-0.33333333327777775,103,15.174757281553399,United Kingdom,0
15755,0,36,10,3320.12,332.012,34.666666666666664,172,0.09090909090909091,-0.22325699071111188,-0.19999999998,212,11.55188679245283,United Kingdom,0
15757,0,43,4,2225.94,556.485,53.0,127,0.0,0.5246322901782957,0.499999999875,148,8.554054054054054,United Kingdom,0
15759,0,15,4,549.4000000000001,137.35000000000002,71.66666666666667,6,0.42857142857142855,-0.13141609028006665,0.0,10,19.2,United Kingdom,0
15760,1,287,2,13916.34,6958.17,0.0,1,0.6,-0.9999999999999281,-0.9999999995,2,1.0,Norway,0
15761,1,99,1,143.05,143.05,48.75,5,0.0,0.9999999999930095,0.9999999989999999,5,6.2,United Kingdom,1
15764,0,91,2,1223.1100000000001,611.5550000000001,44.0,69,0.5,0.9999999999991824,0.9999999995,69,12.971014492753623,United Kingdom,0
15765,1,323,1,370.63,370.63,48.75,25,0.0,-0.9999999999973019,-0.9999999989999999,25,13.4,United Kingdom,1
15766,1,113,2,516.0,258.0,225.0,15,0.3333333333333333,0.21860465116236696,0.0,15,10.933333333333334,United Kingdom,0
15768,0,133,26,12650.07,486.54115384615386,8.56,312,0.0,-0.9551986668847716,-0.7692307692011834,959,3.326381647549531,United Kingdom,0
15769,0,28,20,30471.6,1523.58,16.789473684210527,11,0.09090909090909091,-0.016421848540935927,0.099999999995,87,209.5632183908046,United Kingdom,0
15770,1,269,1,321.45,321.45,48.75,18,0.0,-0.9999999999968892,-0.9999999989999999,18,3.7222222222222223,United Kingdom,1
15771,1,261,3,1006.54,335.5133333333333,44.5,26,0.0,-0.9999999999990065,-0.9999999996666666,28,18.285714285714285,United Kingdom,0
15772,1,75,1,280.88,280.88,48.75,16,0.0,0.9999999999964398,0.9999999989999999,16,6.875,United Kingdom,1
15773,1,66,1,138.84,138.84,48.75,37,0.0,0.9999999999927975,0.9999999989999999,37,2.675675675675676,United Kingdom,1
15774,1,75,5,1017.54,203.50799999999998,59.25,69,0.16666666666666666,-0.009965210212856575,-0.19999999996,85,4.447058823529412,United Kingdom,0
15775,0,288,1,45.6,45.6,48.75,2,0.0,-0.9999999999780702,-0.9999999989999999,2,96.0,United Kingdom,1
15777,0,18,4,1081.05,270.2625,68.66666666666667,17,0.3333333333333333,0.9827945053411196,0.499999999875,23,14.521739130434783,United Kingdom,0
15778,1,88,1,307.95,307.95,48.75,17,0.0,0.9999999999967527,0.9999999989999999,17,5.9411764705882355,United Kingdom,1
15779,1,120,2,124.08,62.04,69.0,8,0.0,-0.08607350096642423,0.0,8,2.5,United Kingdom,0
15780,0,14,1,177.15,177.15,48.75,12,0.0,0.9999999999943551,0.9999999989999999,12,5.416666666666667,United Kingdom,1
15782,1,87,1,1399.36,1399.36,48.75,18,0.0,0.9999999999992853,0.9999999989999999,18,54.44444444444444,United Kingdom,1
15784,1,124,2,848.3299999999999,424.16499999999996,204.0,33,0.0,-0.09907701012565975,0.0,43,8.86046511627907,United Kingdom,0
15785,0,36,10,3318.04,331.804,33.111111111111114,76,0.4117647058823529,-0.0599691384069933,0.0,129,20.45736434108527,United Kingdom,0
15786,1,74,2,3582.62,1791.31,118.0,166,0.5,0.0025679530622833226,0.0,199,13.150753768844222,United Kingdom,0
15788,1,165,1,221.82999999999998,221.82999999999998,48.75,14,0.5,0.999999999995492,0.9999999989999999,14,8.214285714285714,United Kingdom,1
15789,1,15,6,1962.01,327.00166666666667,52.8,110,0.14285714285714285,0.15946401904161575,0.0,138,18.108695652173914,United Kingdom,0
15791,0,186,3,1995.6499999999999,665.2166666666666,56.0,73,0.5,-0.999999999999499,-0.9999999996666666,92,13.467391304347826,United Kingdom,0
15792,1,56,2,933.84,466.92,218.0,57,0.0,-0.021245609526234457,0.0,57,10.631578947368421,United Kingdom,0
15793,0,35,4,1142.38,285.595,82.33333333333333,7,0.0,0.12288380398805748,0.0,14,69.85714285714286,United Kingdom,0
15795,1,87,7,1369.8600000000001,195.69428571428574,43.166666666666664,74,0.0,-0.44011796825920885,-0.7142857141836735,89,9.325842696629213,United Kingdom,0
15796,0,31,9,2463.02,273.6688888888889,30.0,107,0.18181818181818182,0.013178942923722445,0.3333333332962963,161,5.422360248447205,United Kingdom,0
15797,0,238,2,613.6800000000001,306.84000000000003,100.0,4,0.0,-0.9999999999983705,-0.9999999995,4,102.0,United Kingdom,0
15798,1,149,3,1535.37,511.78999999999996,94.0,73,0.0,-0.46500192136067203,-0.3333333332222222,83,11.024096385542169,United Kingdom,0
15799,0,75,1,537.1999999999999,537.1999999999999,48.75,54,0.0,0.9999999999981385,0.9999999989999999,56,6.892857142857143,United Kingdom,1
15800,0,110,5,530.18,106.03599999999999,41.25,97,0.0,-0.361914821380735,-0.59999999988,115,2.1130434782608694,United Kingdom,0
15803,1,102,3,1513.84,504.6133333333333,115.0,42,0.0,0.20229350525801784,0.3333333332222222,43,17.209302325581394,United Kingdom,0
15805,0,21,13,4373.05,336.38846153846157,26.166666666666668,170,0.2777777777777778,0.4168509392756961,0.5384615384201183,228,12.578947368421053,United Kingdom,0
15807,1,65,2,913.62,456.81,257.0,40,0.3333333333333333,0.12011558415958483,0.0,40,27.55,United Kingdom,0
15808,0,18,17,13835.11,813.83,20.6875,306,0.15,-0.09636135889052588,-0.1764705882249135,611,9.11783960720131,United Kingdom,0
15809,0,116,2,758.6700000000001,379.33500000000004,75.0,22,0.3333333333333333,0.5530335982699288,0.0,23,17.347826086956523,United Kingdom,0
15810,0,43,4,1607.06,401.765,95.0,48,0.2,-0.05683670802580065,0.0,77,10.285714285714286,United Kingdom,0
15811,0,14,3,1706.33,568.7766666666666,14.5,126,0.0,0.9999999999994139,0.9999999996666666,163,5.141104294478527,United Kingdom,0
15812,0,92,6,3109.61,518.2683333333333,50.2,31,0.14285714285714285,-0.44146693636808426,-0.33333333327777775,53,44.37735849056604,United Kingdom,0
15814,1,50,2,689.11,344.555,210.0,23,0.0,0.1464933029557742,0.0,26,17.576923076923077,United Kingdom,0
15816,1,199,2,144.14999999999998,72.07499999999999,0.0,11,0.3333333333333333,-0.9999999999930629,-0.9999999995,11,4.909090909090909,United Kingdom,0
15817,1,77,3,2766.3999999999996,922.1333333333332,60.5,133,0.0,0.34481636784255904,0.3333333332222222,152,10.5,United Kingdom,0
15818,1,245,1,340.5,340.5,48.75,11,0.0,-0.9999999999970631,-0.9999999989999999,11,25.818181818181817,United Kingdom,1
15819,0,88,6,2029.34,338.2233333333333,39.8,110,0.14285714285714285,-0.4371273418941936,-0.6666666665555555,137,11.467153284671532,United Kingdom,0
15822,1,16,4,920.47,230.1175,74.33333333333333,25,0.2,0.3243234434578809,0.0,32,13.90625,United Kingdom,0
15823,1,29,1,15.0,15.0,48.75,1,0.6666666666666666,0.9999999999333333,0.9999999989999999,1,1.0,United Kingdom,1
15824,1,110,2,890.94,445.47,78.0,24,0.0,0.11374503333545045,0.0,26,18.384615384615383,United Kingdom,0
15826,0,225,1,943.97,943.97,48.75,51,0.5,-0.9999999999989406,-0.9999999989999999,51,16.88235294117647,United Kingdom,1
15827,0,29,16,1957.98,122.37375,21.533333333333335,73,0.3333333333333333,-0.2338736861458065,-0.1249999999921875,116,8.120689655172415,United Kingdom,0
15828,1,32,1,1108.82,1108.82,48.75,74,0.0,0.9999999999990982,0.9999999989999999,74,4.95945945945946,United Kingdom,1
15834,0,33,3,1539.24,513.08,23.5,105,0.25,0.9999999999993503,0.9999999996666666,105,8.133333333333333,United Kingdom,0
15837,1,142,1,385.03000000000003,385.03000000000003,48.75,28,0.0,0.9999999999974029,0.9999999989999999,28,7.714285714285714,United Kingdom,1
15838,0,24,15,40024.92,2668.328,19.0,11,0.16666666666666666,0.9302654446279737,0.59999999996,41,1121.8536585365853,United Kingdom,0
15841,0,43,3,914.6,304.8666666666667,67.0,30,0.25,0.9999999999989067,0.9999999996666666,31,20.580645161290324,United Kingdom,0
15842,1,50,2,548.8,274.4,134.0,24,0.3333333333333333,0.3711734693870788,0.0,25,11.84,United Kingdom,0
15845,0,193,3,714.51,238.17,72.5,36,0.25,-0.9999999999986005,-0.9999999996666666,36,5.611111111111111,United Kingdom,0
15846,1,42,1,107.01,107.01,48.75,27,0.0,0.999999999990655,0.9999999989999999,29,2.7241379310344827,United Kingdom,1
15847,0,85,3,433.3,144.43333333333334,106.5,22,0.0,0.6278790676191371,0.3333333332222222,26,7.461538461538462,United Kingdom,0
15848,1,278,1,137.99,137.99,48.75,34,0.0,-0.9999999999927531,-0.9999999989999999,34,1.3235294117647058,United Kingdom,1
15850,0,33,3,665.22,221.74,79.0,172,0.0,0.6673581672218705,0.3333333332222222,186,5.349462365591398,United Kingdom,0
15851,1,183,1,109.73,109.73,48.75,8,0.0,0.9999999999908867,0.9999999989999999,8,8.375,United Kingdom,1
15852,0,183,1,96.55,96.55,48.75,11,0.0,0.9999999999896426,0.9999999989999999,11,1.0909090909090908,United Kingdom,1
15854,0,18,9,2247.06,249.67333333333332,30.625,86,0.0,0.5864640908562361,0.3333333332962963,125,5.864,United Kingdom,0
15855,0,133,1,340.48,340.48,48.75,15,0.0,0.999999999997063,0.9999999989999999,15,16.133333333333333,United Kingdom,1
15856,0,8,24,16039.03,668.2929166666667,14.652173913043478,175,0.1111111111111111,0.37571785824950915,0.3333333333194444,467,18.03426124197002,United Kingdom,0
15857,1,87,1,273.48,273.48,48.75,10,0.0,0.9999999999963435,0.9999999989999999,10,27.6,United Kingdom,1
15858,0,24,7,2251.88,321.69714285714286,52.0,188,0.125,-0.19172424818365466,-0.1428571428367347,263,6.068441064638783,United Kingdom,0
15859,1,89,1,438.46,438.46,48.75,22,0.0,0.9999999999977193,0.9999999989999999,22,7.909090909090909,United Kingdom,1
15860,0,25,8,1203.2,150.4,36.42857142857143,134,0.0,0.46589095744642123,0.24999999996875,177,3.7062146892655368,United Kingdom,0
15861,0,113,4,1222.28,305.57,74.33333333333333,191,0.3333333333333333,-0.48995320221185834,-0.499999999875,248,5.278225806451613,United Kingdom,0
15862,0,30,7,1472.27,210.3242857142857,40.666666666666664,262,0.0,0.07283310805757584,-0.1428571428367347,297,2.451178451178451,United Kingdom,0
15863,0,274,2,148.95999999999998,74.47999999999999,69.0,19,0.0,-0.9999999999932868,-0.9999999995,20,4.9,United Kingdom,0
15864,0,38,1,244.44000000000003,244.44000000000003,48.75,3,0.0,0.999999999995909,0.9999999989999999,3,98.0,United Kingdom,1
15865,0,70,2,1346.29,673.145,290.0,86,0.0,-0.049625266473011256,0.0,86,8.988372093023257,United Kingdom,0
15867,0,11,18,5051.58,280.6433333333333,20.058823529411764,378,0.14285714285714285,-0.1956259229785145,-0.22222222220987653,593,4.967959527824621,United Kingdom,0
15868,1,240,1,94.53,94.53,48.75,4,0.0,-0.9999999999894214,-0.9999999989999999,4,14.25,United Kingdom,1
15869,0,283,1,171.47,171.47,48.75,18,0.0,-0.9999999999941681,-0.9999999989999999,19,5.157894736842105,United Kingdom,1
15870,1,53,3,506.02,168.67333333333332,24.5,61,0.0,0.9999999999980238,0.9999999996666666,69,2.4782608695652173,United Kingdom,0
15871,1,94,1,33.099999999999994,33.099999999999994,48.75,5,0.0,0.9999999999697886,0.9999999989999999,5,1.0,United Kingdom,1
15872,1,35,2,413.0,206.5,171.0,70,0.0,0.42353510895781216,0.0,80,3.5,United Kingdom,0
15873,1,156,4,313.92,78.48,0.3333333333333333,3,0.2,0.9999999999968145,0.99999999975,6,192.0,United Kingdom,0
15874,0,44,14,6878.88,491.34857142857146,23.76923076923077,168,0.125,0.03574128346474483,-0.14285714284693876,222,11.567567567567568,United Kingdom,0
15875,1,303,1,108.52,108.52,48.75,18,0.0,-0.999999999990785,-0.9999999989999999,23,3.217391304347826,United Kingdom,1
15876,1,66,2,1449.1399999999999,724.5699999999999,39.0,11,0.0,0.99999999999931,0.9999999995,11,80.54545454545455,United Kingdom,0
15878,1,218,1,118.64,118.64,48.75,21,0.0,-0.9999999999915711,-0.9999999989999999,22,7.818181818181818,United Kingdom,1
15879,1,61,3,1016.76,338.92,81.5,146,0.0,0.04661867107277373,0.3333333332222222,149,3.785234899328859,United Kingdom,0
15880,1,26,1,329.03000000000003,329.03000000000003,48.75,95,0.5,0.9999999999969608,0.9999999989999999,96,2.1041666666666665,United Kingdom,1
15881,0,18,2,155.25,77.625,2.0,3,0.3333333333333333,0.9999999999935588,0.9999999995,4,25.75,United Kingdom,0
15882,0,25,5,797.99,159.598,76.5,37,0.2857142857142857,0.28317397461085586,0.19999999996,40,11.625,United Kingdom,0
15884,1,89,1,7.9,7.9,48.75,1,0.0,0.9999999998734177,0.9999999989999999,1,2.0,United Kingdom,1
15885,0,40,12,1572.47,131.03916666666666,27.272727272727273,68,0.29411764705882354,0.02648699180268844,0.16666666665277777,97,5.268041237113402,United Kingdom,0
15886,1,73,3,871.78,290.5933333333333,90.5,47,0.0,0.32466906788372674,0.3333333332222222,50,10.4,United Kingdom,0
15887,1,63,3,1027.15,342.3833333333334,74.0,27,0.0,0.1390741371755449,0.3333333332222222,37,16.35135135135135,United Kingdom,0
15888,1,57,2,260.85,130.425,125.0,24,0.0,0.9999999999961664,0.9999999995,27,2.3333333333333335,United Kingdom,0
15889,1,26,5,924.55,184.91,59.25,165,0.16666666666666666,0.10622464982953195,-0.19999999996,187,2.9251336898395723,United Kingdom,0
15890,1,51,5,535.65,107.13,52.25,10,0.0,-0.07140856902815003,0.19999999996,10,11.9,United Kingdom,0
15892,1,326,1,128.2,128.2,48.75,38,0.0,-0.9999999999921998,-0.9999999989999999,38,1.2105263157894737,United Kingdom,1
15893,1,138,1,305.28000000000003,305.28000000000003,48.75,1,0.0,0.9999999999967244,0.9999999989999999,1,288.0,United Kingdom,1
15894,0,26,1,151.44,151.44,48.75,32,0.0,0.9999999999933968,0.9999999989999999,34,3.264705882352941,United Kingdom,1
15898,0,24,21,3732.24,177.72571428571428,15.85,248,0.125,-0.234020320236578,-0.3333333333174603,544,3.0845588235294117,United Kingdom,0
15899,1,25,1,56.25,56.25,48.75,4,0.0,0.9999999999822223,0.9999999989999999,4,9.75,United Kingdom,1
15900,1,70,3,549.29,183.09666666666666,73.5,68,0.25,0.5040142729696445,0.3333333332222222,79,5.569620253164557,United Kingdom,0
15901,1,108,4,335.99,83.9975,30.333333333333332,49,0.3333333333333333,-0.19253549212716886,0.499999999875,53,5.962264150943396,United Kingdom,0
15902,1,37,1,145.01,145.01,48.75,18,0.0,0.999999999993104,0.9999999989999999,18,6.888888888888889,United Kingdom,1
15903,0,35,5,3813.0800000000004,762.6160000000001,78.5,20,0.0,0.9791244872908569,0.59999999988,42,36.095238095238095,United Kingdom,0
15905,1,200,1,114.69,114.69,48.75,22,0.0,-0.9999999999912809,-0.9999999989999999,22,3.727272727272727,United Kingdom,1
15906,0,31,3,962.5,320.8333333333333,37.5,41,0.25,0.999999999998961,0.9999999996666666,51,4.019607843137255,United Kingdom,0
15908,1,147,2,758.62,379.31,21.0,37,0.0,0.9999999999986818,0.9999999995,40,4.325,United Kingdom,0
15910,0,57,7,1432.29,204.61285714285714,47.5,244,0.0,-0.05386478995171796,-0.1428571428367347,354,3.2344632768361583,United Kingdom,0
15911,1,280,5,854.19,170.83800000000002,14.0,102,0.2857142857142857,-0.9999999999988293,-0.9999999998,146,2.8493150684931505,United Kingdom,0
15912,0,93,4,374.28999999999996,93.57249999999999,83.66666666666667,25,0.0,-0.1712842982709362,-0.499999999875,28,10.214285714285714,United Kingdom,0
15913,1,191,1,6.300000000000001,6.300000000000001,48.75,1,0.0,-0.9999999998412699,-0.9999999989999999,1,3.0,United Kingdom,1
15914,1,35,2,205.98999999999998,102.99499999999999,0.0,13,0.0,0.9999999999951454,0.9999999995,13,11.461538461538462,United Kingdom,0
15915,1,58,1,364.45,364.45,48.75,105,0.0,0.9999999999972562,0.9999999989999999,113,3.663716814159292,United Kingdom,1
15916,0,23,6,1486.31,247.71833333333333,64.6,110,0.25,0.06758347854749848,0.0,126,6.4523809523809526,United Kingdom,0
15917,0,263,1,118.75,118.75,48.75,21,0.0,-0.999999999991579,-0.9999999989999999,21,1.1428571428571428,United Kingdom,1
15918,0,288,1,248.65,248.65,48.75,21,0.0,-0.9999999999959783,-0.9999999989999999,21,4.142857142857143,United Kingdom,1
15919,1,25,1,214.07999999999998,214.07999999999998,48.75,38,0.0,0.9999999999953288,0.9999999989999999,39,4.487179487179487,United Kingdom,1
15920,1,81,3,280.05,93.35000000000001,100.0,25,0.0,-0.038743081592434496,-0.3333333332222222,28,2.5357142857142856,United Kingdom,0
15921,0,53,3,452.23,150.74333333333334,121.5,52,0.0,0.5569511089477546,0.3333333332222222,55,3.1454545454545455,United Kingdom,0
15922,1,30,1,369.5,369.5,48.75,11,0.5,0.9999999999972937,0.9999999989999999,11,12.545454545454545,United Kingdom,1
15923,1,29,1,127.08,127.08,48.75,21,0.0,0.999999999992131,0.9999999989999999,21,5.809523809523809,United Kingdom,1
15926,1,199,1,134.44,134.44,48.75,7,0.0,-0.9999999999925618,-0.9999999989999999,7,22.142857142857142,United Kingdom,1
15927,1,304,1,106.54,106.54,48.75,13,0.0,-0.9999999999906138,-0.9999999989999999,15,4.4,United Kingdom,1
15928,1,313,1,293.53,293.53,48.75,11,0.0,-0.9999999999965933,-0.9999999989999999,11,14.909090909090908,United Kingdom,1
15929,1,301,1,594.0,594.0,48.75,1,0.0,-0.9999999999983166,-0.9999999989999999,1,120.0,United Kingdom,1
15931,1,85,1,239.9,239.9,48.75,14,0.0,0.9999999999958317,0.9999999989999999,14,8.428571428571429,United Kingdom,1
15934,1,74,2,2190.66,1095.33,11.0,29,0.0,0.9999999999995435,0.9999999995,29,74.6896551724138,United Kingdom,0
15936,1,36,2,282.79,141.395,88.0,16,0.0,0.9999999999964638,0.9999999995,19,11.105263157894736,United Kingdom,0
15938,0,113,4,330.23,82.5575,33.333333333333336,19,0.0,0.3202313539038845,0.499999999875,21,9.952380952380953,United Kingdom,0
15939,0,31,1,2945.38,2945.38,48.75,41,0.0,0.9999999999996605,0.9999999989999999,85,18.023529411764706,United Kingdom,1
15941,1,294,1,405.0,405.0,48.75,6,0.5,-0.9999999999975309,-0.9999999989999999,6,10.0,United Kingdom,1
15943,1,306,2,271.28999999999996,135.64499999999998,28.0,12,0.0,-0.999999999996314,-0.9999999995,12,15.25,United Kingdom,0
15944,0,50,2,1250.74,625.37,91.0,21,0.0,0.9999999999992005,0.9999999995,24,19.875,United Kingdom,0
15945,1,22,3,521.44,173.81333333333336,163.5,15,0.0,0.13129027308965316,0.3333333332222222,18,11.555555555555555,United Kingdom,0
15946,1,159,3,2304.18,768.06,65.5,25,0.0,-0.0025432040899571024,0.3333333332222222,26,62.07692307692308,United Kingdom,0
15948,1,81,1,553.85,553.85,48.75,35,0.0,0.9999999999981944,0.9999999989999999,35,8.142857142857142,United Kingdom,1
15950,1,16,7,5805.02,829.2885714285715,53.5,194,0.2222222222222222,0.2422110518137332,0.1428571428367347,325,8.523076923076923,United Kingdom,0
15951,0,38,1,304.95,304.95,48.75,18,0.0,0.9999999999967208,0.9999999989999999,18,5.944444444444445,United Kingdom,1
15953,0,26,10,1618.6,161.85999999999999,33.0,60,0.09090909090909091,0.5540961324598085,0.39999999996,78,9.461538461538462,United Kingdom,0
15954,1,246,1,190.75,190.75,48.75,20,0.0,-0.9999999999947576,-0.9999999989999999,20,5.95,United Kingdom,1
15955,0,29,9,4242.1,471.3444444444445,34.75,115,0.1,0.23451592371697166,0.3333333332962963,179,11.608938547486034,United Kingdom,0
15956,1,208,1,291.2,291.2,48.75,17,0.0,-0.999999999996566,-0.9999999989999999,17,8.823529411764707,United Kingdom,1
15957,1,77,2,492.36,246.18,0.0,88,0.0,0.999999999997969,0.9999999995,104,2.326923076923077,United Kingdom,0
15958,1,60,3,357.77,119.25666666666666,73.0,45,0.0,0.6419487380142496,0.3333333332222222,58,2.086206896551724,United Kingdom,0
15959,1,339,3,542.8900000000001,180.96333333333337,0.0,58,0.0,-0.999999999998158,-0.9999999996666666,71,3.788732394366197,United Kingdom,0
15960,1,31,4,410.95000000000005,102.73750000000001,19.666666666666668,24,0.2,0.9999999999975666,0.99999999975,26,9.923076923076923,United Kingdom,0
15961,1,36,1,451.28999999999996,451.28999999999996,48.75,42,0.0,0.9999999999977841,0.9999999989999999,42,3.6666666666666665,United Kingdom,1
15962,1,106,1,289.48,289.48,48.75,43,0.0,0.9999999999965455,0.9999999989999999,55,4.1454545454545455,United Kingdom,1
15964,1,320,1,269.21000000000004,269.21000000000004,48.75,20,0.0,-0.9999999999962854,-0.9999999989999999,20,4.65,United Kingdom,1
15965,1,24,9,1949.76,216.64,36.5,143,0.1,0.31171015919892103,0.3333333332962963,235,3.65531914893617,United Kingdom,0
15966,1,107,1,426.53000000000003,426.53000000000003,48.75,27,0.5,0.9999999999976555,0.9999999989999999,27,10.185185185185185,United Kingdom,1
15967,0,36,9,2411.61,267.9566666666667,35.875,254,0.0,0.2538014023825354,0.11111111109876542,370,2.5081081081081082,United Kingdom,0
15968,1,45,1,404.55,404.55,48.75,70,0.0,0.9999999999975281,0.9999999989999999,80,3.0875,United Kingdom,1
15969,0,82,2,460.95,230.475,96.0,15,0.0,0.9999999999978306,0.9999999995,15,6.6,United Kingdom,0
15970,0,255,1,703.22,703.22,48.75,13,0.0,-0.999999999998578,-0.9999999989999999,13,29.384615384615383,United Kingdom,1
15971,0,42,4,1256.7000000000003,314.17500000000007,12.666666666666666,1,0.0,0.9999999999992043,0.99999999975,4,106.5,United Kingdom,0
15972,1,113,5,1769.33,353.866,35.5,104,0.0,-0.22240622156396916,0.19999999996,139,3.366906474820144,United Kingdom,0
15973,1,23,3,680.6200000000001,226.87333333333336,31.0,8,0.0,0.9999999999985307,0.9999999996666666,11,17.727272727272727,United Kingdom,0
15976,0,67,4,1266.77,316.6925,46.333333333333336,203,0.0,0.6836679113014331,0.499999999875,282,2.7588652482269502,United Kingdom,0
15978,1,89,2,2180.64,1090.32,211.0,72,0.5,0.4505099420351592,0.0,80,19.45,United Kingdom,0
15979,1,259,1,329.22,329.22,48.75,22,0.0,-0.9999999999969625,-0.9999999989999999,22,20.454545454545453,United Kingdom,1
15980,0,147,4,4144.82,1036.205,21.666666666666668,65,0.3333333333333333,-0.026650131971948935,0.0,72,45.30555555555556,United Kingdom,0
15981,0,58,13,5954.29,458.02230769230766,17.833333333333332,106,0.3157894736842105,0.011858676685211471,0.07692307691715976,191,15.502617801047121,United Kingdom,0
15982,1,262,1,324.51,324.51,48.75,45,0.0,-0.9999999999969185,-0.9999999989999999,45,2.911111111111111,United Kingdom,1
15983,1,17,4,1599.03,399.7575,10.0,77,0.0,0.9999999999993746,0.99999999975,135,7.525925925925926,United Kingdom,0
15984,0,25,18,4398.01,244.3338888888889,18.58823529411765,269,0.05263157894736842,0.06340822326459841,-0.11111111110493826,386,7.652849740932642,United Kingdom,0
15985,0,93,5,1572.8600000000001,314.572,30.75,34,0.0,0.3795760588988342,0.59999999988,67,24.83582089552239,United Kingdom,0
15986,1,38,1,186.3,186.3,48.75,11,0.0,0.9999999999946324,0.9999999989999999,11,9.090909090909092,United Kingdom,1
15987,0,25,2,216.7,108.35,10.0,47,0.0,0.9999999999953854,0.9999999995,50,3.04,United Kingdom,0
15988,1,208,2,582.11,291.055,105.0,93,0.0,-0.9999999999982822,-0.9999999995,94,3.148936170212766,United Kingdom,0
15989,1,32,1,228.15,228.15,48.75,47,0.0,0.999999999995617,0.9999999989999999,49,2.326530612244898,United Kingdom,1
15990,0,151,5,1205.64,241.12800000000001,38.25,86,0.0,-0.4032049367967195,-0.59999999988,125,5.144,United Kingdom,0
15991,1,191,1,150.55,150.55,48.75,6,0.0,-0.9999999999933578,-0.9999999989999999,6,6.833333333333333,United Kingdom,1
15992,1,53,2,854.61,427.305,57.0,51,0.0,0.9999999999988299,0.9999999995,51,9.745098039215685,United Kingdom,0
15994,1,68,2,761.4100000000001,380.70500000000004,224.0,69,0.5,-0.02562351426954514,0.0,76,3.8026315789473686,United Kingdom,0
15995,1,71,1,694.54,694.54,48.75,108,0.0,0.9999999999985603,0.9999999989999999,110,3.2,United Kingdom,1
15996,0,23,2,617.0699999999999,308.53499999999997,31.0,68,0.0,0.9999999999983794,0.9999999995,78,4.589743589743589,United Kingdom,0
15998,0,19,10,4994.07,499.407,35.77777777777778,490,0.2857142857142857,0.050141467780777944,0.0,878,3.6708428246013667,United Kingdom,0
16001,1,38,1,583.39,583.39,48.75,29,0.5,0.9999999999982859,0.9999999989999999,29,11.620689655172415,United Kingdom,1
16002,1,282,1,169.21,169.21,48.75,42,0.0,-0.9999999999940903,-0.9999999989999999,42,1.6666666666666667,United Kingdom,1
16003,0,16,5,3671.59,734.318,66.25,91,0.0,0.6680457240594216,0.19999999996,102,10.607843137254902,United Kingdom,0
16004,1,131,5,2146.39,429.27799999999996,52.0,63,0.0,-0.6431682965348127,-0.19999999996,90,11.955555555555556,United Kingdom,0
16005,0,32,6,1786.78,297.7966666666667,14.4,170,0.14285714285714285,0.9999999999994403,0.9999999998333333,283,3.4946996466431095,United Kingdom,0
16006,0,44,1,231.42,231.42,48.75,67,0.0,0.9999999999956789,0.9999999989999999,70,1.7285714285714286,United Kingdom,1
16007,0,40,3,1359.25,453.0833333333333,79.0,206,0.0,0.47496045613354787,0.3333333332222222,276,4.503623188405797,United Kingdom,0
16008,0,39,12,4860.35,405.0291666666667,22.0,58,0.0,0.6504819611755016,0.33333333330555553,220,13.245454545454546,United Kingdom,0
16010,0,19,9,1412.56,156.95111111111112,5.75,89,0.1,0.9999999999992921,0.9999999998888889,234,3.2606837606837606,United Kingdom,0
16011,0,19,12,2109.12,175.76,24.545454545454547,112,0.0,0.5207479896826541,0.33333333330555553,187,6.545454545454546,United Kingdom,0
16012,1,58,2,1563.3000000000002,781.6500000000001,128.0,138,0.0,-0.24778353483000842,0.0,145,6.627586206896551,United Kingdom,0
16013,0,14,40,20679.84,516.996,8.35897435897436,30,0.09090909090909091,0.6286122136341177,0.34999999999125003,80,136.4,United Kingdom,0
16014,0,65,2,453.45,226.725,269.0,127,0.0,-0.08907266512274985,0.0,137,1.489051094890511,United Kingdom,0
16016,0,23,4,980.91,245.2275,11.333333333333334,87,0.3333333333333333,0.9999999999989806,0.99999999975,139,3.0,United Kingdom,0
16017,1,74,4,1333.7,333.425,95.0,81,0.0,-0.3906425732920517,-0.499999999875,98,5.438775510204081,United Kingdom,0
16018,0,53,1,93.44999999999999,93.44999999999999,48.75,8,0.0,0.999999999989299,0.9999999989999999,8,13.75,United Kingdom,1
16019,0,21,17,12772.19,751.3052941176471,20.3125,147,0.2916666666666667,0.4872469012753109,0.2941176470415225,236,21.10593220338983,United Kingdom,0
16021,1,52,2,487.03,243.515,149.0,117,0.0,0.3904276943917409,0.0,126,2.1904761904761907,United Kingdom,0
16024,1,68,2,232.96,116.48,0.0,21,0.0,0.9999999999957074,0.9999999995,22,4.863636363636363,United Kingdom,0
16027,0,114,9,1113.74,123.74888888888889,29.75,11,0.18181818181818182,-0.7258965288121771,-0.5555555554938272,19,50.10526315789474,United Kingdom,0
16028,1,252,1,82.2,82.2,48.75,5,0.0,-0.9999999999878345,-0.9999999989999999,5,3.6,United Kingdom,1
16029,0,10,45,44381.46,986.2546666666666,7.568181818181818,32,0.08163265306122448,0.04135465575039569,0.022222222221728396,153,128.90196078431373,United Kingdom,0
16032,1,113,6,1965.72,327.62,13.0,130,0.0,0.9999999999994913,0.9999999998333333,210,6.985714285714286,United Kingdom,0
16033,0,17,9,2137.73,237.52555555555557,15.125,180,0.18181818181818182,0.9999999999995323,0.9999999998888889,275,2.792727272727273,United Kingdom,0
16034,0,51,3,473.62,157.87333333333333,7.0,28,0.25,0.9999999999978886,0.9999999996666666,34,10.088235294117647,United Kingdom,0
16035,1,217,1,217.73,217.73,48.75,21,0.0,-0.9999999999954072,-0.9999999989999999,21,1.5714285714285714,United Kingdom,1
16036,0,81,2,1797.92,898.96,196.0,79,0.0,0.05593129838921866,0.0,85,7.682352941176471,United Kingdom,0
16037,0,15,3,954.78,318.26,144.0,44,0.4,-0.3706194097065601,-0.3333333332222222,47,10.595744680851064,United Kingdom,0
16039,1,80,2,456.40000000000003,228.20000000000002,204.0,27,0.3333333333333333,0.3712532865898964,0.0,32,12.78125,United Kingdom,0
16040,0,87,4,1103.35,275.8375,59.333333333333336,50,0.2,0.018806362441637917,0.0,60,8.35,United Kingdom,0
16042,0,36,3,1067.85,355.95,37.0,50,0.5,0.9999999999990635,0.9999999996666666,59,11.64406779661017,United Kingdom,0
16043,0,36,4,1082.6000000000001,270.65000000000003,33.666666666666664,29,0.0,0.9999999999990763,0.99999999975,34,14.941176470588236,United Kingdom,0
16044,1,92,1,340.84000000000003,340.84000000000003,48.75,19,0.0,0.9999999999970661,0.9999999989999999,19,8.947368421052632,United Kingdom,1
16045,0,73,4,2094.23,523.5575,27.0,59,0.2,0.9999999999995225,0.99999999975,65,18.630769230769232,United Kingdom,0
16046,1,219,1,235.78,235.78,48.75,22,0.0,-0.9999999999957588,-0.9999999989999999,22,11.272727272727273,United Kingdom,1
16047,1,339,1,107.14,107.14,48.75,1,0.0,-0.9999999999906664,-0.9999999989999999,1,1.0,EIRE,1
16048,1,30,4,818.7900000000001,204.69750000000002,58.333333333333336,30,0.2,0.5090316198286386,0.499999999875,36,11.805555555555555,United Kingdom,0
16049,1,32,3,777.34,259.11333333333334,70.0,175,0.0,0.9999999999987136,0.9999999996666666,186,1.9838709677419355,United Kingdom,0
16050,0,40,2,162.8,81.4,17.0,9,0.0,0.9999999999938576,0.9999999995,11,10.0,United Kingdom,0
16051,1,338,1,188.44,188.44,48.75,12,0.0,-0.9999999999946934,-0.9999999989999999,12,6.666666666666667,United Kingdom,1
16053,1,70,4,2122.8900000000003,530.7225000000001,65.33333333333333,101,0.3333333333333333,0.4039634648990744,0.499999999875,110,11.581818181818182,United Kingdom,0
16054,1,75,3,1327.98,442.66,99.0,49,0.5,0.3185439539749706,0.3333333332222222,52,7.903846153846154,United Kingdom,0
16057,0,176,3,1591.73,530.5766666666667,90.5,91,0.5,-0.5900058426990822,-0.3333333332222222,97,8.536082474226804,United Kingdom,0
16058,1,63,1,62.7,62.7,48.75,2,0.0,0.9999999999840511,0.9999999989999999,2,9.0,United Kingdom,1
16059,0,24,7,1718.66,245.52285714285716,33.0,145,0.0,0.16992307960843334,0.1428571428367347,231,3.6406926406926408,United Kingdom,0
16060,1,57,3,541.95,180.65,46.5,22,0.0,0.9999999999981548,0.9999999996666666,24,10.125,United Kingdom,0
16061,1,88,1,89.65,89.65,48.75,3,0.5,0.9999999999888455,0.9999999989999999,3,6.333333333333333,United Kingdom,1
16062,0,21,5,1957.39,391.478,42.5,102,0.0,0.44485258430846947,0.59999999988,128,10.6171875,United Kingdom,0
16065,1,22,8,1992.13,249.01625,13.571428571428571,214,0.2,0.9999999999994981,0.999999999875,353,3.4192634560906514,United Kingdom,0
16067,1,219,3,3269.11,1089.7033333333334,55.5,60,0.5,-0.9999999999996941,-0.9999999996666666,68,18.176470588235293,United Kingdom,0
16068,1,250,1,115.73,115.73,48.75,34,0.0,-0.9999999999913591,-0.9999999989999999,35,1.3714285714285714,United Kingdom,1
16069,1,74,1,457.7,457.7,48.75,25,0.0,0.9999999999978152,0.9999999989999999,25,5.52,United Kingdom,1
16071,1,184,3,750.5600000000001,250.1866666666667,63.5,47,0.0,-0.9999999999986676,-0.9999999996666666,52,9.942307692307692,United Kingdom,0
16072,0,85,3,3595.77,1198.59,60.0,399,0.0,0.02855855630364887,0.3333333332222222,508,2.8346456692913384,United Kingdom,0
16074,1,47,1,252.5,252.5,48.75,23,0.0,0.9999999999960396,0.9999999989999999,25,1.52,United Kingdom,1
16075,1,159,2,736.9300000000001,368.46500000000003,61.0,41,0.3333333333333333,-0.27474794078097686,0.0,41,6.609756097560975,United Kingdom,0
16077,1,282,1,2300.4,2300.4,48.75,8,0.5,-0.9999999999995653,-0.9999999989999999,8,105.0,United Kingdom,1
16078,0,326,1,283.79,283.79,48.75,38,0.0,-0.9999999999964763,-0.9999999989999999,38,4.842105263157895,United Kingdom,1
16080,0,42,2,385.40000000000003,192.70000000000002,64.0,20,0.3333333333333333,0.9999999999974053,0.9999999995,20,8.5,United Kingdom,0
16081,0,23,4,1637.1399999999999,409.28499999999997,102.0,144,0.0,0.6770099075212402,0.0,167,4.532934131736527,United Kingdom,0
16082,1,327,1,106.75,106.75,48.75,16,0.0,-0.9999999999906323,-0.9999999989999999,16,2.4375,United Kingdom,1
16083,1,17,3,1371.78,457.26,13.5,51,0.0,0.999999999999271,0.9999999996666666,57,17.36842105263158,United Kingdom,0
16085,0,37,7,1359.52,194.21714285714285,51.0,168,0.125,0.0001618218194655948,0.1428571428367347,208,3.5865384615384617,United Kingdom,0
16086,0,24,5,1459.05,291.81,56.75,42,0.0,0.08665227373970275,0.19999999996,71,10.661971830985916,United Kingdom,0
16087,1,46,5,1739.92,347.98400000000004,74.5,6,0.0,-0.14630557726783625,-0.19999999996,10,66.4,United Kingdom,0
16088,1,232,2,1437.4299999999998,718.7149999999999,15.0,3,0.0,-0.9999999999993043,-0.9999999995,6,62.166666666666664,United Kingdom,0
16089,1,43,2,263.49,131.745,122.0,42,0.0,0.9999999999962048,0.9999999995,47,2.5319148936170213,United Kingdom,0
16090,1,281,1,180.56,180.56,48.75,18,0.0,-0.9999999999944618,-0.9999999989999999,18,3.2222222222222223,United Kingdom,1
16092,0,161,3,770.08,256.6933333333333,37.0,28,0.4,-0.2295345938081374,-0.3333333332222222,39,14.35897435897436,United Kingdom,0
16094,0,32,7,2617.33,373.9042857142857,37.5,74,0.4166666666666667,0.18565866742054468,0.1428571428367347,133,10.323308270676693,United Kingdom,0
16095,1,113,1,447.05,447.05,48.75,30,0.0,0.9999999999977631,0.9999999989999999,30,8.833333333333334,United Kingdom,1
16096,0,73,3,1264.35,421.45,114.0,49,0.0,-0.39750860125724885,-0.3333333332222222,54,10.092592592592593,United Kingdom,0
16098,0,30,7,2280.98,325.8542857142857,47.666666666666664,66,0.0,0.11116274583726678,-0.1428571428367347,89,14.696629213483146,United Kingdom,0
16099,0,74,4,841.3,210.325,76.0,21,0.2,0.0890288838700951,0.0,30,17.533333333333335,United Kingdom,0
16100,1,119,1,582.64,582.64,48.75,37,0.0,0.9999999999982837,0.9999999989999999,37,11.837837837837839,United Kingdom,1
16101,1,91,3,1938.46,646.1533333333333,63.0,94,0.25,0.15034615106829632,0.3333333332222222,116,9.370689655172415,United Kingdom,0
16103,0,46,16,4762.07,297.629375,20.333333333333332,92,0.23809523809523808,0.20901204728191541,0.1249999999921875,152,13.69078947368421,United Kingdom,0
16104,1,75,5,1301.3600000000001,260.27200000000005,64.5,97,0.2857142857142857,-0.07381508575638274,-0.19999999996,109,4.743119266055046,United Kingdom,0
16105,0,95,4,2049.23,512.3075,54.666666666666664,80,0.0,0.10649365859366373,0.0,97,18.50515463917526,United Kingdom,0
16108,1,91,3,1393.42,464.47333333333336,98.0,79,0.5,-0.23579394583095128,-0.3333333332222222,87,9.862068965517242,United Kingdom,0
16109,0,355,1,327.6,327.6,48.75,13,0.5,-0.9999999999969476,-0.9999999989999999,13,36.92307692307692,United Kingdom,1
16110,0,179,1,460.64,460.64,48.75,84,0.0,0.9999999999978292,0.9999999989999999,88,1.8181818181818181,United Kingdom,1
16111,1,85,1,549.33,549.33,48.75,72,0.0,0.9999999999981796,0.9999999989999999,73,3.191780821917808,United Kingdom,1
16115,0,54,4,892.9200000000001,223.23000000000002,58.666666666666664,99,0.0,0.045871970613217426,0.0,140,4.25,United Kingdom,0
16117,0,59,2,422.19,211.095,189.0,46,0.3333333333333333,0.3675833155679491,0.0,59,3.23728813559322,United Kingdom,0
16118,1,309,1,4376.25,4376.25,48.75,41,0.8,-0.9999999999997714,-0.9999999989999999,41,69.53658536585365,United Kingdom,1
16119,1,51,5,1114.05,222.81,47.75,26,0.0,0.03964813069427791,0.19999999996,29,15.827586206896552,United Kingdom,0
16120,1,79,2,1658.3700000000001,829.1850000000001,0.0,60,0.0,0.999999999999397,0.9999999995,62,20.693548387096776,United Kingdom,0
16121,0,47,3,595.38,198.46,87.5,112,0.25,0.4925257818527789,0.3333333332222222,140,2.164285714285714,United Kingdom,0
16122,0,23,3,316.92,105.64,29.0,15,0.0,0.9999999999968446,0.9999999996666666,26,10.384615384615385,United Kingdom,0
16124,0,75,2,1060.49,530.245,165.0,48,0.3333333333333333,0.1161821422171674,0.0,50,8.62,United Kingdom,0
16125,1,24,13,3602.6400000000003,277.1261538461539,26.0,125,0.0,-0.23154686563180565,-0.2307692307514793,222,6.648648648648648,United Kingdom,0
16126,0,36,10,8182.7300000000005,818.273,33.55555555555556,118,0.0,0.38755403147844447,0.0,254,15.437007874015748,United Kingdom,0
16128,0,37,6,1920.8300000000002,320.1383333333334,25.8,82,0.25,0.9999999999994794,0.9999999998333333,93,15.666666666666666,United Kingdom,0
16129,1,64,3,1396.05,465.34999999999997,49.5,91,0.0,0.9999999999992837,0.9999999996666666,96,13.135416666666666,United Kingdom,0
16130,1,79,4,987.48,246.87,64.33333333333333,53,0.0,-0.4445862194672858,-0.499999999875,55,5.381818181818182,United Kingdom,0
16131,0,32,5,5132.91,1026.5819999999999,55.25,75,0.2857142857142857,-0.23983081721669772,0.59999999988,95,23.63157894736842,United Kingdom,0
16132,1,201,2,664.2,332.1,83.0,14,0.0,-0.9999999999984944,-0.9999999995,17,16.470588235294116,United Kingdom,0
16133,0,33,23,8403.22,365.3573913043478,10.5,129,0.28125,0.5889813666665172,0.5652173912797731,206,23.135922330097088,United Kingdom,0
16134,1,16,4,1810.78,452.695,60.0,71,0.3333333333333333,-0.0014137553982253679,0.499999999875,97,14.68041237113402,United Kingdom,0
16135,0,240,1,301.9,301.9,48.75,18,0.0,-0.9999999999966876,-0.9999999989999999,18,10.333333333333334,United Kingdom,1
16136,0,320,1,237.42,237.42,48.75,9,0.5,-0.9999999999957881,-0.9999999989999999,9,26.0,United Kingdom,1
16137,1,337,1,422.7,422.7,48.75,28,0.0,-0.9999999999976342,-0.9999999989999999,28,7.5,United Kingdom,1
16138,1,35,3,910.3500000000001,303.45000000000005,106.0,35,0.25,-0.2929312901628022,-0.3333333332222222,37,20.91891891891892,United Kingdom,0
16140,1,28,2,832.42,416.21,70.0,33,0.0,0.9999999999987987,0.9999999995,36,17.944444444444443,United Kingdom,0
16141,1,74,1,335.54,335.54,48.75,20,0.0,0.9999999999970197,0.9999999989999999,20,8.6,United Kingdom,1
16143,0,11,7,2641.14,377.30571428571426,50.666666666666664,68,0.36363636363636365,0.3660767698795346,0.4285714285102041,117,8.777777777777779,United Kingdom,0
16145,0,16,9,3308.73,367.63666666666666,27.625,122,0.3076923076923077,0.3023063229697491,0.5555555554938272,189,12.788359788359788,United Kingdom,0
16146,0,105,1,212.25,212.25,48.75,12,0.0,0.9999999999952887,0.9999999989999999,12,9.75,United Kingdom,1
16147,1,57,4,2023.91,505.9775,90.33333333333333,101,0.3333333333333333,-0.17235450192934845,0.0,114,10.078947368421053,United Kingdom,0
16148,0,93,1,310.3,310.3,48.75,8,0.0,0.9999999999967774,0.9999999989999999,8,22.25,United Kingdom,1
16149,1,86,1,141.70000000000002,141.70000000000002,48.75,12,0.0,0.9999999999929429,0.9999999989999999,12,24.166666666666668,United Kingdom,1
16150,0,29,5,1994.37,398.87399999999997,64.75,84,0.4444444444444444,0.3520560377460792,0.19999999996,108,9.027777777777779,United Kingdom,0
16153,0,11,7,3524.27,503.46714285714285,34.0,111,0.2222222222222222,0.2077905495321846,0.7142857141836735,147,18.333333333333332,United Kingdom,0
16155,1,38,5,796.9,159.38,39.25,45,0.16666666666666666,0.4262768226873807,0.59999999988,48,10.3125,United Kingdom,0
16156,0,39,9,2694.04,299.3377777777778,38.0,98,0.18181818181818182,0.2682142804114756,0.3333333332962963,123,14.585365853658537,United Kingdom,0
16158,1,179,7,423.8,60.542857142857144,27.0,18,0.125,-0.6642284096256154,-0.7142857141836735,22,3.727272727272727,United Kingdom,0
16159,0,127,2,567.04,283.52,176.0,21,0.3333333333333333,-0.19730530474005833,0.0,26,9.076923076923077,United Kingdom,0
16161,0,16,27,7622.6900000000005,282.3218518518519,11.5,287,0.25,0.6883226262643911,0.33333333332098763,725,5.4206896551724135,United Kingdom,0
16163,0,22,3,1154.7,384.90000000000003,90.5,17,0.4,0.4418463670213546,0.3333333332222222,23,12.347826086956522,United Kingdom,0
16165,1,162,1,79.9,79.9,48.75,1,0.0,0.9999999999874843,0.9999999989999999,1,2.0,United Kingdom,1
16166,1,85,2,435.83000000000004,217.91500000000002,263.0,18,0.5,-0.10061262418809944,0.0,22,7.863636363636363,United Kingdom,0
16167,1,71,4,900.33,225.0825,67.33333333333333,42,0.2,0.13931558428560717,0.499999999875,48,10.770833333333334,United Kingdom,0
16168,0,26,38,6479.87,170.5228947368421,7.783783783783784,100,0.11627906976744186,0.409698034065435,0.2631578947299169,203,15.187192118226601,United Kingdom,0
16170,0,52,14,4983.95,355.99642857142857,19.76923076923077,187,0.2222222222222222,0.07439280089084471,0.0,315,13.606349206349206,United Kingdom,0
16172,0,130,3,744.3399999999999,248.11333333333332,19.0,41,0.0,0.9999999999986565,0.9999999996666666,44,14.363636363636363,United Kingdom,0
16174,1,148,4,1237.2,309.3,37.0,15,0.0,-0.3913676042673849,-0.499999999875,42,18.571428571428573,United Kingdom,0
16175,0,128,3,798.8499999999999,266.2833333333333,45.5,32,0.0,0.2748325718216501,0.3333333332222222,40,9.975,United Kingdom,0
16176,1,78,4,2052.69,513.1725,65.66666666666667,53,0.42857142857142855,-0.11131247290135801,-0.499999999875,72,13.222222222222221,United Kingdom,0
16177,1,93,7,1915.36,273.62285714285713,34.5,66,0.36363636363636365,0.2614652075848606,0.4285714285102041,103,8.990291262135923,United Kingdom,0
16178,1,58,1,414.7,414.7,48.75,17,0.0,0.9999999999975886,0.9999999989999999,17,12.352941176470589,United Kingdom,1
16180,0,135,5,5995.6900000000005,1199.1380000000001,13.5,106,0.16666666666666666,0.32700990211296327,0.19999999996,165,23.915151515151514,United Kingdom,0
16182,0,95,5,3354.0,670.8,50.0,8,0.0,0.27906976744177725,0.19999999996,23,91.1304347826087,United Kingdom,0
16183,1,51,3,739.1,246.36666666666667,5.5,17,0.0,0.999999999998647,0.9999999996666666,26,9.153846153846153,United Kingdom,0
16185,0,221,1,115.31,115.31,48.75,9,0.0,-0.9999999999913277,-0.9999999989999999,9,6.777777777777778,United Kingdom,1
16186,0,29,14,4629.83,330.70214285714286,19.76923076923077,108,0.17647058823529413,0.23515550246980235,0.2857142856938775,286,12.346153846153847,United Kingdom,0
16188,0,65,1,105.80000000000001,105.80000000000001,48.75,7,0.5,0.9999999999905481,0.9999999989999999,7,8.0,United Kingdom,1
16190,1,51,6,2311.55,385.2583333333334,40.2,80,0.0,0.31643269667525403,0.33333333327777775,101,10.089108910891088,United Kingdom,0
16191,0,17,12,10776.300000000001,898.0250000000001,16.636363636363637,57,0.2,0.62486567745881,0.8333333332638889,95,68.97894736842105,United Kingdom,0
16193,0,67,1,315.98,315.98,48.75,19,0.0,0.9999999999968353,0.9999999989999999,19,8.421052631578947,United Kingdom,1
16194,1,32,1,308.59999999999997,308.59999999999997,48.75,8,0.0,0.9999999999967596,0.9999999989999999,8,17.5,United Kingdom,1
16196,1,145,1,93.3,93.3,48.75,4,0.0,0.9999999999892818,0.9999999989999999,4,6.5,United Kingdom,1
16197,1,126,8,1899.4099999999999,237.42624999999998,21.0,48,0.0,-0.10684896889028339,-0.24999999996875,89,15.303370786516854,United Kingdom,0
16198,1,94,1,629.36,629.36,48.75,18,0.0,0.999999999998411,0.9999999989999999,18,14.166666666666666,United Kingdom,1
16199,1,49,7,942.75,134.67857142857142,39.166666666666664,2,0.0,0.7199681782013048,0.4285714285102041,10,32.1,United Kingdom,0
16200,0,39,7,2563.13,366.1614285714286,50.5,160,0.125,-0.1567653611014046,-0.4285714285102041,239,4.958158995815899,United Kingdom,0
16201,1,72,1,248.65,248.65,48.75,13,0.0,0.9999999999959783,0.9999999989999999,13,10.384615384615385,United Kingdom,1
16202,1,17,7,1909.82,272.83142857142855,47.666666666666664,80,0.125,0.12538354399884524,-0.1428571428367347,91,11.054945054945055,United Kingdom,0
16203,0,29,3,521.64,173.88,66.0,41,0.0,0.999999999998083,0.9999999996666666,42,8.214285714285714,United Kingdom,0
16204,1,37,1,321.26,321.26,48.75,38,0.5,0.9999999999968873,0.9999999989999999,38,5.973684210526316,United Kingdom,1
16205,0,53,3,1062.48,354.16,72.5,89,0.0,0.5856674949170001,0.3333333332222222,100,9.36,United Kingdom,0
16206,0,44,9,2052.81,228.09,36.5,139,0.0,0.25089998587290063,0.3333333332962963,177,6.254237288135593,United Kingdom,0
16208,0,51,8,2776.19,347.02375,36.57142857142857,141,0.0,0.08089143754567205,0.24999999996875,187,6.459893048128342,United Kingdom,0
16209,0,39,4,1884.16,471.04,54.666666666666664,17,0.0,-0.25626273777160313,0.0,21,34.095238095238095,United Kingdom,0
16210,0,15,16,17750.61,1109.413125,21.8,94,0.1111111111111111,0.5697792920919016,0.249999999984375,145,46.98620689655172,United Kingdom,0
16211,1,78,2,543.5699999999999,271.78499999999997,16.0,12,0.0,0.9999999999981604,0.9999999995,13,28.076923076923077,United Kingdom,0
16212,0,275,2,603.37,301.685,51.0,36,0.0,-0.9999999999983427,-0.9999999995,37,8.837837837837839,United Kingdom,0
16214,0,92,1,975.5,975.5,48.75,54,0.0,0.9999999999989749,0.9999999989999999,54,16.444444444444443,United Kingdom,1
16218,0,30,7,1355.29,193.61285714285714,30.833333333333332,62,0.4166666666666667,0.83295088136057,0.7142857141836735,80,14.3625,United Kingdom,0
16219,1,157,1,40.8,40.8,48.75,1,0.0,0.9999999999754903,0.9999999989999999,1,48.0,United Kingdom,1
16221,0,24,7,1325.8,189.4,19.166666666666668,104,0.125,0.9999999999992457,0.9999999998571428,156,5.044871794871795,United Kingdom,0
16223,1,31,2,1087.0500000000002,543.5250000000001,20.0,101,0.0,0.9999999999990801,0.9999999995,123,5.227642276422764,United Kingdom,0
16224,0,44,1,321.24,321.24,48.75,20,0.0,0.999999999996887,0.9999999989999999,20,21.95,United Kingdom,1
16225,0,59,10,1762.99,176.299,29.22222222222222,122,0.23076923076923078,-0.29299655698540944,-0.19999999998,166,4.746987951807229,United Kingdom,0
16226,0,35,2,417.05,208.525,35.0,20,0.0,0.9999999999976023,0.9999999995,23,14.304347826086957,United Kingdom,0
16227,0,151,2,713.0,356.5,41.0,23,0.5,0.1018232819072906,0.0,28,12.357142857142858,United Kingdom,0
16228,1,42,3,885.71,295.2366666666667,7.0,45,0.25,0.999999999998871,0.9999999996666666,54,10.277777777777779,United Kingdom,0
16229,0,38,4,1857.26,464.315,60.666666666666664,109,0.2,0.20334255839236118,0.0,129,7.550387596899225,United Kingdom,0
16231,1,36,4,1074.47,268.6175,72.33333333333333,69,0.0,0.46429402403002007,0.499999999875,100,5.63,United Kingdom,0
16232,0,77,3,1722.09,574.03,64.5,49,0.4,0.21171367350126197,0.3333333332222222,68,19.102941176470587,United Kingdom,0
16233,0,23,6,1134.73,189.12166666666667,63.6,24,0.3333333333333333,0.08251302071851231,0.33333333327777775,39,10.58974358974359,United Kingdom,0
16234,1,133,3,333.18,111.06,42.5,13,0.25,0.4515877303546083,0.3333333332222222,15,11.333333333333334,United Kingdom,0
16235,0,32,4,1186.4,296.6,31.333333333333332,55,0.2,0.9999999999991571,0.99999999975,69,6.63768115942029,United Kingdom,0
16237,1,94,1,136.65,136.65,48.75,7,0.0,0.9999999999926821,0.9999999989999999,7,8.142857142857142,United Kingdom,1
16238,1,79,1,63.66,63.66,48.75,6,0.0,0.9999999999842916,0.9999999989999999,6,14.166666666666666,United Kingdom,1
16239,0,39,4,1078.0,269.5,26.666666666666668,9,0.0,0.9999999999990724,0.99999999975,16,29.0,United Kingdom,0
16241,0,26,4,1680.2,420.05,12.666666666666666,264,0.0,0.9999999999994048,0.99999999975,321,2.8411214953271027,United Kingdom,0
16242,0,38,7,3824.79,546.3985714285715,41.666666666666664,249,0.3,0.17849084524897363,0.1428571428367347,380,5.136842105263158,United Kingdom,0
16244,0,29,1,1056.63,1056.63,48.75,63,0.0,0.9999999999990536,0.9999999989999999,63,9.825396825396826,United Kingdom,1
16246,1,116,2,821.35,410.675,209.0,79,0.0,0.5935959091731984,0.0,88,3.8181818181818183,United Kingdom,0
16250,0,30,2,401.94,200.97,12.0,22,0.0,0.9999999999975121,0.9999999995,25,6.72,United Kingdom,0
16251,1,169,1,128.31,128.31,48.75,20,0.0,0.9999999999922065,0.9999999989999999,20,2.2,United Kingdom,1
16252,1,39,1,295.09000000000003,295.09000000000003,48.75,21,0.5,0.9999999999966113,0.9999999989999999,21,7.523809523809524,United Kingdom,1
16253,0,77,4,3209.21,802.3025,89.33333333333333,134,0.0,-0.18416058780815708,0.0,160,16.03125,United Kingdom,0
16254,1,35,3,967.44,322.48,126.0,65,0.0,0.6697676341678349,0.3333333332222222,74,7.337837837837838,United Kingdom,0
16255,0,22,8,2284.34,285.5425,45.142857142857146,136,0.2,0.16930054195077382,0.24999999996875,264,4.856060606060606,United Kingdom,0
16256,0,150,2,876.94,438.47,103.0,16,0.0,-0.2996100075258289,0.0,16,63.0625,United Kingdom,0
16258,0,44,10,6739.01,673.9010000000001,27.555555555555557,166,0.09090909090909091,0.23820561180347885,0.19999999998,209,20.124401913875598,United Kingdom,0
16259,1,67,3,340.94,113.64666666666666,97.0,75,0.0,0.07391329852738335,-0.3333333332222222,85,1.6823529411764706,United Kingdom,0
16261,0,43,2,312.62,156.31,56.0,41,0.0,0.9999999999968012,0.9999999995,44,3.477272727272727,United Kingdom,0
16262,1,35,1,755.15,755.15,48.75,46,0.6666666666666666,0.9999999999986757,0.9999999989999999,46,9.695652173913043,United Kingdom,1
16263,1,80,1,348.16,348.16,48.75,19,0.0,0.9999999999971277,0.9999999989999999,21,9.380952380952381,United Kingdom,1
16264,1,95,2,823.53,411.765,7.0,62,0.0,0.9999999999987857,0.9999999995,63,9.777777777777779,United Kingdom,0
16265,0,21,5,2328.98,465.796,10.25,73,0.16666666666666666,0.9999999999995707,0.9999999998,117,8.008547008547009,United Kingdom,0
16266,0,80,7,896.06,128.00857142857143,41.166666666666664,41,0.0,0.18617056893490813,0.1428571428367347,48,8.1875,United Kingdom,0
16267,1,248,1,186.66,186.66,48.75,7,0.0,-0.9999999999946427,-0.9999999989999999,7,28.285714285714285,United Kingdom,1
16269,1,94,1,717.57,717.57,48.75,53,0.5,0.9999999999986064,0.9999999989999999,53,10.924528301886792,United Kingdom,1
16270,1,10,1,1141.24,1141.24,48.75,54,0.0,0.9999999999991238,0.9999999989999999,54,12.74074074074074,United Kingdom,1
16271,1,15,6,2126.4,354.40000000000003,56.2,122,0.0,-0.0678987960872517,0.33333333327777775,185,7.908108108108108,United Kingdom,0
16273,1,305,2,318.34000000000003,159.17000000000002,7.0,15,0.0,-0.9999999999968587,-0.9999999995,15,2.6666666666666665,United Kingdom,0
16274,1,30,1,351.75,351.75,48.75,64,0.0,0.999999999997157,0.9999999989999999,65,2.353846153846154,United Kingdom,1
16275,0,131,2,1591.24,795.62,166.0,76,0.0,0.12541162866687272,0.0,78,11.948717948717949,United Kingdom,0
16276,0,136,2,1818.7900000000002,909.3950000000001,128.0,16,0.0,-0.1627070744834958,0.0,20,52.35,United Kingdom,0
16278,1,137,2,551.46,275.73,18.0,30,0.5,0.9999999999981867,0.9999999995,32,7.125,United Kingdom,0
16279,0,42,6,4195.5,699.25,41.6,165,0.0,0.41019663925624833,0.33333333327777775,242,10.896694214876034,United Kingdom,0
16281,1,80,2,1361.96,680.98,258.0,19,0.3333333333333333,-0.14764016564352278,0.0,22,28.90909090909091,United Kingdom,0
16282,0,144,1,869.28,869.28,48.75,14,0.0,0.9999999999988496,0.9999999989999999,14,42.857142857142854,United Kingdom,1
16283,0,75,3,2779.51,926.5033333333334,115.5,277,0.4,-0.05718633859922895,-0.3333333332222222,416,3.920673076923077,United Kingdom,0
16284,1,50,1,205.8,205.8,48.75,30,0.0,0.999999999995141,0.9999999989999999,30,4.633333333333334,United Kingdom,1
16285,1,303,1,176.9,176.9,48.75,31,0.0,-0.9999999999943472,-0.9999999989999999,31,1.935483870967742,United Kingdom,1
16286,1,134,2,328.95,164.475,146.0,17,0.5,-0.6595227238162046,0.0,17,5.9411764705882355,United Kingdom,0
16287,0,33,4,864.48,216.12,104.0,18,0.0,0.1571349250414618,0.0,34,33.1764705882353,United Kingdom,0
16288,1,127,1,129.85,129.85,48.75,7,0.0,0.9999999999922989,0.9999999989999999,7,2.7142857142857144,United Kingdom,1
16289,1,119,1,136.31,136.31,48.75,21,0.5,0.9999999999926639,0.9999999989999999,21,4.619047619047619,United Kingdom,1
16290,1,121,4,1957.7,489.425,33.0,85,0.0,-0.7766256321189269,0.0,124,7.717741935483871,United Kingdom,0
16291,1,339,1,117.72,117.72,48.75,1,0.0,-0.9999999999915052,-0.9999999989999999,1,1.0,Portugal,1
16292,1,37,4,951.51,237.8775,74.0,38,0.42857142857142855,-0.07031980746385183,0.0,45,11.044444444444444,United Kingdom,0
16293,0,24,5,2083.32,416.66400000000004,50.25,83,0.2857142857142857,0.7267150509759773,0.59999999988,104,9.0,United Kingdom,0
16294,1,133,1,126.05000000000001,126.05000000000001,48.75,8,0.0,0.9999999999920666,0.9999999989999999,8,6.75,United Kingdom,1
16296,1,283,3,937.6700000000001,312.5566666666667,37.0,42,0.4,-0.9999999999989335,-0.9999999996666666,55,8.854545454545455,United Kingdom,0
16298,0,54,4,487.5,121.875,14.333333333333334,16,0.3333333333333333,0.9999999999979488,0.99999999975,20,5.5,United Kingdom,0
16299,1,134,1,193.65,193.65,48.75,12,0.5,0.9999999999948361,0.9999999989999999,12,8.916666666666666,United Kingdom,1
16300,1,87,3,1367.3200000000002,455.77333333333337,122.5,190,0.0,-0.2262820700346471,-0.3333333332222222,238,2.7016806722689077,United Kingdom,0
16303,0,49,4,2567.6400000000003,641.9100000000001,79.0,66,0.2,0.04321478088826961,0.0,124,9.67741935483871,United Kingdom,0
16304,1,351,1,381.66,381.66,48.75,25,0.0,-0.9999999999973799,-0.9999999989999999,25,9.12,United Kingdom,1
16306,0,24,2,560.55,280.275,67.0,27,0.0,0.9999999999982161,0.9999999995,28,9.107142857142858,United Kingdom,0
16307,1,86,3,1194.92,398.3066666666667,73.5,69,0.0,-0.33049911291104794,-0.3333333332222222,75,14.973333333333333,United Kingdom,0
16308,0,63,2,1600.0,800.0,137.0,1,0.0,0.199999999999875,0.0,2,2500.0,United Kingdom,0
16310,1,71,2,460.08,230.04,227.0,26,0.0,0.17240479916498783,0.0,28,9.642857142857142,United Kingdom,0
16312,1,89,1,171.15,171.15,48.75,10,0.0,0.9999999999941572,0.9999999989999999,10,5.3,United Kingdom,1
16314,1,46,3,1491.4,497.1333333333334,41.0,58,0.0,0.9999999999993295,0.9999999996666666,62,10.258064516129032,United Kingdom,0
16315,0,193,1,176.34,176.34,48.75,9,0.0,-0.9999999999943292,-0.9999999989999999,9,7.555555555555555,United Kingdom,1
16316,0,15,6,3114.2200000000003,519.0366666666667,26.2,121,0.25,0.9999999999996789,0.9999999998333333,166,10.86144578313253,United Kingdom,0
16317,0,207,2,850.86,425.43,34.0,47,0.3333333333333333,-0.9999999999988247,-0.9999999995,48,7.208333333333333,United Kingdom,0
16320,0,110,4,4590.530000000001,1147.6325000000002,75.66666666666667,138,0.3333333333333333,0.6413703864258286,0.499999999875,185,13.983783783783784,Unspecified,0
16321,0,283,1,34.8,34.8,48.75,2,0.0,-0.9999999999712644,-0.9999999989999999,2,12.0,Australia,1
16323,0,234,1,146.16,146.16,48.75,3,0.0,-0.9999999999931583,-0.9999999989999999,3,32.0,United Kingdom,1
16325,0,81,7,2657.72,379.6742857142857,45.333333333333336,87,0.3,0.324451033216319,0.1428571428367347,99,20.585858585858585,United Kingdom,0
16326,0,40,10,1682.03,168.203,32.55555555555556,122,0.09090909090909091,-0.335826352680787,-0.39999999996,167,2.4011976047904193,United Kingdom,0
16327,0,26,10,6176.36,617.636,34.666666666666664,226,0.2857142857142857,-0.3270793800878953,-0.19999999998,529,10.48015122873346,United Kingdom,0
16328,1,220,1,310.83,310.83,48.75,16,0.0,-0.9999999999967828,-0.9999999989999999,16,8.8125,United Kingdom,1
16329,1,84,3,1414.86,471.61999999999995,108.0,61,0.0,0.4306291788583813,0.3333333332222222,74,9.22972972972973,United Kingdom,0
16330,1,81,4,373.46999999999997,93.36749999999999,79.0,71,0.0,0.7245829651625979,0.499999999875,78,2.2948717948717947,United Kingdom,0
16331,1,89,6,2037.7,339.6166666666667,41.6,33,0.0,-0.42523433282601697,0.33333333327777775,34,22.235294117647058,United Kingdom,0
16332,0,88,4,417.21000000000004,104.30250000000001,52.0,41,0.2,0.483473550489002,0.499999999875,46,7.195652173913044,United Kingdom,0
16334,1,149,1,263.73,263.73,48.75,54,0.0,0.9999999999962083,0.9999999989999999,54,3.814814814814815,United Kingdom,1
16335,1,208,5,1954.3700000000001,390.874,34.75,159,0.16666666666666666,-0.9999999999994883,-0.9999999998,262,2.8206106870229006,United Kingdom,0
16336,1,77,4,3517.6899999999996,879.4224999999999,70.0,64,0.0,-0.01651936355960406,0.0,68,21.66176470588235,United Kingdom,0
16340,1,96,2,961.9300000000001,480.96500000000003,111.0,170,0.0,0.23894670090314368,0.0,216,3.8564814814814814,United Kingdom,0
16341,0,94,3,1878.92,626.3066666666667,86.0,67,0.25,0.18859770506451126,0.3333333332222222,81,20.049382716049383,United Kingdom,0
16343,1,64,1,285.54,285.54,48.75,28,0.0,0.9999999999964979,0.9999999989999999,35,4.857142857142857,United Kingdom,1
16344,1,166,3,741.3199999999999,247.10666666666665,79.0,42,0.0,0.14541628446535182,-0.3333333332222222,44,15.636363636363637,United Kingdom,0
16345,1,140,1,613.33,613.33,48.75,68,0.0,0.9999999999983695,0.9999999989999999,71,4.549295774647887,United Kingdom,1
16346,1,42,1,224.51,224.51,48.75,15,0.0,0.9999999999955459,0.9999999989999999,15,19.266666666666666,United Kingdom,1
16347,1,45,9,2595.51,288.39000000000004,30.625,167,0.18181818181818182,0.06099379312733882,-0.3333333332962963,257,5.346303501945525,United Kingdom,0
16348,0,87,1,328.77,328.77,48.75,29,0.0,0.9999999999969584,0.9999999989999999,31,11.580645161290322,United Kingdom,1
16350,0,31,5,1137.42,227.484,12.75,49,0.375,0.9999999999991208,0.9999999998,65,8.184615384615384,United Kingdom,0
16351,0,68,10,2814.9300000000003,281.49300000000005,31.666666666666668,110,0.2857142857142857,-0.26774733297088466,-0.39999999996,154,11.863636363636363,United Kingdom,0
16353,0,11,16,2911.8500000000004,181.99062500000002,22.333333333333332,46,0.1111111111111111,0.17911293507557766,0.0,78,18.192307692307693,United Kingdom,0
16354,1,36,3,723.66,241.22,105.5,87,0.0,0.4243705607599918,0.3333333332222222,101,4.376237623762377,United Kingdom,0
16355,1,32,1,416.35,416.35,48.75,47,0.5,0.9999999999975983,0.9999999989999999,48,3.7291666666666665,United Kingdom,1
16356,0,33,3,204.10000000000002,68.03333333333335,87.5,17,0.0,0.036746692797468235,-0.3333333332222222,28,3.4642857142857144,United Kingdom,0
16357,0,38,1,209.49,209.49,48.75,13,0.0,0.9999999999952266,0.9999999989999999,13,11.0,United Kingdom,1
16358,0,51,1,892.1500000000001,892.1500000000001,48.75,45,0.0,0.9999999999988791,0.9999999989999999,45,16.955555555555556,United Kingdom,1
16359,0,33,7,946.83,135.26142857142858,47.0,52,0.125,0.13262148432122706,0.1428571428367347,59,9.847457627118644,United Kingdom,0
16362,1,94,1,212.17,212.17,48.75,13,0.5,0.9999999999952869,0.9999999989999999,13,9.76923076923077,United Kingdom,1
16365,0,16,7,1796.61,256.6585714285714,44.833333333333336,56,0.0,-0.03661896571874995,0.1428571428367347,70,7.9714285714285715,United Kingdom,0
16366,1,239,2,977.1800000000001,488.59000000000003,98.0,44,0.0,-0.9999999999989767,-0.9999999995,45,11.8,United Kingdom,0
16367,1,19,2,716.9000000000001,358.45000000000005,20.0,119,0.0,0.9999999999986051,0.9999999995,130,4.207692307692308,United Kingdom,0
16368,1,92,1,141.53,141.53,48.75,20,0.0,0.9999999999929344,0.9999999989999999,21,2.6666666666666665,United Kingdom,1
16369,0,93,4,1111.15,277.7875,57.666666666666664,36,0.0,-0.0069747558835377985,0.0,52,10.75,United Kingdom,0
16371,1,105,1,157.2,157.2,48.75,11,0.0,0.9999999999936388,0.9999999989999999,11,9.818181818181818,United Kingdom,1
16372,1,66,3,934.5799999999999,311.52666666666664,98.5,203,0.25,0.7625671424588985,0.3333333332222222,223,2.5291479820627805,United Kingdom,0
16373,1,39,2,309.49,154.745,29.0,25,0.0,0.9999999999967689,0.9999999995,29,4.103448275862069,United Kingdom,0
16374,0,59,3,1256.67,418.89000000000004,92.5,210,0.0,0.2756411786703942,0.3333333332222222,237,2.2531645569620253,United Kingdom,0
16375,1,127,2,104.0,52.0,0.0,11,0.0,0.9999999999903846,0.9999999995,13,5.6923076923076925,United Kingdom,0
16377,0,274,1,632.28,632.28,48.75,5,0.0,-0.9999999999984185,-0.9999999989999999,5,285.6,United Kingdom,1
16381,1,52,2,247.85,123.925,22.0,60,0.0,0.9999999999959653,0.9999999995,61,1.7704918032786885,United Kingdom,0
16382,1,65,2,353.1,176.55,142.0,42,0.0,-0.10886434437805476,0.0,44,3.7954545454545454,United Kingdom,0
16383,0,53,5,2252.9300000000003,450.58600000000007,68.75,198,0.2857142857142857,-0.12228076327266169,0.19999999996,302,3.73841059602649,United Kingdom,0
16384,0,86,2,774.45,387.225,160.0,48,0.0,0.17425269546107008,0.0,48,12.520833333333334,United Kingdom,0
16385,1,23,3,473.69,157.89666666666668,132.0,64,0.0,0.5344634676676002,0.3333333332222222,76,3.75,United Kingdom,0
16386,0,44,1,765.59,765.59,48.75,54,0.0,0.9999999999986938,0.9999999989999999,58,8.53448275862069,United Kingdom,1
16387,0,52,4,788.0999999999999,197.02499999999998,80.66666666666667,68,0.0,0.6442329653589085,0.499999999875,83,4.867469879518072,United Kingdom,0
16388,1,310,1,186.05,186.05,48.75,13,0.0,-0.9999999999946252,-0.9999999989999999,13,6.384615384615385,United Kingdom,1
16390,1,193,3,467.50000000000006,155.83333333333334,70.5,16,0.0,-0.9999999999978609,-0.9999999996666666,21,5.809523809523809,United Kingdom,0
16391,1,57,4,1052.26,263.065,53.333333333333336,261,0.0,0.15728052002341886,0.0,304,2.351973684210526,United Kingdom,0
16392,0,70,2,538.81,269.405,148.0,92,0.0,0.28624190345337647,0.0,101,3.99009900990099,United Kingdom,0
16393,0,19,11,2207.34,200.66727272727275,29.1,159,0.08333333333333333,0.37927097773773893,0.45454545450413225,325,4.203076923076923,United Kingdom,0
16395,0,50,7,1791.69,255.9557142857143,15.833333333333334,283,0.0,0.9999999999994419,0.9999999998571428,378,3.335978835978836,United Kingdom,0
16396,1,133,1,137.8,137.8,48.75,8,0.6666666666666666,0.9999999999927431,0.9999999989999999,8,10.0,United Kingdom,1
16397,1,285,1,123.13,123.13,48.75,9,0.0,-0.9999999999918785,-0.9999999989999999,9,4.777777777777778,United Kingdom,1
16399,0,46,1,222.20000000000002,222.20000000000002,48.75,37,0.0,0.9999999999954996,0.9999999989999999,38,4.973684210526316,United Kingdom,1
16400,1,52,7,2195.94,313.7057142857143,40.5,161,0.0,0.08011147845565897,0.1428571428367347,198,7.929292929292929,United Kingdom,0
16401,0,36,11,2750.83,250.07545454545453,17.2,76,0.42105263157894735,0.8815630191611689,0.6363636363057851,177,12.163841807909604,United Kingdom,0
16402,0,26,1,205.65,205.65,48.75,53,0.0,0.9999999999951374,0.9999999989999999,54,1.8888888888888888,United Kingdom,1
16406,1,107,2,374.01,187.005,203.0,85,0.3333333333333333,-0.09061255046632284,0.0,90,1.5666666666666667,United Kingdom,0
16407,0,46,4,681.97,170.4925,14.0,43,0.0,0.9999999999985337,0.99999999975,57,6.228070175438597,United Kingdom,0
16408,1,248,1,231.93,231.93,48.75,45,0.0,-0.9999999999956884,-0.9999999989999999,45,5.044444444444444,United Kingdom,1
16409,0,37,6,3116.95,519.4916666666667,55.6,243,0.0,0.5836635172201724,0.33333333327777775,460,4.423913043478261,United Kingdom,0
16411,1,26,3,673.24,224.41333333333333,29.0,119,0.0,0.9999999999985146,0.9999999996666666,157,2.5414012738853504,United Kingdom,0
16412,1,50,4,457.2,114.3,93.0,72,0.0,0.28635170603611915,0.0,92,2.4456521739130435,United Kingdom,0
16413,1,32,1,259.83,259.83,48.75,32,0.0,0.9999999999961514,0.9999999989999999,37,3.6486486486486487,United Kingdom,1
16414,0,88,3,424.96000000000004,141.65333333333334,131.5,54,0.0,-0.09455007530098226,-0.3333333332222222,56,3.107142857142857,United Kingdom,0
16415,1,240,2,496.49,248.245,92.0,78,0.0,-0.9999999999979858,-0.9999999995,98,3.36734693877551,United Kingdom,0
16416,1,47,6,1906.48,317.74666666666667,52.4,92,0.0,0.3312911753596517,0.6666666665555555,115,13.269565217391305,United Kingdom,0
16417,1,149,1,35.7,35.7,48.75,1,0.0,0.9999999999719889,0.9999999989999999,1,6.0,United Kingdom,1
16418,0,65,2,397.62,198.81,14.0,55,0.0,0.999999999997485,0.9999999995,61,4.655737704918033,United Kingdom,0
16419,0,234,2,504.99,252.495,90.0,34,0.0,-0.9999999999980198,-0.9999999995,40,6.825,United Kingdom,0
16420,1,53,1,75.0,75.0,48.75,2,0.0,0.9999999999866667,0.9999999989999999,2,60.0,United Kingdom,1
16421,1,33,3,526.27,175.42333333333332,46.0,35,0.0,0.9999999999980999,0.9999999996666666,38,3.236842105263158,United Kingdom,0
16422,0,11,61,29261.79,479.70147540983606,5.3,100,0.18666666666666668,0.2397737800729128,0.24590163934023113,351,93.78062678062678,United Kingdom,0
16424,0,39,1,309.5,309.5,48.75,8,0.0,0.999999999996769,0.9999999989999999,8,15.5,United Kingdom,1
16428,1,70,3,638.49,212.83,42.0,121,0.0,0.9999999999984338,0.9999999996666666,127,4.52755905511811,United Kingdom,0
16430,1,38,6,817.0899999999999,136.18166666666664,59.4,17,0.0,0.4556535999700699,0.33333333327777775,22,9.272727272727273,United Kingdom,0
16433,1,65,1,200.26,200.26,48.75,17,0.0,0.9999999999950065,0.9999999989999999,17,6.352941176470588,United Kingdom,1
16434,0,103,5,1161.8899999999999,232.378,60.5,55,0.16666666666666666,-0.11384038075883798,-0.19999999996,73,7.534246575342466,United Kingdom,0
16435,1,169,3,1003.07,334.3566666666667,0.5,119,0.0,0.999999999999003,0.9999999996666666,125,4.864,United Kingdom,0
16436,1,325,1,126.69,126.69,48.75,24,0.0,-0.9999999999921066,-0.9999999989999999,24,5.083333333333333,United Kingdom,1
16437,1,38,2,301.25,150.625,48.0,17,0.0,0.9999999999966805,0.9999999995,21,9.380952380952381,United Kingdom,0
16440,0,150,1,216.3,216.3,48.75,25,0.0,0.9999999999953768,0.9999999989999999,25,3.6,United Kingdom,1
16441,0,74,3,637.9300000000001,212.64333333333335,104.5,55,0.25,0.2922734469294557,0.3333333332222222,61,5.0,United Kingdom,0
16442,0,17,2,274.68,137.34,243.0,82,0.0,0.07077326343355622,0.0,83,1.6506024096385543,United Kingdom,0
16443,1,177,1,162.24,162.24,48.75,1,0.0,0.9999999999938364,0.9999999989999999,1,96.0,United Kingdom,1
16444,0,47,13,2971.21,228.55461538461537,19.083333333333332,159,0.13333333333333333,0.5445828467188301,0.3846153845857988,287,5.358885017421603,United Kingdom,0
16445,1,43,3,352.65,117.55,12.0,93,0.0,0.9999999999971644,0.9999999996666666,117,1.5042735042735043,United Kingdom,0
16447,1,247,2,471.19,235.595,69.0,27,0.0,-0.9999999999978777,-0.9999999995,34,2.764705882352941,United Kingdom,0
16448,0,128,1,178.13,178.13,48.75,31,0.0,0.9999999999943862,0.9999999989999999,31,3.225806451612903,United Kingdom,1
16450,1,241,2,1193.81,596.905,71.0,27,0.0,-0.9999999999991623,-0.9999999995,32,15.03125,United Kingdom,0
16451,1,218,1,438.53,438.53,48.75,29,0.0,-0.9999999999977197,-0.9999999989999999,29,7.0,United Kingdom,1
16452,1,287,2,332.17,166.085,63.0,14,0.0,-0.9999999999969895,-0.9999999995,18,11.055555555555555,United Kingdom,0
16453,1,187,2,251.71,125.855,17.0,15,0.0,-0.9999999999960272,-0.9999999995,15,9.266666666666667,United Kingdom,0
16454,1,263,2,24.05,12.025,4.0,2,0.6,-0.9999999999584199,-0.9999999995,2,3.0,United Kingdom,0
16455,0,18,7,2686.37,383.76714285714286,42.833333333333336,88,0.2222222222222222,0.32610921057027664,0.7142857141836735,136,15.919117647058824,United Kingdom,0
16456,0,30,9,4630.16,514.4622222222222,30.5,188,0.1,0.27546780240849655,0.11111111109876542,297,8.555555555555555,United Kingdom,0
16458,0,17,13,2402.05,184.77307692307693,16.166666666666668,66,0.0,0.6121646093958859,0.5384615384201183,189,7.021164021164021,United Kingdom,0
16461,0,247,2,1402.9099999999999,701.4549999999999,55.0,196,0.0,-0.9999999999992872,-0.9999999995,220,4.0227272727272725,United Kingdom,0
16465,1,77,2,746.24,373.12,23.0,45,0.3333333333333333,0.99999999999866,0.9999999995,48,10.5,United Kingdom,0
16466,0,40,8,2171.13,271.39125,36.285714285714285,134,0.1111111111111111,-0.25100753985240354,0.0,190,5.221052631578948,United Kingdom,0
16467,1,165,6,2738.04,456.34,38.4,14,0.14285714285714285,-0.9491607135027432,-0.6666666665555555,22,331.6363636363636,United Kingdom,0
16468,1,127,2,712.62,356.31,11.0,37,0.0,0.9999999999985968,0.9999999995,43,7.906976744186046,United Kingdom,0
16469,0,171,1,178.48000000000002,178.48000000000002,48.75,23,0.0,0.9999999999943971,0.9999999989999999,23,3.130434782608696,United Kingdom,1
16470,0,15,7,1689.24,241.32,39.666666666666664,214,0.125,0.6084866567210055,0.1428571428367347,312,2.7243589743589745,United Kingdom,0
16471,0,50,3,966.03,322.01,129.5,40,0.4,-0.3731043549368311,-0.3333333332222222,49,10.795918367346939,United Kingdom,0
16472,1,91,2,789.5999999999999,394.79999999999995,163.0,39,0.0,-0.41094224923960115,0.0,39,6.461538461538462,United Kingdom,0
16473,0,31,1,154.72,154.72,48.75,10,0.0,0.9999999999935367,0.9999999989999999,10,10.0,United Kingdom,1
16476,1,88,1,350.35,350.35,48.75,24,0.6666666666666666,0.9999999999971457,0.9999999989999999,24,7.791666666666667,United Kingdom,1
16477,0,9,6,2144.31,357.385,26.0,110,0.0,0.9999999999995337,0.9999999998333333,133,10.601503759398497,United Kingdom,0
16481,1,339,1,453.38,453.38,48.75,16,0.6666666666666666,-0.9999999999977943,-0.9999999989999999,16,12.5625,United Kingdom,1
16485,1,89,3,1304.3,434.76666666666665,111.5,67,0.4,-0.09218738020387014,-0.3333333332222222,72,8.027777777777779,United Kingdom,0
16486,1,194,1,134.36,134.36,48.75,7,0.0,-0.9999999999925574,-0.9999999989999999,7,3.4285714285714284,United Kingdom,1
16487,1,234,2,209.4,104.7,81.0,28,0.0,-0.9999999999952245,-0.9999999995,35,4.6571428571428575,United Kingdom,0
16489,1,37,2,303.7,151.85,55.0,4,0.0,0.9999999999967073,0.9999999995,6,6.333333333333333,United Kingdom,0
16490,1,93,1,205.41000000000003,205.41000000000003,48.75,13,0.5,0.9999999999951318,0.9999999989999999,13,8.692307692307692,United Kingdom,1
16491,1,70,1,801.66,801.66,48.75,48,0.5,0.9999999999987526,0.9999999989999999,48,12.125,United Kingdom,1
16492,1,197,1,385.56,385.56,48.75,23,0.0,-0.9999999999974064,-0.9999999989999999,23,10.217391304347826,United Kingdom,1
16493,0,101,3,780.46,260.15333333333336,89.0,50,0.0,-0.1929118724852101,0.3333333332222222,55,14.981818181818182,United Kingdom,0
16496,0,88,3,731.25,243.75,38.5,42,0.0,0.9999999999986325,0.9999999996666666,43,15.186046511627907,United Kingdom,0
16497,0,70,16,3434.7400000000002,214.67125000000001,18.866666666666667,132,0.0,-0.22128603620646073,-0.249999999984375,182,8.478021978021978,United Kingdom,0
16499,1,17,8,2578.34,322.2925,26.142857142857142,104,0.38461538461538464,0.6512174499869485,0.4999999999375,144,9.472222222222221,United Kingdom,0
16500,0,31,3,443.04999999999995,147.6833333333333,83.5,19,0.25,0.33393522175751295,0.3333333332222222,23,11.434782608695652,United Kingdom,0
16501,1,40,1,1191.23,1191.23,48.75,181,0.0,0.9999999999991606,0.9999999989999999,199,3.1557788944723617,United Kingdom,1
16502,1,277,2,258.55,129.275,0.0,41,0.0,-0.9999999999961323,-0.9999999995,41,5.365853658536586,United Kingdom,0
16503,0,17,8,2670.5,333.8125,24.714285714285715,136,0.2,0.7957835611305765,0.74999999990625,159,7.452830188679245,United Kingdom,0
16507,1,229,1,142.71,142.71,48.75,37,0.0,-0.9999999999929928,-0.9999999989999999,38,2.9210526315789473,United Kingdom,1
16508,1,287,1,240.95,240.95,48.75,42,0.0,-0.9999999999958498,-0.9999999989999999,43,2.395348837209302,United Kingdom,1
16510,1,29,6,1777.5,296.25,63.2,94,0.0,-0.02928832630096802,0.0,112,8.303571428571429,United Kingdom,0
16511,0,54,3,842.16,280.71999999999997,125.5,123,0.0,0.28719008264428714,0.3333333332222222,145,2.510344827586207,United Kingdom,0
16515,0,36,5,1554.92,310.98400000000004,39.75,106,0.0,0.13617420831931148,0.59999999988,125,5.976,United Kingdom,0
16518,0,78,2,475.05,237.525,134.0,28,0.3333333333333333,0.34743711188222837,0.0,28,7.035714285714286,United Kingdom,0
16519,1,22,3,327.68,109.22666666666667,141.0,25,0.0,-0.0017700195312446369,0.3333333332222222,28,4.285714285714286,United Kingdom,0
16520,0,22,4,1427.57,356.8925,93.33333333333333,201,0.2,0.09636655295355301,0.0,256,2.75,United Kingdom,0
16521,1,72,3,1140.11,380.03666666666663,116.0,212,0.0,0.833138907648531,0.3333333332222222,237,4.2784810126582276,United Kingdom,0
16522,1,92,2,433.36,216.68,14.0,16,0.0,0.9999999999976925,0.9999999995,18,11.777777777777779,United Kingdom,0
16523,0,72,7,2497.86,356.83714285714285,44.5,61,0.3,0.10064615310701931,0.1428571428367347,81,8.814814814814815,United Kingdom,0
16524,1,103,2,306.19,153.095,245.0,50,0.0,0.338319344196942,0.0,53,4.886792452830188,United Kingdom,0
16525,0,15,20,10271.9,513.595,17.526315789473685,75,0.13043478260869565,-0.27304782951544765,-0.099999999995,156,41.333333333333336,United Kingdom,0
16526,0,241,1,426.85,426.85,48.75,20,0.0,-0.9999999999976573,-0.9999999989999999,20,8.65,United Kingdom,1
16527,1,81,1,1004.88,1004.88,48.75,58,0.0,0.9999999999990049,0.9999999989999999,59,10.203389830508474,United Kingdom,1
16529,0,134,3,1531.55,510.51666666666665,26.0,72,0.0,0.5177434625049671,0.3333333332222222,98,5.520408163265306,United Kingdom,0
16530,1,325,1,48.349999999999994,48.349999999999994,48.75,3,0.0,-0.9999999999793175,-0.9999999989999999,3,5.666666666666667,United Kingdom,1
16531,0,17,5,1146.56,229.31199999999998,19.75,60,0.16666666666666666,0.9999999999991278,0.9999999998,67,15.253731343283581,United Kingdom,0
16532,0,88,2,2007.84,1003.92,189.0,1,0.0,0.14176428400662322,0.0,2,264.0,United Kingdom,0
16534,1,299,1,635.9,635.9,48.75,36,0.0,-0.9999999999984275,-0.9999999989999999,36,4.666666666666667,United Kingdom,1
16535,1,42,2,378.28999999999996,189.14499999999998,294.0,36,0.0,0.8942610166779607,0.0,40,7.7,United Kingdom,0
16537,1,298,1,23.35,23.35,48.75,3,0.0,-0.9999999999571735,-0.9999999989999999,4,14.75,United Kingdom,1
16538,1,198,3,395.07,131.69,27.0,35,0.0,-0.9999999999974688,-0.9999999996666666,41,6.195121951219512,United Kingdom,0
16539,0,15,8,2648.1,331.0125,24.428571428571427,78,0.0,0.8628450587210216,0.74999999990625,116,7.689655172413793,United Kingdom,0
16540,1,71,1,205.75,205.75,48.75,25,0.0,0.9999999999951398,0.9999999989999999,29,3.6206896551724137,United Kingdom,1
16542,1,58,1,137.7,137.7,48.75,9,0.0,0.9999999999927379,0.9999999989999999,9,10.666666666666666,United Kingdom,1
16543,1,248,1,292.21,292.21,48.75,18,0.5,-0.9999999999965778,-0.9999999989999999,18,17.61111111111111,United Kingdom,1
16544,1,176,4,376.70000000000005,94.17500000000001,47.333333333333336,8,0.3333333333333333,-0.41438810724604624,-0.499999999875,11,13.636363636363637,United Kingdom,0
16545,0,32,1,350.52,350.52,48.75,5,0.0,0.9999999999971472,0.9999999989999999,5,48.8,United Kingdom,1
16546,0,29,4,4819.32,1204.83,22.666666666666668,56,0.3333333333333333,0.9999999999997924,0.99999999975,69,55.333333333333336,United Kingdom,0
16547,1,203,1,104.25999999999999,104.25999999999999,48.75,25,0.0,-0.9999999999904086,-0.9999999989999999,25,4.32,United Kingdom,1
16548,1,256,1,30.15,30.15,48.75,6,0.0,-0.9999999999668325,-0.9999999989999999,6,1.0,United Kingdom,1
16549,0,54,24,8746.9,364.45416666666665,9.26086956521739,646,0.07692307692307693,0.7490265122499686,0.4166666666493056,2168,2.2107933579335795,United Kingdom,0
16550,0,25,12,5999.2,499.93333333333334,30.181818181818183,194,0.4,-0.057164288571800045,-0.16666666665277777,483,7.488612836438923,United Kingdom,0
16551,0,80,3,1022.02,340.67333333333335,122.5,36,0.0,-0.3081153010701277,-0.3333333332222222,41,17.609756097560975,United Kingdom,0
16552,0,30,1,95.29,95.29,48.75,5,0.0,0.9999999999895057,0.9999999989999999,5,7.8,United Kingdom,1
16553,0,17,23,12473.630000000001,542.3317391304348,13.681818181818182,161,0.08,0.6382833224970887,0.47826086954442343,225,57.31111111111111,United Kingdom,0
16554,0,43,4,1589.13,397.2825,78.66666666666667,75,0.6,0.19685614141058513,0.0,95,7.947368421052632,United Kingdom,0
16555,1,162,4,1629.79,407.4475,0.0,46,0.5,0.9999999999993864,0.99999999975,49,33.48979591836735,United Kingdom,0
16556,0,17,9,4394.01,488.22333333333336,42.0,172,0.4,-0.09130839483749666,0.11111111109876542,254,9.165354330708661,United Kingdom,0
16558,0,14,19,5549.12,292.05894736842106,15.277777777777779,195,0.24,0.3669158353035496,0.5789473683905817,326,8.371165644171779,United Kingdom,0
16559,1,54,1,175.0,175.0,48.75,17,0.0,0.9999999999942858,0.9999999989999999,17,3.588235294117647,United Kingdom,1
16560,1,15,5,1640.3600000000001,328.072,76.0,72,0.16666666666666666,-0.19004364895499157,-0.19999999996,103,7.932038834951456,United Kingdom,0
16562,1,133,1,223.85999999999999,223.85999999999999,48.75,34,0.0,0.999999999995533,0.9999999989999999,34,7.764705882352941,United Kingdom,1
16563,1,57,4,2796.36,699.09,86.0,42,0.2,0.4493555908393592,0.0,60,31.283333333333335,United Kingdom,0
16564,1,226,1,87.8,87.8,48.75,5,0.0,-0.9999999999886104,-0.9999999989999999,5,8.0,United Kingdom,1
16565,1,21,4,773.05,193.2625,63.0,7,0.2,0.18504624539139122,0.499999999875,11,19.181818181818183,United Kingdom,0
16568,1,84,2,1020.9000000000001,510.45000000000005,213.0,5,0.0,0.06494269761968362,0.0,5,73.2,United Kingdom,0
16569,1,288,3,908.88,302.96,32.5,18,0.0,-0.9999999999988998,-0.9999999996666666,19,31.36842105263158,United Kingdom,0
16570,0,36,10,3695.91,369.591,26.444444444444443,66,0.375,0.46620994558837575,0.59999999994,115,18.956521739130434,United Kingdom,0
16571,0,52,7,2827.05,403.86428571428576,39.0,103,0.4166666666666667,0.21734670416150498,0.1428571428367347,168,14.666666666666666,United Kingdom,0
16574,1,80,2,850.3399999999999,425.16999999999996,234.0,58,0.0,-0.38982054237082836,0.0,58,10.10344827586207,United Kingdom,0
16576,1,77,2,540.87,270.435,101.0,32,0.6,0.9999999999981511,0.9999999995,33,9.787878787878787,United Kingdom,0
16577,1,323,1,380.0,380.0,48.75,23,0.0,-0.9999999999973684,-0.9999999989999999,23,6.173913043478261,United Kingdom,1
16578,1,283,1,156.6,156.6,48.75,9,0.0,-0.9999999999936143,-0.9999999989999999,9,12.0,United Kingdom,1
16579,1,82,1,295.05,295.05,48.75,14,0.5,0.9999999999966108,0.9999999989999999,14,8.5,United Kingdom,1
16583,1,30,2,297.95,148.975,299.0,18,0.0,0.5670414499057995,0.0,18,8.5,United Kingdom,0
16584,0,89,3,2220.09,740.0300000000001,114.5,46,0.25,0.1606466404514409,0.3333333332222222,54,23.462962962962962,United Kingdom,0
16585,1,250,2,341.59000000000003,170.79500000000002,101.0,16,0.0,-0.9999999999970726,-0.9999999995,18,8.38888888888889,United Kingdom,0
16586,0,101,2,998.8299999999999,499.41499999999996,190.0,19,0.0,0.3431314638123173,0.0,20,12.65,United Kingdom,0
16588,1,43,4,1361.28,340.32,62.333333333333336,64,0.0,0.6814762576393678,0.499999999875,71,12.422535211267606,United Kingdom,0
16589,1,107,1,153.12,153.12,48.75,11,0.0,0.9999999999934692,0.9999999989999999,11,15.272727272727273,United Kingdom,1
16590,1,57,2,605.9,302.95,13.0,26,0.3333333333333333,0.9999999999983495,0.9999999995,29,8.275862068965518,United Kingdom,0
16592,0,32,11,3381.63,307.4209090909091,30.6,117,0.21428571428571427,-0.11352217717487914,-0.09090909090082644,196,12.454081632653061,United Kingdom,0
16593,0,47,3,462.38,154.12666666666667,23.5,36,0.0,0.9999999999978373,0.9999999996666666,45,4.666666666666667,United Kingdom,0
16595,1,33,4,1397.59,349.3975,104.66666666666667,286,0.0,-0.023075437002251682,0.0,367,2.7138964577656677,United Kingdom,0
16596,1,23,2,233.93,116.965,323.0,12,0.0,0.03150515111344633,0.0,12,8.583333333333334,United Kingdom,0
16599,1,42,1,172.8,172.8,48.75,12,0.0,0.9999999999942131,0.9999999989999999,12,13.25,United Kingdom,1
16600,0,31,6,1029.88,171.64666666666668,21.2,44,0.3333333333333333,0.999999999999029,0.9999999998333333,61,14.327868852459016,United Kingdom,0
16601,1,47,2,434.3,217.15,232.0,38,0.0,0.6903062399247287,0.0,39,6.615384615384615,United Kingdom,0
16602,1,45,1,235.25,235.25,48.75,11,0.6666666666666666,0.9999999999957493,0.9999999989999999,11,8.454545454545455,United Kingdom,1
16604,1,219,2,432.45,216.225,5.0,10,0.3333333333333333,-0.9999999999976876,-0.9999999995,12,14.583333333333334,United Kingdom,0
16606,1,61,2,357.66,178.83,30.0,16,0.0,0.9999999999972041,0.9999999995,22,6.7272727272727275,United Kingdom,0
16607,0,14,13,3013.98,231.8446153846154,19.0,105,0.1875,0.4574018407552613,0.5384615384201183,134,12.626865671641792,United Kingdom,0
16608,1,110,2,1286.62,643.31,209.0,94,0.0,-0.06527179742265365,0.0,121,5.0578512396694215,United Kingdom,0
16611,0,60,5,1655.64,331.12800000000004,58.5,79,0.0,-0.0728056823946795,-0.19999999996,100,8.27,United Kingdom,0
16612,0,36,4,1546.9,386.725,61.666666666666664,58,0.2,0.4749498997992921,0.499999999875,78,7.897435897435898,United Kingdom,0
16614,0,59,2,673.5999999999999,336.79999999999995,176.0,20,0.0,0.12960213776702853,0.0,23,5.478260869565218,United Kingdom,0
16615,1,283,1,291.5,291.5,48.75,19,0.5,-0.9999999999965695,-0.9999999989999999,19,11.105263157894736,United Kingdom,1
16619,0,40,3,1712.12,570.7066666666666,136.0,93,0.0,-0.5944209518020965,-0.3333333332222222,102,9.03921568627451,United Kingdom,0
16620,0,46,3,757.6,252.53333333333333,126.5,29,0.0,-0.29118268215378673,-0.3333333332222222,35,13.8,United Kingdom,0
16622,1,200,1,225.4,225.4,48.75,12,0.5,-0.9999999999955634,-0.9999999989999999,12,3.6666666666666665,United Kingdom,1
16623,0,58,3,885.79,295.2633333333333,94.5,40,0.25,-0.2994953657183988,-0.3333333332222222,46,8.76086956521739,United Kingdom,0
16625,0,79,4,1320.95,330.2375,39.666666666666664,69,0.2,0.5912033006543842,0.499999999875,76,11.75,United Kingdom,0
16628,0,64,2,130.05,65.025,233.0,8,0.0,-0.19953863898347146,0.0,8,6.875,United Kingdom,0
16630,1,64,1,106.80000000000001,106.80000000000001,48.75,4,0.5,0.9999999999906367,0.9999999989999999,4,18.0,United Kingdom,1
16631,1,138,7,1892.52,270.36,28.0,46,0.125,-0.26061547566194254,-0.4285714285102041,80,9.6875,United Kingdom,0
16632,1,142,2,406.4,203.2,95.0,22,0.0,-0.005905511811009105,0.0,27,9.481481481481481,United Kingdom,0
16634,0,29,5,1596.71,319.342,78.5,72,0.4444444444444444,0.22440518315772778,0.19999999996,82,15.109756097560975,United Kingdom,0
16635,1,63,1,473.0,473.0,48.75,25,0.0,0.9999999999978858,0.9999999989999999,25,11.08,United Kingdom,1
16636,1,95,4,3802.04,950.51,68.66666666666667,62,0.0,-0.31865524823507413,-0.499999999875,73,29.945205479452056,United Kingdom,0
16638,0,16,7,770.21,110.03,19.5,45,0.0,0.9999999999987017,0.9999999998571428,47,8.936170212765957,United Kingdom,0
16639,0,66,1,490.47,490.47,48.75,31,0.0,0.9999999999979612,0.9999999989999999,31,7.774193548387097,United Kingdom,1
16640,1,54,1,179.4,179.4,48.75,13,0.0,0.9999999999944259,0.9999999989999999,13,11.23076923076923,United Kingdom,1
16641,1,358,1,323.40000000000003,323.40000000000003,48.75,24,0.0,-0.9999999999969079,-0.9999999989999999,24,8.25,United Kingdom,1
16642,0,72,1,389.12,389.12,48.75,20,0.5,0.9999999999974302,0.9999999989999999,20,14.8,United Kingdom,1
16643,0,79,1,435.6,435.6,48.75,28,0.5,0.9999999999977044,0.9999999989999999,28,10.142857142857142,United Kingdom,1
16646,1,106,1,678.8,678.8,48.75,29,0.5,0.9999999999985268,0.9999999989999999,29,36.96551724137931,United Kingdom,1
16647,0,99,2,327.84000000000003,163.92000000000002,101.0,16,0.0,0.12072962420656198,0.0,19,13.157894736842104,United Kingdom,0
16648,1,112,2,382.14,191.07,134.0,18,0.0,-0.32328466007137885,0.0,18,12.333333333333334,United Kingdom,0
16649,1,177,1,306.58000000000004,306.58000000000004,48.75,20,0.0,0.9999999999967383,0.9999999989999999,20,4.1,United Kingdom,1
16650,1,77,6,1397.69,232.94833333333335,19.2,53,0.0,0.9999999999992846,0.9999999998333333,74,15.391891891891891,United Kingdom,0
16651,1,243,1,136.2,136.2,48.75,6,0.0,-0.999999999992658,-0.9999999989999999,6,10.0,United Kingdom,1
16652,0,61,9,10776.42,1197.38,28.125,102,0.3076923076923077,0.11618886420535615,0.3333333332962963,157,26.713375796178344,United Kingdom,0
16654,0,25,5,1110.2,222.04000000000002,60.5,50,0.0,0.5141415961083461,0.59999999988,54,7.796296296296297,United Kingdom,0
16655,0,68,7,2633.74,376.2485714285714,44.0,240,0.125,0.020070318254641624,-0.1428571428367347,332,4.743975903614458,United Kingdom,0
16656,0,21,15,8262.39,550.8259999999999,21.285714285714285,15,0.34782608695652173,-0.24065796942528242,0.19999999998666668,65,103.46153846153847,United Kingdom,0
16658,1,25,6,690.83,115.13833333333334,49.8,49,0.3333333333333333,0.20808303055714417,0.0,64,4.328125,United Kingdom,0
16660,0,79,3,611.9000000000001,203.9666666666667,135.5,5,0.0,0.5371792776588705,0.3333333332222222,8,52.5,United Kingdom,0
16661,1,197,3,650.46,216.82000000000002,27.5,48,0.25,-0.9999999999984627,-0.9999999996666666,60,5.5,United Kingdom,0
16662,1,51,1,151.05,151.05,48.75,28,0.0,0.9999999999933797,0.9999999989999999,28,1.25,United Kingdom,1
16664,1,226,1,109.2,109.2,48.75,8,0.0,-0.9999999999908424,-0.9999999989999999,8,3.0,United Kingdom,1
16665,1,19,1,135.39999999999998,135.39999999999998,48.75,9,0.0,0.9999999999926146,0.9999999989999999,9,6.555555555555555,United Kingdom,1
16666,1,278,1,98.73,98.73,48.75,15,0.0,-0.9999999999898713,-0.9999999989999999,16,7.5625,United Kingdom,1
16668,0,44,7,555.6999999999999,79.38571428571427,40.166666666666664,23,0.0,0.2681662767675577,0.4285714285102041,33,13.787878787878787,United Kingdom,0
16670,0,15,9,3653.9500000000003,405.99444444444447,41.125,135,0.4,0.3482669439920228,0.5555555554938272,217,8.76958525345622,United Kingdom,0
16673,1,336,1,171.13,171.13,48.75,19,0.0,-0.9999999999941566,-0.9999999989999999,19,5.0,United Kingdom,1
16675,1,98,2,608.8599999999999,304.42999999999995,36.0,21,0.0,0.9999999999983576,0.9999999995,23,12.869565217391305,United Kingdom,0
16676,0,59,2,769.78,384.89,16.0,43,0.0,0.9999999999987009,0.9999999995,44,6.613636363636363,United Kingdom,0
16677,1,68,2,880.62,440.31,240.0,45,0.3333333333333333,0.40217119756489494,0.0,47,9.72340425531915,United Kingdom,0
16679,1,23,3,663.31,221.10333333333332,90.0,15,0.0,0.4357087937760087,0.3333333332222222,18,13.722222222222221,United Kingdom,0
16680,1,185,2,637.75,318.875,6.0,16,0.0,-0.999999999998432,-0.9999999995,19,14.894736842105264,United Kingdom,0
16681,0,298,1,151.5,151.5,48.75,5,0.0,-0.9999999999933994,-0.9999999989999999,5,17.0,United Kingdom,1
16683,1,190,1,320.25,320.25,48.75,18,0.5,-0.9999999999968775,-0.9999999989999999,18,10.555555555555555,United Kingdom,1
16684,0,11,28,80716.29,2882.7246428571425,12.148148148148149,126,0.2,0.311153671706166,0.14285714285204082,457,118.68490153172867,United Kingdom,0
16686,0,12,8,2108.38,263.5475,39.285714285714285,296,0.1111111111111111,0.0469839402763985,0.24999999996875,526,3.1901140684410647,United Kingdom,0
16687,1,47,1,157.63,157.63,48.75,8,0.0,0.9999999999936561,0.9999999989999999,8,17.625,United Kingdom,1
16690,0,50,2,127.45,63.725,58.0,5,0.0,0.9999999999921537,0.9999999995,7,10.142857142857142,United Kingdom,0
16691,1,75,2,178.82999999999998,89.41499999999999,143.0,11,0.0,0.5987250461298511,0.0,11,8.363636363636363,United Kingdom,0
16692,0,65,2,638.6999999999999,319.34999999999997,32.0,1,0.0,0.9999999999984344,0.9999999995,2,363.0,United Kingdom,0
16693,0,68,3,701.62,233.87333333333333,122.0,98,0.0,0.4128445597326004,0.3333333332222222,109,4.174311926605505,United Kingdom,0
16695,1,218,2,191.9,95.95,0.0,30,0.0,-0.9999999999947891,-0.9999999995,35,5.257142857142857,United Kingdom,0
16699,1,37,6,857.2,142.86666666666667,48.4,39,0.14285714285714285,0.2473401773212234,0.0,48,10.625,United Kingdom,0
16700,0,23,11,3672.46,333.86,31.3,122,0.15384615384615385,0.024898841648370616,0.2727272727024793,195,13.415384615384616,United Kingdom,0
16701,0,18,12,4273.11,356.0925,26.727272727272727,91,0.2,0.22638546632307002,0.16666666665277777,126,36.57936507936508,United Kingdom,0
16702,1,72,3,889.31,296.43666666666667,119.0,62,0.25,-0.2895390808601168,-0.3333333332222222,64,7.71875,United Kingdom,0
16704,1,275,2,664.16,332.08,53.0,50,0.0,-0.9999999999984943,-0.9999999995,54,8.018518518518519,United Kingdom,0
16705,0,15,23,27362.461,1189.6722173913042,14.590909090909092,305,0.3235294117647059,0.2651303550510217,-0.13043478260302457,394,40.63451776649746,United Kingdom,0
16707,1,57,4,533.41,133.3525,79.33333333333333,64,0.0,-0.2668678877406369,-0.499999999875,65,6.092307692307692,United Kingdom,0
16709,0,36,8,4777.84,597.23,41.57142857142857,153,0.0,0.049490983373229436,0.0,184,10.201086956521738,United Kingdom,0
16710,0,17,11,2949.81,268.1645454545455,30.4,307,0.08333333333333333,0.14324651418222087,0.09090909090082644,435,3.7425287356321837,United Kingdom,0
16711,0,14,3,766.01,255.33666666666667,133.5,6,0.25,0.3994595370812399,0.3333333332222222,8,23.375,United Kingdom,0
16712,0,58,2,621.56,310.78,0.0,69,0.0,0.9999999999983912,0.9999999995,83,4.144578313253012,United Kingdom,0
16713,0,11,16,7029.8,439.3625,21.266666666666666,330,0.23809523809523808,0.07069048906084517,0.1249999999921875,630,6.492063492063492,United Kingdom,0
16714,0,327,1,368.27,368.27,48.75,23,0.5,-0.9999999999972846,-0.9999999989999999,23,10.391304347826088,United Kingdom,1
16715,1,219,1,323.8,323.8,48.75,9,0.0,-0.9999999999969117,-0.9999999989999999,9,59.111111111111114,United Kingdom,1
16716,0,287,1,1248.48,1248.48,48.75,6,0.0,-0.9999999999991991,-0.9999999989999999,6,132.0,United Kingdom,1
16717,0,23,8,2741.46,342.6825,40.0,125,0.1111111111111111,0.45941943344040787,0.4999999999375,142,8.049295774647888,United Kingdom,0
16718,1,26,4,2358.26,589.565,102.0,102,0.0,-0.4860193532517677,-0.499999999875,144,9.868055555555555,United Kingdom,0
16719,0,25,7,1829.48,261.3542857142857,51.833333333333336,152,0.2222222222222222,0.21759188403250232,0.1428571428367347,212,5.4575471698113205,United Kingdom,0
16720,1,33,1,445.72,445.72,48.75,67,0.5,0.9999999999977565,0.9999999989999999,69,2.8550724637681157,United Kingdom,1
16722,0,23,10,3918.49,391.849,34.0,100,0.16666666666666666,0.35783937179873937,0.19999999998,180,18.783333333333335,United Kingdom,0
16723,1,100,1,228.53,228.53,48.75,23,0.0,0.9999999999956243,0.9999999989999999,24,17.083333333333332,United Kingdom,1
16724,1,61,1,147.35,147.35,48.75,17,0.0,0.9999999999932135,0.9999999989999999,17,4.0588235294117645,United Kingdom,1
16725,0,16,9,1045.71,116.19,14.125,169,0.1,0.9999999999990438,0.9999999998888889,217,1.8294930875576036,United Kingdom,0
16726,0,18,3,834.71,278.2366666666667,24.0,79,0.0,0.999999999998802,0.9999999996666666,104,4.1826923076923075,United Kingdom,0
16727,1,21,4,1377.77,344.4425,107.66666666666667,158,0.0,-0.17391146562911525,0.0,205,5.2,United Kingdom,0
16731,1,305,1,170.3,170.3,48.75,40,0.0,-0.999999999994128,-0.9999999989999999,42,2.9523809523809526,United Kingdom,1
16732,1,60,2,2991.05,1495.525,208.0,139,0.7142857142857143,0.5452834288960248,0.0,146,11.123287671232877,United Kingdom,0
16733,1,186,1,259.68,259.68,48.75,12,0.0,-0.9999999999961492,-0.9999999989999999,12,9.333333333333334,United Kingdom,1
16735,0,50,8,3631.66,453.9575,41.714285714285715,122,0.42857142857142855,0.008365320542118962,-0.24999999996875,167,14.922155688622755,United Kingdom,0
16736,1,162,2,1285.4299999999998,642.7149999999999,86.0,49,0.5,0.2949441043072786,0.0,54,7.5,United Kingdom,0
16737,1,234,1,417.59999999999997,417.59999999999997,48.75,1,0.0,-0.9999999999976054,-0.9999999989999999,1,288.0,United Kingdom,1
16739,0,193,1,463.43,463.43,48.75,25,0.5,-0.9999999999978422,-0.9999999989999999,25,8.76,United Kingdom,1
16740,1,52,1,226.91,226.91,48.75,30,0.0,0.999999999995593,0.9999999989999999,32,3.4375,United Kingdom,1
16741,1,282,1,173.06,173.06,48.75,11,0.0,-0.9999999999942217,-0.9999999989999999,11,7.363636363636363,United Kingdom,1
16742,1,149,12,2114.9,176.24166666666667,16.818181818181817,49,0.0,-0.9172254007277331,-0.8333333332638889,98,23.122448979591837,United Kingdom,0
16743,0,15,8,2429.3,303.6625,33.42857142857143,75,0.0,0.32404396328147034,0.24999999996875,211,9.5260663507109,United Kingdom,0
16746,0,15,22,10627.16,483.0527272727273,15.904761904761905,245,0.12,0.03516461594630782,0.0,517,12.735009671179885,United Kingdom,0
16748,0,45,8,2023.93,252.99125,39.714285714285715,39,0.1111111111111111,0.22097108101553856,0.0,91,13.153846153846153,United Kingdom,0
16749,1,248,1,1814.16,1814.16,48.75,47,0.0,-0.9999999999994488,-0.9999999989999999,48,17.166666666666668,United Kingdom,1
16752,1,29,1,207.5,207.5,48.75,9,0.0,0.9999999999951807,0.9999999989999999,9,6.0,United Kingdom,1
16754,1,29,29,65500.07,2258.6231034482757,9.285714285714286,38,0.17142857142857143,-0.4238601577066953,-0.6551724137705113,140,453.9357142857143,United Kingdom,0
16755,0,124,3,1181.67,393.89000000000004,103.0,97,0.25,-0.38757859639291214,-0.3333333332222222,117,6.735042735042735,United Kingdom,0
16756,0,61,6,1072.97,178.82833333333335,46.4,53,0.25,-0.14238049526068539,0.0,66,9.106060606060606,United Kingdom,0
16757,0,66,1,163.65,163.65,48.75,8,0.0,0.9999999999938894,0.9999999989999999,8,12.375,United Kingdom,1
16760,1,87,1,228.0,228.0,48.75,17,0.0,0.9999999999956141,0.9999999989999999,17,9.882352941176471,United Kingdom,1
16765,0,39,1,420.75,420.75,48.75,51,0.0,0.9999999999976233,0.9999999989999999,51,6.019607843137255,United Kingdom,1
16767,0,75,4,2481.2,620.3,56.333333333333336,75,0.2,0.36711268740917014,0.499999999875,100,26.79,United Kingdom,0
16768,0,40,5,995.5,199.1,70.5,61,0.375,-0.16253139126050972,-0.19999999996,90,5.355555555555555,United Kingdom,0
16769,0,135,1,361.05,361.05,48.75,27,0.0,0.9999999999972303,0.9999999989999999,27,3.7777777777777777,United Kingdom,1
16770,0,15,6,1284.03,214.005,22.4,134,0.25,0.9999999999992212,0.9999999998333333,211,3.3933649289099526,United Kingdom,0
16771,0,114,4,1503.69,375.9225,72.0,130,0.0,-0.8561405608863155,-0.499999999875,146,5.308219178082192,United Kingdom,0
16772,1,80,2,2801.2,1400.6,277.0,54,0.3333333333333333,0.21158789090382282,0.0,58,10.068965517241379,United Kingdom,0
16773,1,93,1,111.9,111.9,48.75,15,0.0,0.9999999999910634,0.9999999989999999,15,2.2666666666666666,United Kingdom,1
16774,0,80,4,905.96,226.49,79.0,60,0.0,-0.22318866175082439,0.0,83,5.445783132530121,United Kingdom,0
16775,0,24,6,1361.23,226.87166666666667,14.4,78,0.14285714285714285,0.9999999999992654,0.9999999998333333,120,4.833333333333333,United Kingdom,0
16776,1,72,1,220.97,220.97,48.75,48,0.0,0.9999999999954745,0.9999999989999999,55,3.290909090909091,United Kingdom,1
16777,0,70,3,1069.56,356.52,108.5,86,0.25,0.5142488499939095,-0.3333333332222222,94,4.340425531914893,United Kingdom,0
16779,0,19,27,16172.74,598.9903703703703,12.653846153846153,243,0.12903225806451613,-0.4070627487982613,-0.18518518517832647,563,18.69804618117229,United Kingdom,0
16780,0,64,1,174.16,174.16,48.75,37,0.0,0.9999999999942583,0.9999999989999999,37,2.2162162162162162,United Kingdom,1
16781,1,29,2,623.0,311.5,297.0,36,0.3333333333333333,-0.0008025682182972671,0.0,39,4.923076923076923,United Kingdom,0
16782,0,16,26,7752.76,298.18307692307695,12.76,536,0.23529411764705882,0.5697480639152289,0.3846153846005917,1540,2.2084415584415584,United Kingdom,0
16783,1,93,1,391.95,391.95,48.75,25,0.0,0.9999999999974487,0.9999999989999999,25,6.52,United Kingdom,1
16784,1,33,4,784.73,196.1825,81.0,137,0.0,0.46358620162289754,0.499999999875,155,3.032258064516129,United Kingdom,0
16785,1,66,1,533.78,533.78,48.75,35,0.0,0.9999999999981266,0.9999999989999999,35,8.942857142857143,United Kingdom,1
16786,1,50,1,51.839999999999996,51.839999999999996,48.75,1,0.0,0.99999999998071,0.9999999989999999,1,72.0,United Kingdom,1
16787,1,54,4,1017.53,254.3825,100.0,102,0.0,-0.35083977867939925,0.0,112,4.214285714285714,United Kingdom,0
16788,0,61,3,1334.54,444.84666666666664,132.5,261,0.0,-0.19828555157567532,-0.3333333332222222,330,2.003030303030303,United Kingdom,0
16791,0,40,7,1946.93,278.1328571428572,49.166666666666664,217,0.2222222222222222,0.23520619642193857,0.1428571428367347,324,3.058641975308642,United Kingdom,0
16792,0,40,3,513.08,171.02666666666667,160.0,83,0.0,-0.43131675372177564,-0.3333333332222222,90,3.111111111111111,United Kingdom,0
16794,0,37,5,856.2,171.24,60.5,151,0.0,-0.20964727867296232,-0.19999999996,224,2.9151785714285716,United Kingdom,0
16795,1,22,3,2062.4100000000003,687.4700000000001,158.5,306,0.4,0.4105730674306221,0.3333333332222222,336,3.613095238095238,United Kingdom,0
16797,1,50,4,1625.14,406.285,87.33333333333333,265,0.42857142857142855,-0.032957160613834566,0.0,354,2.1779661016949152,United Kingdom,0
16798,1,211,2,632.26,316.13,88.0,117,0.0,-0.9999999999984184,-0.9999999995,130,1.2307692307692308,United Kingdom,0
16799,1,89,2,452.78,226.39,21.0,81,0.3333333333333333,0.9999999999977914,0.9999999995,92,1.7608695652173914,United Kingdom,0
16802,1,336,1,323.5,323.5,48.75,32,0.0,-0.9999999999969088,-0.9999999989999999,32,7.25,United Kingdom,1
16805,0,17,2,559.47,279.735,216.0,128,0.0,-0.23223765349306977,0.0,139,4.9496402877697845,United Kingdom,0
16807,0,127,3,1002.29,334.09666666666664,75.5,62,0.4,-0.28465813287543057,-0.3333333332222222,75,8.733333333333333,United Kingdom,0
16809,0,89,4,812.74,203.185,57.333333333333336,68,0.0,0.3567192460068943,0.499999999875,110,4.009090909090909,United Kingdom,0
16810,0,77,1,532.5,532.5,48.75,19,0.6666666666666666,0.9999999999981221,0.9999999989999999,19,13.578947368421053,United Kingdom,1
16812,1,17,4,2392.0,598.0,7.0,98,0.2,0.9999999999995819,0.99999999975,115,9.704347826086957,United Kingdom,0
16814,0,26,16,5781.4400000000005,361.34000000000003,15.266666666666667,176,0.0,-0.0922849670670123,0.1249999999921875,463,4.8682505399568035,United Kingdom,0
16815,1,110,2,406.02,203.01,82.0,66,0.0,-0.14831781685594722,0.0,73,3.2465753424657535,United Kingdom,0
16816,0,15,1,75.78,75.78,48.75,5,0.0,0.9999999999868039,0.9999999989999999,5,9.6,United Kingdom,1
16817,0,16,6,1323.25,220.54166666666666,13.8,53,0.25,0.9999999999992443,0.9999999998333333,70,11.442857142857143,United Kingdom,0
16819,1,122,2,182.59,91.295,0.0,17,0.0,0.9999999999945233,0.9999999995,17,14.882352941176471,United Kingdom,0
16821,1,38,1,113.35,113.35,48.75,7,0.0,0.9999999999911777,0.9999999989999999,7,1.8571428571428572,United Kingdom,1
16822,1,343,1,181.39,181.39,48.75,11,0.5,-0.9999999999944871,-0.9999999989999999,11,15.545454545454545,United Kingdom,1
16823,0,44,5,1695.4099999999999,339.082,59.5,101,0.16666666666666666,0.6861172223823818,0.59999999988,115,7.973913043478261,United Kingdom,0
16824,0,50,1,225.6,225.6,48.75,13,0.0,0.9999999999955674,0.9999999989999999,13,11.846153846153847,United Kingdom,1
16825,0,35,3,1051.71,350.57,77.5,32,0.0,0.3091251390589524,0.3333333332222222,36,20.305555555555557,United Kingdom,0
16827,1,50,5,392.13,78.426,48.25,10,0.0,0.4440619182402671,0.19999999996,12,10.416666666666666,United Kingdom,0
16829,1,45,1,316.1,316.1,48.75,16,0.0,0.9999999999968365,0.9999999989999999,16,7.25,United Kingdom,1
16830,1,99,2,581.1700000000001,290.58500000000004,233.0,33,0.0,0.3806631450343606,0.0,36,6.861111111111111,United Kingdom,0
16831,1,221,1,91.8,91.8,48.75,6,0.0,-0.9999999999891067,-0.9999999989999999,6,8.0,United Kingdom,1
16832,0,85,2,218.46,109.23,29.0,8,0.0,0.9999999999954226,0.9999999995,9,16.22222222222222,United Kingdom,0
16833,0,96,2,1302.51,651.255,183.0,44,0.0,0.5195737460744873,0.0,45,9.733333333333333,United Kingdom,0
16834,0,331,1,485.5,485.5,48.75,24,0.0,-0.9999999999979403,-0.9999999989999999,24,16.75,United Kingdom,1
16835,1,30,5,1357.56,271.512,48.75,54,0.4444444444444444,-0.13348949586012152,0.19999999996,77,5.896103896103896,United Kingdom,0
16836,1,63,2,530.5,265.25,167.0,31,0.0,0.16776625824662061,0.0,31,12.064516129032258,United Kingdom,0
16838,0,187,2,570.76,285.38,132.0,31,0.3333333333333333,-0.999999999998248,-0.9999999995,34,9.529411764705882,United Kingdom,0
16839,0,26,11,5716.139999999999,519.6490909090909,29.2,47,0.15384615384615385,0.4132543989474692,0.2727272727024793,89,28.674157303370787,United Kingdom,0
16840,1,260,2,139.85,69.925,71.0,9,0.3333333333333333,-0.9999999999928496,-0.9999999995,9,13.0,United Kingdom,0
16841,0,85,6,2136.2400000000002,356.04,53.2,92,0.14285714285714285,-0.3123619069017,-0.33333333327777775,103,11.922330097087379,United Kingdom,0
16843,0,79,18,8644.27,480.2372222222223,14.411764705882353,135,0.1,-0.0625859673517761,0.0,208,37.94711538461539,United Kingdom,0
16844,1,219,2,614.34,307.17,20.0,26,0.0,-0.9999999999983723,-0.9999999995,32,8.78125,United Kingdom,0
16845,1,275,1,253.88,253.88,48.75,20,0.0,-0.9999999999960612,-0.9999999989999999,20,8.35,United Kingdom,1
16846,1,234,2,628.09,314.045,62.0,36,0.0,-0.9999999999984079,-0.9999999995,36,10.61111111111111,United Kingdom,0
16847,1,275,1,421.45000000000005,421.45000000000005,48.75,25,0.0,-0.9999999999976272,-0.9999999989999999,25,7.08,United Kingdom,1
16848,1,33,3,1130.2,376.73333333333335,28.0,64,0.0,0.9999999999991153,0.9999999996666666,71,8.422535211267606,United Kingdom,0
16854,1,74,2,1408.96,704.48,223.0,72,0.0,-0.832287644787054,0.0,75,13.293333333333333,United Kingdom,0
16856,1,74,2,323.09000000000003,161.54500000000002,24.0,15,0.0,0.9999999999969049,0.9999999995,17,9.352941176470589,United Kingdom,0
16857,1,99,1,352.8,352.8,48.75,11,0.0,0.9999999999971656,0.9999999989999999,11,15.272727272727273,United Kingdom,1
16858,1,25,9,3994.73,443.8588888888889,40.375,68,0.4,-0.16173058003916121,-0.3333333332962963,111,12.117117117117116,United Kingdom,0
16859,0,73,5,1184.6,236.92,56.75,46,0.0,0.564798244132564,0.59999999988,58,18.482758620689655,United Kingdom,0
16860,1,109,3,1610.6200000000001,536.8733333333333,104.5,35,0.25,-0.46442984689097094,-0.3333333332222222,43,14.534883720930232,United Kingdom,0
16861,1,47,3,772.8299999999999,257.60999999999996,58.5,38,0.25,0.999999999998706,0.9999999996666666,43,11.069767441860465,United Kingdom,0
16862,1,204,4,662.33,165.5825,50.666666666666664,34,0.0,-0.9999999999984902,-0.99999999975,35,14.657142857142857,United Kingdom,0
16863,1,23,2,495.72,247.86,42.0,27,0.3333333333333333,0.9999999999979827,0.9999999995,30,11.2,United Kingdom,0
16864,1,91,2,409.25,204.625,164.0,17,0.0,0.45402565668795586,0.0,17,16.647058823529413,United Kingdom,0
16865,1,58,1,130.95,130.95,48.75,15,0.0,0.9999999999923636,0.9999999989999999,16,9.8125,United Kingdom,1
16867,1,346,1,76.74000000000001,76.74000000000001,48.75,6,0.0,-0.999999999986969,-0.9999999989999999,6,9.666666666666666,United Kingdom,1
16868,1,51,3,384.56,128.18666666666667,99.0,47,0.0,0.043582275847608716,0.3333333332222222,50,2.24,United Kingdom,0
16870,1,126,1,450.15999999999997,450.15999999999997,48.75,28,0.0,0.9999999999977786,0.9999999989999999,28,9.928571428571429,United Kingdom,1
16872,0,84,3,533.11,177.70333333333335,17.5,9,0.0,0.9999999999981243,0.9999999996666666,11,43.54545454545455,United Kingdom,0
16873,0,21,7,9651.41,1378.7728571428572,50.333333333333336,155,0.2222222222222222,0.23596034154592582,0.1428571428367347,301,19.272425249169434,United Kingdom,0
16874,1,36,1,209.89000000000001,209.89000000000001,48.75,31,0.0,0.9999999999952357,0.9999999989999999,31,2.5161290322580645,United Kingdom,1
16875,0,94,6,2139.0,356.5,53.0,90,0.45454545454545453,-0.3859841047216522,0.0,118,8.728813559322035,United Kingdom,0
16876,1,60,1,136.01,136.01,48.75,32,0.0,0.9999999999926477,0.9999999989999999,32,5.65625,United Kingdom,1
16880,0,150,1,321.78,321.78,48.75,9,0.0,0.9999999999968924,0.9999999989999999,9,17.555555555555557,United Kingdom,1
16883,0,28,17,1992.6599999999999,117.21529411764705,13.875,139,0.05555555555555555,-0.006052211616630036,0.0588235294083045,235,3.9404255319148938,United Kingdom,0
16884,1,213,2,641.13,320.565,14.0,39,0.0,-0.9999999999984402,-0.9999999995,48,4.166666666666667,United Kingdom,0
16885,1,14,2,412.14,206.07,28.0,66,0.0,0.9999999999975737,0.9999999995,68,3.161764705882353,United Kingdom,0
16886,1,113,1,134.0,134.0,48.75,8,0.5,0.9999999999925374,0.9999999989999999,8,6.0,United Kingdom,1
16887,1,57,1,246.01999999999998,246.01999999999998,48.75,31,0.0,0.9999999999959354,0.9999999989999999,31,2.903225806451613,United Kingdom,1
16888,1,57,3,434.2,144.73333333333332,150.0,44,0.0,-0.46158452326010696,-0.3333333332222222,52,2.7884615384615383,United Kingdom,0
16889,0,54,3,947.98,315.99333333333334,83.5,72,0.0,0.2468195531548695,0.3333333332222222,82,8.365853658536585,United Kingdom,0
16890,1,133,3,285.40999999999997,95.13666666666666,52.0,17,0.0,-0.7140955117174798,-0.3333333332222222,19,12.789473684210526,United Kingdom,0
16891,1,28,5,780.03,156.006,75.0,167,0.0,-0.09644500852518952,-0.19999999996,190,1.331578947368421,United Kingdom,0
16892,0,211,1,139.01,139.01,48.75,23,0.0,-0.9999999999928063,-0.9999999989999999,25,4.4,United Kingdom,1
16893,1,23,2,249.89000000000001,124.94500000000001,9.0,80,0.0,0.9999999999959983,0.9999999995,87,1.3448275862068966,United Kingdom,0
16894,1,159,3,1306.96,435.65333333333336,16.5,186,0.4,-0.9739854318410862,-0.3333333332222222,187,2.6898395721925135,United Kingdom,0
16895,1,95,4,900.63,225.1575,75.0,82,0.0,-0.24463986320659473,-0.499999999875,101,3.267326732673267,United Kingdom,0
16896,1,212,1,103.95,103.95,48.75,18,0.0,-0.9999999999903799,-0.9999999989999999,18,1.0,United Kingdom,1
16898,0,25,3,496.26,165.42,103.5,110,0.25,0.22363277314265986,0.3333333332222222,123,3.065040650406504,United Kingdom,0
16899,0,17,3,595.26,198.42,18.0,49,0.0,0.9999999999983201,0.9999999996666666,66,5.545454545454546,United Kingdom,0
16903,1,37,2,678.55,339.275,35.0,107,0.3333333333333333,0.9999999999985263,0.9999999995,126,3.7301587301587302,United Kingdom,0
16904,0,24,7,1360.31,194.32999999999998,6.833333333333333,188,0.0,0.9999999999992649,0.9999999998571428,263,2.897338403041825,United Kingdom,0
16905,0,28,10,1701.72,170.172,33.77777777777778,70,0.16666666666666666,0.2599840161717204,0.0,111,5.162162162162162,United Kingdom,0
16906,0,85,3,851.3299999999999,283.77666666666664,73.5,116,0.0,0.19335627782388334,-0.3333333332222222,127,2.574803149606299,United Kingdom,0
16907,0,22,5,722.05,144.41,39.75,62,0.0,0.9999999999986151,0.9999999998,102,2.2745098039215685,United Kingdom,0
16911,1,292,2,255.25000000000003,127.62500000000001,25.0,30,0.3333333333333333,-0.9999999999960824,-0.9999999995,35,4.6,United Kingdom,0
16912,0,78,3,1521.1299999999999,507.0433333333333,117.0,60,0.0,0.5502816984737989,0.3333333332222222,63,9.46031746031746,United Kingdom,0
16913,0,308,2,310.47,155.235,0.0,10,0.0,-0.9999999999967791,-0.9999999995,10,14.7,United Kingdom,0
16915,0,43,5,921.5,184.3,45.25,11,0.0,0.3494302767223555,0.59999999988,17,3.411764705882353,United Kingdom,0
16916,1,29,3,536.04,178.67999999999998,21.0,100,0.0,0.9999999999981345,0.9999999996666666,118,2.711864406779661,United Kingdom,0
16917,0,289,1,1460.3600000000001,1460.3600000000001,48.75,37,0.0,-0.9999999999993152,-0.9999999989999999,41,13.658536585365853,United Kingdom,1
16918,0,79,9,1916.03,212.89222222222222,30.125,189,0.18181818181818182,-0.28548091626942923,-0.3333333332962963,283,4.265017667844523,United Kingdom,0
16919,0,17,15,2857.42,190.49466666666666,7.928571428571429,166,0.21052631578947367,0.9999999999996501,0.9999999999333333,353,3.2322946175637393,United Kingdom,0
16920,1,68,1,355.45,355.45,48.75,23,0.0,0.9999999999971867,0.9999999989999999,23,3.5217391304347827,United Kingdom,1
16921,1,99,2,255.03,127.515,157.0,28,0.0,-0.11014390463823809,0.0,33,3.6666666666666665,United Kingdom,0
16922,1,229,1,611.08,611.08,48.75,122,0.0,-0.9999999999983635,-0.9999999989999999,122,2.30327868852459,United Kingdom,1
16923,0,19,14,6638.55,474.1821428571429,23.846153846153847,244,0.17647058823529413,0.2586724510623165,0.14285714284693876,507,6.043392504930966,United Kingdom,0
16925,1,197,1,125.65,125.65,48.75,18,0.0,-0.9999999999920414,-0.9999999989999999,18,6.833333333333333,United Kingdom,1
16926,1,28,5,1169.61,233.92199999999997,38.5,63,0.16666666666666666,0.999999999999145,0.9999999998,96,2.0520833333333335,United Kingdom,0
16927,0,18,1,218.1,218.1,48.75,2,0.0,0.999999999995415,0.9999999989999999,2,245.0,United Kingdom,1
16928,0,30,13,1199.08,92.23692307692308,24.5,85,0.13333333333333333,0.7878373419615139,0.6923076922544379,121,4.859504132231405,United Kingdom,0
16931,0,14,4,842.0100000000001,210.50250000000003,12.666666666666666,104,0.0,0.9999999999988124,0.99999999975,143,2.832167832167832,United Kingdom,0
16932,1,80,2,262.32,131.16,147.0,77,0.0,0.12145471180191578,0.0,85,1.588235294117647,United Kingdom,0
16933,0,46,6,1981.08,330.18,59.4,136,0.3333333333333333,0.02142265834796097,0.33333333327777775,168,5.214285714285714,United Kingdom,0
16934,1,40,4,1152.1100000000001,288.02750000000003,79.0,77,0.2,-0.1688293652514353,0.0,80,6.7375,United Kingdom,0
16935,1,38,3,530.86,176.95333333333335,19.0,55,0.0,0.9999999999981163,0.9999999996666666,69,3.9565217391304346,United Kingdom,0
16936,1,42,1,286.39,286.39,48.75,81,0.0,0.9999999999965083,0.9999999989999999,83,2.0240963855421685,United Kingdom,1
16937,1,156,1,196.25,196.25,48.75,49,0.0,0.9999999999949045,0.9999999989999999,49,2.510204081632653,United Kingdom,1
16938,0,38,5,4283.68,856.7360000000001,69.0,426,0.0,0.16285063310047365,0.19999999996,589,4.258064516129032,United Kingdom,0
16939,1,145,3,433.85,144.61666666666667,79.5,38,0.0,-0.4380085282921793,-0.3333333332222222,41,5.585365853658536,United Kingdom,0
16940,0,107,4,2720.9300000000003,680.2325000000001,69.66666666666667,198,0.42857142857142855,-0.2521160044542667,-0.499999999875,271,6.911439114391144,United Kingdom,0
16941,1,268,1,33.0,33.0,48.75,2,0.0,-0.9999999999696971,-0.9999999989999999,2,6.0,United Kingdom,1
16943,0,196,2,482.76,241.38,84.0,1,0.5,-0.9999999999979285,-0.9999999995,2,1.0,United Kingdom,0
16944,1,266,1,101.36,101.36,48.75,7,0.0,-0.9999999999901341,-0.9999999989999999,7,3.857142857142857,United Kingdom,1
16945,0,15,13,3872.5,297.88461538461536,26.083333333333332,144,0.13333333333333333,0.18878244028400554,0.07692307691715976,220,12.590909090909092,United Kingdom,0
16946,1,40,5,1222.04,244.408,65.5,69,0.16666666666666666,-0.389545350397377,-0.19999999996,75,6.786666666666667,United Kingdom,0
16947,0,119,4,548.73,137.1825,61.0,30,0.5555555555555556,-0.9147121535164568,-0.499999999875,32,10.71875,United Kingdom,0
16948,0,86,4,433.75,108.4375,75.33333333333333,15,0.0,-0.8206340057617969,-0.499999999875,24,19.875,United Kingdom,0
16950,1,24,8,2535.21,316.90125,45.0,84,0.2,0.3358972235040347,0.24999999996875,105,17.333333333333332,United Kingdom,0
16952,1,98,2,379.13,189.565,17.0,34,0.0,0.9999999999973624,0.9999999995,38,3.789473684210526,United Kingdom,0
16954,0,16,12,4343.599999999999,361.96666666666664,29.545454545454547,75,0.07692307692307693,-0.23566166313651446,0.0,164,19.670731707317074,United Kingdom,0
16955,0,25,4,790.74,197.685,102.66666666666667,26,0.2,-0.5217138376703825,0.0,32,17.40625,United Kingdom,0
16958,1,92,1,778.49,778.49,48.75,69,0.0,0.9999999999987155,0.9999999989999999,70,7.3428571428571425,United Kingdom,1
16960,0,47,5,1483.83,296.76599999999996,63.75,267,0.16666666666666666,-0.016531543370860168,0.19999999996,348,3.413793103448276,United Kingdom,0
16961,1,45,2,560.39,280.195,144.0,38,0.5,0.421652777529182,0.0,38,9.394736842105264,United Kingdom,0
16962,1,66,1,251.04,251.04,48.75,15,0.0,0.9999999999960166,0.9999999989999999,15,10.533333333333333,United Kingdom,1
16970,1,283,1,71.4,71.4,48.75,2,0.0,-0.9999999999859943,-0.9999999989999999,2,6.0,United Kingdom,1
16972,1,39,2,749.0,374.5,73.0,54,0.0,0.9999999999986648,0.9999999995,82,2.231707317073171,United Kingdom,0
16973,1,43,1,127.0,127.0,48.75,6,0.0,0.999999999992126,0.9999999989999999,6,10.0,United Kingdom,1
16974,1,179,2,365.5,182.75,41.0,5,0.0,0.5116279069753444,0.0,8,8.75,United Kingdom,0
16975,1,80,3,926.12,308.70666666666665,40.5,44,0.4,0.9999999999989202,0.9999999996666666,45,13.022222222222222,United Kingdom,0
16977,1,52,4,496.0,124.0,78.33333333333333,25,0.0,-0.4528225806442484,-0.499999999875,28,5.071428571428571,United Kingdom,0
16978,1,323,2,424.55,212.275,0.0,28,0.0,-0.9999999999976446,-0.9999999995,28,4.25,United Kingdom,0
16979,0,40,3,1007.74,335.91333333333336,33.0,32,0.25,0.9999999999990077,0.9999999996666666,40,14.65,United Kingdom,0
16980,0,85,1,394.37,394.37,48.75,25,0.0,0.9999999999974644,0.9999999989999999,25,10.04,United Kingdom,1
16983,0,26,5,1748.15,349.63,18.5,67,0.0,0.999999999999428,0.9999999998,97,11.206185567010309,United Kingdom,0
16984,1,61,7,5891.01,841.5728571428572,39.166666666666664,476,0.5,-0.2625950388812338,-0.1428571428367347,672,4.087797619047619,United Kingdom,0
16985,0,15,12,5430.8099999999995,452.56749999999994,30.818181818181817,73,0.14285714285714285,0.25441324590618075,0.33333333330555553,110,12.572727272727272,United Kingdom,0
16986,1,102,9,3015.55,335.06111111111113,28.25,64,0.0,-0.8855930095667837,-0.777777777691358,171,8.76608187134503,United Kingdom,0
16987,0,33,2,613.69,306.845,229.0,78,0.0,-0.15755511740429604,0.0,89,2.044943820224719,United Kingdom,0
16988,1,36,1,256.55,256.55,48.75,13,0.0,0.9999999999961021,0.9999999989999999,13,8.846153846153847,United Kingdom,1
16990,0,79,1,165.0,165.0,48.75,1,0.0,0.9999999999939394,0.9999999989999999,1,100.0,United Kingdom,1
16991,1,78,1,1041.21,1041.21,48.75,74,0.0,0.9999999999990395,0.9999999989999999,74,10.716216216216216,United Kingdom,1
16992,0,44,8,3862.19,482.77375,39.42857142857143,154,0.1111111111111111,0.3355945719914516,0.24999999996875,192,6.255208333333333,United Kingdom,0
16993,1,120,2,1950.95,975.475,112.0,19,0.3333333333333333,0.26210307798751276,0.0,28,10.178571428571429,United Kingdom,0
16996,0,10,5,794.19,158.83800000000002,15.75,29,0.375,0.9999999999987409,0.9999999998,42,10.023809523809524,United Kingdom,0
16998,0,101,1,107.0,107.0,48.75,2,0.0,0.9999999999906541,0.9999999989999999,2,14.0,United Kingdom,1
17000,1,53,2,406.3,203.15,11.0,26,0.0,0.9999999999975387,0.9999999995,30,10.166666666666666,United Kingdom,0
17001,0,15,9,3049.19,338.7988888888889,32.75,62,0.0,0.3578163381093477,0.3333333332962963,118,15.915254237288135,United Kingdom,0
17002,0,100,4,1077.82,269.455,65.66666666666667,32,0.0,0.19474494813587168,-0.499999999875,35,16.742857142857144,United Kingdom,0
17003,1,59,4,828.2099999999999,207.05249999999998,58.333333333333336,90,0.0,0.6513927627043246,0.499999999875,111,4.45045045045045,United Kingdom,0
17004,1,49,2,1012.22,506.11,31.0,21,0.0,0.9999999999990121,0.9999999995,26,17.76923076923077,United Kingdom,0
17005,1,127,2,622.36,311.18,118.0,14,0.3333333333333333,-0.07253036827547955,0.0,18,38.388888888888886,United Kingdom,0
17006,1,49,4,853.49,213.3725,83.66666666666667,77,0.0,0.5787648361426863,0.499999999875,85,3.5294117647058822,United Kingdom,0
17007,0,14,3,437.29,145.76333333333335,40.0,27,0.25,0.9999999999977132,0.9999999996666666,27,8.296296296296296,United Kingdom,0
17008,1,86,1,81.36,81.36,48.75,1,0.0,0.9999999999877089,0.9999999989999999,1,24.0,United Kingdom,1
17009,1,208,1,242.06,242.06,48.75,10,0.0,-0.9999999999958689,-0.9999999989999999,11,30.545454545454547,United Kingdom,1
17011,1,304,2,400.79999999999995,200.39999999999998,4.0,12,0.3333333333333333,-0.999999999997505,-0.9999999995,13,46.61538461538461,United Kingdom,0
17016,1,233,1,552.4,552.4,48.75,41,0.0,-0.9999999999981898,-0.9999999989999999,41,7.536585365853658,United Kingdom,1
17017,0,17,13,5962.87,458.6823076923077,14.75,69,0.2777777777777778,0.8625427017525349,0.8461538460887574,192,23.677083333333332,United Kingdom,0
17018,0,44,3,1016.0,338.6666666666667,156.5,11,0.0,-0.20275590551161146,-0.3333333332222222,16,10.0,United Kingdom,0
17019,0,25,7,2490.37,355.76714285714286,42.5,246,0.125,0.35949276613500825,0.4285714285102041,422,3.796208530805687,United Kingdom,0
17020,1,199,2,935.62,467.81,104.0,64,0.0,-0.9999999999989312,-0.9999999995,69,12.46376811594203,United Kingdom,0
17021,1,99,6,1182.22,197.03666666666666,28.8,35,0.0,0.04936475444498531,0.33333333327777775,48,20.666666666666668,United Kingdom,0
17022,1,89,1,189.0,189.0,48.75,9,0.0,0.999999999994709,0.9999999989999999,9,8.0,United Kingdom,1
17023,1,74,3,800.1800000000001,266.7266666666667,139.5,48,0.0,0.6442050538620757,0.3333333332222222,49,10.816326530612244,United Kingdom,0
17025,1,30,4,1152.8700000000001,288.21750000000003,89.33333333333333,28,0.0,-0.4723255874465704,0.499999999875,33,23.90909090909091,United Kingdom,0
17026,0,26,2,54.15,27.075,47.0,4,0.0,0.9999999999815329,0.9999999995,4,8.75,United Kingdom,0
17027,0,103,2,293.22,146.61,207.0,28,0.0,0.2879066912206264,0.0,28,8.071428571428571,United Kingdom,0
17028,1,238,2,1285.92,642.96,72.0,73,0.0,-0.9999999999992224,-0.9999999995,78,9.012820512820513,United Kingdom,0
17029,0,39,5,1421.3,284.26,69.75,19,0.0,0.1542953633995959,0.19999999996,27,32.03703703703704,United Kingdom,0
17031,1,35,4,2393.5,598.375,67.0,22,0.0,-0.6503029036972424,0.0,28,48.57142857142857,United Kingdom,0
17032,1,204,7,2150.07,307.15285714285716,24.0,147,0.4166666666666667,-0.9999999999995349,-0.9999999998571428,179,6.569832402234637,United Kingdom,0
17033,0,16,2,610.45,305.225,38.0,18,0.0,0.9999999999983619,0.9999999995,20,12.25,United Kingdom,0
17034,0,66,2,530.9,265.45,104.0,26,0.3333333333333333,0.9999999999981164,0.9999999995,28,10.142857142857142,United Kingdom,0
17035,0,248,1,125.46000000000001,125.46000000000001,48.75,3,0.0,-0.9999999999920293,-0.9999999989999999,3,20.666666666666668,United Kingdom,1
17036,1,40,1,176.9,176.9,48.75,12,0.0,0.9999999999943472,0.9999999989999999,12,6.333333333333333,United Kingdom,1
17038,1,72,1,630.77,630.77,48.75,41,0.0,0.9999999999984146,0.9999999989999999,41,12.365853658536585,United Kingdom,1
17039,1,261,1,1954.99,1954.99,48.75,44,0.0,-0.9999999999994885,-0.9999999989999999,44,15.659090909090908,United Kingdom,1
17040,1,207,1,13.52,13.52,48.75,1,0.0,-0.9999999999260355,-0.9999999989999999,1,8.0,United Kingdom,1
17041,1,17,4,888.21,222.0525,79.33333333333333,58,0.2,0.5036984496903845,0.0,74,7.648648648648648,United Kingdom,0
17043,0,32,3,481.40999999999997,160.47,97.5,46,0.0,0.220872021768927,0.3333333332222222,51,4.627450980392157,United Kingdom,0
17044,1,31,10,10023.34,1002.3340000000001,29.0,86,0.23076923076923078,0.5575327186346509,0.39999999996,132,36.53030303030303,United Kingdom,0
17045,0,33,2,488.24,244.12,52.0,28,0.0,0.9999999999979519,0.9999999995,31,6.064516129032258,United Kingdom,0
17046,1,101,4,1264.0500000000002,316.01250000000005,58.333333333333336,57,0.0,0.43128831929082617,0.499999999875,63,17.873015873015873,United Kingdom,0
17047,0,88,2,865.6800000000001,432.84000000000003,178.0,53,0.0,-0.024119767119462076,0.0,55,7.927272727272728,United Kingdom,0
17048,0,94,4,1146.33,286.5825,84.0,52,0.2,0.23193146825065042,0.0,58,10.051724137931034,United Kingdom,0
17049,0,32,10,4287.5,428.75,29.444444444444443,157,0.2857142857142857,0.2530332361515445,0.39999999996,241,6.639004149377594,United Kingdom,0
17050,0,32,5,1462.9499999999998,292.59,76.25,27,0.16666666666666666,-0.10817184456057401,-0.19999999996,41,20.414634146341463,United Kingdom,0
17051,0,103,3,465.6,155.20000000000002,90.5,92,0.0,-0.21585051546345393,-0.3333333332222222,113,2.9026548672566372,United Kingdom,0
17055,1,102,1,232.85,232.85,48.75,24,0.0,0.9999999999957054,0.9999999989999999,26,3.1923076923076925,United Kingdom,1
17057,1,253,1,294.74,294.74,48.75,48,0.0,-0.9999999999966073,-0.9999999989999999,50,2.58,United Kingdom,1
17059,0,26,5,2506.54,501.308,77.5,208,0.16666666666666666,-0.0786502509435003,-0.19999999996,324,5.333333333333333,United Kingdom,0
17062,0,15,5,787.11,157.422,19.75,73,0.16666666666666666,0.9999999999987296,0.9999999998,103,5.339805825242719,United Kingdom,0
17063,0,64,5,1898.78,379.756,58.25,79,0.5454545454545454,0.13825719672624623,0.19999999996,102,9.803921568627452,United Kingdom,0
17065,1,294,2,194.7,97.35,0.0,6,0.0,-0.999999999994864,-0.9999999995,12,6.833333333333333,United Kingdom,0
17068,0,15,28,4732.99,169.03535714285712,9.25925925925926,205,0.034482758620689655,0.33705332147324696,0.357142857130102,731,3.153214774281806,United Kingdom,0
17069,0,11,6,2890.1800000000003,481.6966666666667,45.2,106,0.3333333333333333,0.48080742375890745,0.6666666665555555,134,11.649253731343284,United Kingdom,0
17070,1,67,1,133.18,133.18,48.75,41,0.0,0.9999999999924915,0.9999999989999999,41,2.4634146341463414,United Kingdom,1
17071,0,38,4,1364.6799999999998,341.16999999999996,100.33333333333333,57,0.3333333333333333,-0.00957000908637217,0.0,71,10.380281690140846,United Kingdom,0
17072,1,282,1,273.35,273.35,48.75,20,0.0,-0.9999999999963417,-0.9999999989999999,21,10.095238095238095,United Kingdom,1
17074,1,219,1,203.05,203.05,48.75,4,0.0,-0.9999999999950752,-0.9999999989999999,4,4.75,United Kingdom,1
17075,0,86,5,1214.81,242.962,62.75,95,0.0,0.060956034276914914,-0.19999999996,109,4.08256880733945,United Kingdom,0
17076,0,21,3,485.49,161.83,136.0,22,0.0,0.48888751570477484,0.3333333332222222,29,7.896551724137931,United Kingdom,0
17077,1,235,1,306.0,306.0,48.75,1,0.0,-0.9999999999967321,-0.9999999989999999,1,36.0,United Kingdom,1
17080,0,36,5,669.91,133.982,36.25,19,0.0,0.9999999999985073,0.9999999998,25,16.12,United Kingdom,0
17081,1,52,4,660.48,165.12,85.66666666666667,121,0.0,0.15958091085247153,0.0,144,2.111111111111111,United Kingdom,0
17082,0,51,2,1819.98,909.99,230.0,44,0.0,0.03605534126746659,0.0,59,16.220338983050848,United Kingdom,0
17083,0,66,6,2644.0099999999998,440.6683333333333,51.2,26,0.14285714285714285,0.05610795723160806,0.0,63,18.77777777777778,United Kingdom,0
17084,1,53,1,2253.22,2253.22,48.75,132,0.5,0.9999999999995562,0.9999999989999999,132,11.181818181818182,United Kingdom,1
17085,0,11,22,6489.67,294.985,15.19047619047619,360,0.15384615384615385,0.459947886410178,0.3636363636198347,807,3.5997521685254026,United Kingdom,0
17089,1,43,1,128.45,128.45,48.75,4,0.0,0.999999999992215,0.9999999989999999,4,8.75,United Kingdom,1
17090,0,11,7,1166.73,166.6757142857143,25.333333333333332,17,0.125,0.9999999999991429,0.9999999998571428,31,15.0,United Kingdom,0
17091,0,24,10,3684.94,368.494,32.22222222222222,161,0.16666666666666666,0.2733341655494328,0.19999999998,261,7.681992337164751,United Kingdom,0
17092,0,94,7,3737.38,533.9114285714286,39.5,192,0.3,0.2217435743755728,0.1428571428367347,268,9.843283582089553,United Kingdom,0
17093,1,249,1,235.88,235.88,48.75,13,0.0,-0.9999999999957606,-0.9999999989999999,13,8.76923076923077,United Kingdom,1
17094,0,80,1,100.2,100.2,48.75,4,0.0,0.9999999999900199,0.9999999989999999,4,15.0,United Kingdom,1
17095,0,87,3,946.19,315.3966666666667,100.0,49,0.25,0.3066297466678926,0.3333333332222222,52,19.596153846153847,United Kingdom,0
17096,0,40,7,2675.8,382.25714285714287,28.333333333333332,128,0.3,0.33160176395831836,0.4285714285102041,157,7.770700636942675,United Kingdom,0
17097,0,22,2,363.65999999999997,181.82999999999998,65.0,84,0.0,0.9999999999972502,0.9999999995,96,1.9791666666666667,Spain,0
17098,1,38,3,591.07,197.02333333333334,79.5,10,0.0,-0.01331483580622726,0.3333333332222222,18,6.944444444444445,United Kingdom,0
17099,1,190,1,582.17,582.17,48.75,40,0.0,-0.9999999999982823,-0.9999999989999999,40,7.925,United Kingdom,1
17101,0,51,3,885.3199999999999,295.1066666666666,77.5,28,0.0,0.6195725839237569,0.3333333332222222,31,11.612903225806452,United Kingdom,0
17104,1,80,1,474.03,474.03,48.75,19,0.0,0.9999999999978905,0.9999999989999999,19,7.842105263157895,United Kingdom,1
17106,1,46,1,481.58,481.58,48.75,51,0.0,0.9999999999979235,0.9999999989999999,51,3.0,United Kingdom,1
17107,0,54,4,5255.24,1313.81,92.66666666666667,197,0.3333333333333333,-0.2435473926975279,0.0,254,10.645669291338583,United Kingdom,0
17108,1,320,1,174.95,174.95,48.75,9,0.0,-0.9999999999942841,-0.9999999989999999,9,3.4444444444444446,United Kingdom,1
17109,0,63,2,410.41999999999996,205.20999999999998,91.0,22,0.0,0.9999999999975635,0.9999999995,23,8.695652173913043,United Kingdom,0
17110,0,177,2,336.6,168.3,89.0,32,0.0,-0.13190730837750475,0.0,37,2.324324324324324,United Kingdom,0
17111,1,82,1,227.97,227.97,48.75,19,0.0,0.9999999999956135,0.9999999989999999,19,15.736842105263158,United Kingdom,1
17112,1,159,1,197.57,197.57,48.75,44,0.0,0.9999999999949386,0.9999999989999999,47,2.765957446808511,United Kingdom,1
17113,1,231,6,2305.59,384.26500000000004,24.2,122,0.25,-0.9999999999995662,-0.9999999998333333,158,5.7784810126582276,United Kingdom,0
17115,0,205,3,1489.8400000000001,496.6133333333334,65.5,64,0.5714285714285714,-0.9999999999993288,-0.9999999996666666,66,6.333333333333333,United Kingdom,0
17116,1,305,1,389.78,389.78,48.75,47,0.0,-0.9999999999974345,-0.9999999989999999,47,8.340425531914894,United Kingdom,1
17121,1,59,1,314.74,314.74,48.75,12,0.0,0.9999999999968228,0.9999999989999999,12,8.833333333333334,United Kingdom,1
17122,1,45,3,432.18,144.06,55.5,19,0.0,0.9999999999976862,0.9999999996666666,23,12.521739130434783,United Kingdom,0
17123,1,96,2,631.87,315.935,133.0,31,0.0,0.31201038188185537,0.0,34,12.647058823529411,United Kingdom,0
17126,0,19,5,1228.93,245.786,25.5,183,0.16666666666666666,0.9999999999991863,0.9999999998,250,2.9,United Kingdom,0
17127,1,85,4,1017.0800000000002,254.27000000000004,34.333333333333336,22,0.0,0.39428560191883205,0.499999999875,31,9.387096774193548,United Kingdom,0
17129,1,177,1,31.85,31.85,48.75,2,0.0,0.9999999999686028,0.9999999989999999,2,2.5,United Kingdom,1
17132,1,109,2,1220.9099999999999,610.4549999999999,36.0,62,0.0,0.999999999999181,0.9999999995,71,13.56338028169014,United Kingdom,0
17133,0,131,5,9730.09,1946.018,38.0,16,0.16666666666666666,-0.6607965599495318,-0.59999999988,29,254.3793103448276,United Kingdom,0
17134,0,99,1,212.1,212.1,48.75,13,0.0,0.9999999999952853,0.9999999989999999,13,3.5384615384615383,United Kingdom,1
17135,0,28,4,798.03,199.5075,68.33333333333333,79,0.2,0.5729483853983273,0.499999999875,100,6.84,United Kingdom,0
17136,1,319,1,231.68,231.68,48.75,14,0.0,-0.9999999999956838,-0.9999999989999999,14,18.285714285714285,United Kingdom,1
17137,1,73,6,1099.81,183.30166666666665,51.8,125,0.0,-0.3739282239656178,-0.33333333327777775,167,4.07185628742515,United Kingdom,0
17138,0,46,6,4036.77,672.795,56.2,217,0.0,-0.928209930216255,-0.6666666665555555,232,8.181034482758621,United Kingdom,0
17139,0,46,13,8915.99,685.8453846153845,25.333333333333332,226,0.07142857142857142,-0.10925651554116719,-0.2307692307514793,331,14.129909365558913,United Kingdom,0
17141,1,75,4,727.58,181.895,88.66666666666667,138,0.0,-0.10115726105706432,0.0,162,2.611111111111111,United Kingdom,0
17142,0,61,3,696.25,232.08333333333334,139.5,67,0.0,-0.2583123877913705,-0.3333333332222222,74,3.2567567567567566,United Kingdom,0
17143,1,74,2,880.97,440.485,98.0,82,0.0,0.9999999999988649,0.9999999995,112,2.8035714285714284,United Kingdom,0
17145,1,169,4,3120.91,780.2275,48.333333333333336,168,0.42857142857142855,0.4251484342706373,0.499999999875,180,14.394444444444444,United Kingdom,0
17146,0,15,11,5401.110000000001,491.01000000000005,31.1,158,0.21428571428571427,-0.05396483315465632,0.09090909090082644,282,7.329787234042553,United Kingdom,0
17147,0,109,5,1485.3600000000001,297.072,60.75,41,0.5,-0.37462971939437256,-0.59999999988,55,7.745454545454545,United Kingdom,0
17149,1,108,1,143.10000000000002,143.10000000000002,48.75,6,0.0,0.9999999999930119,0.9999999989999999,6,3.0,United Kingdom,1
17150,1,33,4,1042.3,260.575,90.33333333333333,48,0.0,0.0789599923245909,0.0,68,4.382352941176471,United Kingdom,0
17152,0,82,1,327.0,327.0,48.75,2,0.0,0.9999999999969419,0.9999999989999999,2,30.0,United Kingdom,1
17155,0,184,3,368.4,122.8,46.5,20,0.0,-0.9999999999972856,-0.9999999996666666,31,12.387096774193548,United Kingdom,0
17156,1,148,1,591.87,591.87,48.75,39,0.5,0.9999999999983105,0.9999999989999999,39,10.025641025641026,United Kingdom,1
17157,0,137,12,3171.86,264.32166666666666,17.0,60,0.0,-0.3880183866878148,-0.49999999995833333,106,12.377358490566039,United Kingdom,0
17158,0,17,3,1126.82,375.6066666666666,140.5,50,0.25,-0.2655614916310807,-0.3333333332222222,71,8.732394366197184,United Kingdom,0
17159,0,134,2,560.71,280.355,167.0,27,0.0,0.06796739847680984,0.0,29,8.172413793103448,United Kingdom,0
17160,0,31,10,5865.1900000000005,586.519,34.22222222222222,146,0.09090909090909091,0.2029584719335259,0.0,363,13.446280991735538,United Kingdom,0
17161,1,101,1,856.01,856.01,48.75,52,0.0,0.9999999999988318,0.9999999989999999,52,10.326923076923077,United Kingdom,1
17163,1,102,2,406.68,203.34,229.0,24,0.0,0.30539982295587337,0.0,25,18.6,United Kingdom,0
17165,0,38,4,1259.98,314.995,104.33333333333333,62,0.2,-0.3226717884408303,-0.499999999875,72,7.972222222222222,United Kingdom,0
17167,1,36,3,867.11,289.0366666666667,32.0,64,0.0,0.9999999999988468,0.9999999996666666,79,5.430379746835443,United Kingdom,0
17168,1,155,1,400.2,400.2,48.75,21,0.0,0.9999999999975012,0.9999999989999999,21,10.476190476190476,United Kingdom,1
17169,0,235,1,320.95,320.95,48.75,21,0.5,-0.9999999999968843,-0.9999999989999999,21,6.904761904761905,United Kingdom,1
17170,1,31,2,178.68,89.34,14.0,8,0.3333333333333333,0.9999999999944035,0.9999999995,10,15.2,United Kingdom,0
17171,0,318,1,159.68,159.68,48.75,9,0.0,-0.9999999999937376,-0.9999999989999999,9,4.444444444444445,United Kingdom,1
17172,1,87,1,301.99,301.99,48.75,10,0.6666666666666666,0.9999999999966886,0.9999999989999999,10,35.3,United Kingdom,1
17176,0,183,2,596.1899999999999,298.09499999999997,150.0,25,0.0,0.03943373756681689,0.0,27,15.037037037037036,United Kingdom,0
17177,1,162,1,119.5,119.5,48.75,29,0.0,0.9999999999916318,0.9999999989999999,29,1.3793103448275863,United Kingdom,1
17179,0,18,4,1038.47,259.6175,66.33333333333333,49,0.0,0.6279719202281933,0.499999999875,98,4.418367346938775,United Kingdom,0
17180,0,79,7,1452.8,207.54285714285714,43.5,149,0.125,-0.46230726872214883,-0.4285714285102041,275,4.141818181818182,United Kingdom,0
17181,1,30,2,225.45000000000002,112.72500000000001,222.0,7,0.0,0.3796407185611903,0.0,7,34.714285714285715,United Kingdom,0
17182,1,79,1,142.8,142.8,48.75,4,0.0,0.9999999999929973,0.9999999989999999,4,6.0,United Kingdom,1
17184,1,226,1,147.86,147.86,48.75,11,0.0,-0.999999999993237,-0.9999999989999999,11,5.2727272727272725,United Kingdom,1
17185,1,248,3,229.46,76.48666666666666,3.0,38,0.0,-0.999999999995642,-0.9999999996666666,44,2.7045454545454546,United Kingdom,0
17187,0,183,1,263.76,263.76,48.75,13,0.0,0.9999999999962087,0.9999999989999999,13,21.692307692307693,United Kingdom,1
17188,0,19,6,2304.3199999999997,384.0533333333333,66.6,79,0.3333333333333333,0.13996319955555656,0.0,86,14.430232558139535,United Kingdom,0
17189,1,16,2,353.88,176.94,201.0,55,0.0,0.2804905617715597,0.0,61,3.0,United Kingdom,0
17190,0,60,5,1281.83,256.366,60.0,143,0.0,-0.4625496360668244,-0.19999999996,171,12.029239766081872,United Kingdom,0
17191,0,25,10,2465.0299999999997,246.503,34.22222222222222,189,0.09090909090909091,0.08316734481929909,0.19999999998,301,4.20265780730897,United Kingdom,0
17192,1,193,1,75.28,75.28,48.75,20,0.0,-0.9999999999867162,-0.9999999989999999,20,2.25,United Kingdom,1
17193,0,43,1,565.74,565.74,48.75,11,0.0,0.9999999999982324,0.9999999989999999,11,34.36363636363637,United Kingdom,1
17194,0,17,2,802.5,401.25,169.0,57,0.0,-0.37041744548240446,0.0,60,6.983333333333333,United Kingdom,0
17195,1,312,1,562.98,562.98,48.75,31,0.0,-0.9999999999982238,-0.9999999989999999,31,15.67741935483871,United Kingdom,1
17196,1,84,1,327.75,327.75,48.75,84,0.0,0.9999999999969489,0.9999999989999999,93,1.6559139784946237,United Kingdom,1
17198,1,22,2,521.66,260.83,5.0,73,0.0,0.9999999999980831,0.9999999995,77,3.142857142857143,United Kingdom,0
17199,1,239,1,135.04000000000002,135.04000000000002,48.75,8,0.0,-0.9999999999925948,-0.9999999989999999,8,29.0,United Kingdom,1
17200,1,44,4,356.71,89.1775,88.0,25,0.0,0.07454234532232194,0.0,25,14.68,United Kingdom,0
17201,1,180,3,853.3199999999999,284.44,71.0,119,0.25,-0.44541320958087777,-0.3333333332222222,133,5.81203007518797,United Kingdom,0
17202,1,77,1,160.65,160.65,48.75,8,0.0,0.9999999999937753,0.9999999989999999,8,6.875,United Kingdom,1
17203,1,45,4,2004.01,501.0025,0.0,84,0.0,0.999999999999501,0.99999999975,113,15.495575221238939,United Kingdom,0
17204,0,31,5,3940.13,788.0260000000001,43.0,89,0.2857142857142857,0.848060850783896,0.59999999988,120,16.708333333333332,United Kingdom,0
17205,1,73,2,615.27,307.635,148.0,18,0.0,0.10624603832446529,0.0,22,60.45454545454545,United Kingdom,0
17207,1,309,1,292.62,292.62,48.75,55,0.0,-0.9999999999965826,-0.9999999989999999,60,3.8833333333333333,United Kingdom,1
17208,1,52,1,111.15,111.15,48.75,21,0.0,0.9999999999910031,0.9999999989999999,23,4.391304347826087,United Kingdom,1
17209,1,306,1,222.5,222.5,48.75,31,0.0,-0.9999999999955057,-0.9999999989999999,32,3.53125,United Kingdom,1
17210,1,49,1,251.72,251.72,48.75,47,0.0,0.9999999999960274,0.9999999989999999,53,4.566037735849057,United Kingdom,1
17211,0,10,6,1506.29,251.04833333333332,64.0,118,0.14285714285714285,0.29170345683746707,0.33333333327777775,145,5.910344827586207,United Kingdom,0
17212,0,115,2,567.56,283.78,28.0,25,0.0,0.9999999999982381,0.9999999995,25,23.2,United Kingdom,0
17213,0,10,6,2093.37,348.895,66.8,74,0.3333333333333333,0.30513955965724876,0.33333333327777775,114,8.324561403508772,United Kingdom,0
17214,0,16,1,171.05,171.05,48.75,14,0.0,0.9999999999941538,0.9999999989999999,14,3.0714285714285716,United Kingdom,1
17215,1,121,1,186.15,186.15,48.75,11,0.0,0.9999999999946281,0.9999999989999999,11,9.454545454545455,United Kingdom,1
17216,1,211,1,63.6,63.6,48.75,13,0.0,-0.9999999999842768,-0.9999999989999999,13,1.6153846153846154,United Kingdom,1
17217,0,276,1,96.6,96.6,48.75,18,0.0,-0.999999999989648,-0.9999999989999999,18,3.8333333333333335,United Kingdom,1
17218,0,12,11,2540.7,230.97272727272727,32.4,181,0.0,0.4701538945957925,0.45454545450413225,295,4.569491525423729,United Kingdom,0
17219,1,73,1,144.9,144.9,48.75,24,0.0,0.9999999999930987,0.9999999989999999,25,3.96,United Kingdom,1
17220,0,21,8,1587.26,198.4075,46.142857142857146,187,0.0,0.19995463881141096,0.0,237,3.5822784810126582,United Kingdom,0
17221,1,248,3,642.14,214.04666666666665,7.5,58,0.0,-0.9999999999984427,-0.9999999996666666,62,6.870967741935484,United Kingdom,0
17222,1,134,5,1250.8600000000001,250.17200000000003,55.0,71,0.0,-0.06424380026536604,-0.59999999988,85,8.647058823529411,United Kingdom,0
17223,0,25,2,433.99,216.995,6.0,49,0.0,0.9999999999976958,0.9999999995,51,2.1372549019607843,United Kingdom,0
17224,1,158,1,100.86,100.86,48.75,8,0.0,0.9999999999900853,0.9999999989999999,8,8.125,United Kingdom,1
17225,1,238,1,131.15,131.15,48.75,5,0.0,-0.9999999999923752,-0.9999999989999999,5,7.2,United Kingdom,1
17226,0,101,2,501.97999999999996,250.98999999999998,220.0,34,0.0,-0.6772779792010094,0.0,38,11.763157894736842,United Kingdom,0
17227,0,25,7,1081.86,154.55142857142854,53.5,44,0.0,0.04405375926640777,0.1428571428367347,77,13.402597402597403,United Kingdom,0
17228,0,24,7,1269.8899999999999,181.41285714285712,44.5,107,0.0,0.24732063407047283,0.1428571428367347,149,6.932885906040268,United Kingdom,0
17230,0,11,13,5505.6,423.5076923076923,26.666666666666668,92,0.1875,0.0026191514094735273,-0.07692307691715976,126,18.904761904761905,United Kingdom,0
17231,0,18,14,3636.4,259.74285714285713,24.846153846153847,341,0.3,-0.12701022989766614,-0.14285714284693876,646,2.763157894736842,United Kingdom,0
17233,1,105,1,190.62,190.62,48.75,20,0.0,0.999999999994754,0.9999999989999999,20,5.35,United Kingdom,1
17235,1,29,7,1354.82,193.54571428571427,29.666666666666668,41,0.0,0.8267961795656791,0.7142857141836735,70,10.67142857142857,United Kingdom,0
17236,0,19,7,1139.4099999999999,162.77285714285713,46.333333333333336,48,0.0,-0.2577211012714846,-0.1428571428367347,62,6.403225806451613,United Kingdom,0
17237,1,32,2,679.4399999999999,339.71999999999997,6.0,58,0.0,0.9999999999985282,0.9999999995,60,5.15,United Kingdom,0
17238,0,28,14,3422.76,244.48285714285717,19.846153846153847,306,0.0,0.14542065467630058,0.2857142856938775,565,3.0035398230088495,United Kingdom,0
17239,0,44,3,806.95,268.98333333333335,69.5,8,0.25,0.9999999999987608,0.9999999996666666,17,21.470588235294116,United Kingdom,0
17240,1,253,1,130.6,130.6,48.75,7,0.0,-0.9999999999923431,-0.9999999989999999,7,15.428571428571429,United Kingdom,1
17241,1,42,12,2736.6400000000003,228.05333333333337,24.636363636363637,116,0.0,-0.4411394995321119,-0.33333333330555553,170,5.052941176470588,United Kingdom,0
17242,0,113,3,1754.2399999999998,584.7466666666666,113.5,27,0.0,-0.15940806275073002,-0.3333333332222222,44,19.272727272727273,United Kingdom,0
17243,0,12,37,8371.94,226.26864864864865,9.083333333333334,227,0.1590909090909091,0.14034500963932603,0.08108108107888971,570,6.08421052631579,United Kingdom,0
17244,1,40,3,610.49,203.49666666666667,0.0,65,0.0,0.999999999998362,0.9999999996666666,68,10.970588235294118,United Kingdom,0
17245,0,346,1,200.18,200.18,48.75,15,0.0,-0.9999999999950046,-0.9999999989999999,16,14.5,United Kingdom,1
17246,1,203,1,15.44,15.44,48.75,2,0.0,-0.9999999999352331,-0.9999999989999999,2,1.0,United Kingdom,1
17248,1,138,1,181.89000000000001,181.89000000000001,48.75,34,0.0,0.9999999999945022,0.9999999989999999,35,1.8,United Kingdom,1
17249,1,85,1,68.03,68.03,48.75,27,0.0,0.9999999999853005,0.9999999989999999,27,2.925925925925926,United Kingdom,1
17251,1,19,2,492.58,246.29,20.0,50,0.3333333333333333,0.9999999999979698,0.9999999995,58,3.7758620689655173,United Kingdom,0
17254,1,58,1,198.29,198.29,48.75,36,0.0,0.9999999999949569,0.9999999989999999,36,4.055555555555555,United Kingdom,1
17255,0,47,2,490.21999999999997,245.10999999999999,55.0,99,0.0,0.9999999999979601,0.9999999995,108,3.2962962962962963,United Kingdom,0
17256,0,138,3,258.93,86.31,59.0,14,0.0,-0.1866527632943782,-0.3333333332222222,15,10.533333333333333,United Kingdom,0
17257,1,93,2,189.78,94.89,0.0,14,0.0,0.9999999999947308,0.9999999995,14,13.357142857142858,United Kingdom,0
17258,1,53,2,417.30000000000007,208.65000000000003,268.0,46,0.0,-0.36041217349542193,0.0,55,3.418181818181818,United Kingdom,0
17259,1,25,5,1239.1100000000001,247.82200000000003,71.25,159,0.0,0.0048663960423168395,0.19999999996,196,3.63265306122449,United Kingdom,0
17260,1,68,1,120.95,120.95,48.75,6,0.0,0.9999999999917321,0.9999999989999999,6,3.8333333333333335,United Kingdom,1
17261,1,166,1,221.59,221.59,48.75,43,0.0,0.9999999999954872,0.9999999989999999,43,2.2093023255813953,United Kingdom,1
17262,0,23,6,1334.7600000000002,222.46000000000004,44.4,4,0.0,0.5734064550926208,0.0,8,41.5,United Kingdom,0
17264,1,81,1,268.28,268.28,48.75,70,0.0,0.9999999999962725,0.9999999989999999,74,2.9324324324324325,United Kingdom,1
17266,1,156,2,205.14,102.57,141.0,43,0.0,-0.11855318319138859,0.0,46,1.9565217391304348,United Kingdom,0
17268,0,102,6,814.55,135.75833333333333,37.4,15,0.0,-0.6493769566010076,-0.33333333327777775,16,28.8125,United Kingdom,0
17269,1,42,1,491.81,491.81,48.75,110,0.0,0.9999999999979667,0.9999999989999999,125,2.512,United Kingdom,1
17270,1,126,1,211.82999999999998,211.82999999999998,48.75,31,0.0,0.9999999999952793,0.9999999989999999,33,4.7272727272727275,United Kingdom,1
17273,1,81,1,141.12,141.12,48.75,12,0.0,0.9999999999929139,0.9999999989999999,12,11.083333333333334,United Kingdom,1
17274,1,52,1,465.4,465.4,48.75,52,0.0,0.9999999999978514,0.9999999989999999,52,3.730769230769231,United Kingdom,1
17275,1,40,1,114.1,114.1,48.75,23,0.0,0.9999999999912357,0.9999999989999999,23,3.0869565217391304,United Kingdom,1
17276,1,59,1,502.49,502.49,48.75,50,0.5,0.9999999999980099,0.9999999989999999,53,3.5283018867924527,United Kingdom,1
17278,0,222,1,25.2,25.2,48.75,2,0.0,-0.9999999999603174,-0.9999999989999999,2,8.0,United Kingdom,1
17280,1,95,1,118.85999999999999,118.85999999999999,48.75,6,0.0,0.9999999999915867,0.9999999989999999,6,12.333333333333334,United Kingdom,1
17281,1,31,6,797.8499999999999,132.975,59.2,2,0.0,0.1426959954876948,0.0,6,49.166666666666664,United Kingdom,0
17282,0,113,2,623.0799999999999,311.53999999999996,92.0,107,0.0,-0.13285613404356933,0.0,115,4.052173913043478,United Kingdom,0
17283,1,35,1,188.46,188.46,48.75,15,0.0,0.9999999999946939,0.9999999989999999,15,11.933333333333334,United Kingdom,1
17284,0,46,2,1140.58,570.29,56.0,80,0.5,0.9999999999991233,0.9999999995,82,8.621951219512194,United Kingdom,0
17285,1,285,2,407.94,203.97,34.0,41,0.0,-0.9999999999975487,-0.9999999995,44,3.0454545454545454,United Kingdom,0
17286,1,57,2,237.81,118.905,0.0,46,0.0,0.999999999995795,0.9999999995,46,5.456521739130435,United Kingdom,0
17287,0,24,12,2535.29,211.27416666666667,26.363636363636363,208,0.14285714285714285,0.3975915970163581,0.16666666665277777,297,4.158249158249158,United Kingdom,0
17288,0,15,5,1184.3600000000001,236.872,8.5,133,0.0,0.9999999999991557,0.9999999998,155,4.219354838709678,United Kingdom,0
17289,0,33,6,1110.78,185.13,52.4,130,0.14285714285714285,0.08471524514297638,0.0,162,4.469135802469136,United Kingdom,0
17290,1,38,5,918.5,183.7,60.0,93,0.0,0.09977136635808406,-0.19999999996,97,6.381443298969073,United Kingdom,0
17292,1,129,2,271.75,135.875,107.0,14,0.0,-0.040294388224322915,0.0,15,8.733333333333333,United Kingdom,0
17293,0,18,7,1837.67,262.5242857142857,51.333333333333336,80,0.0,0.4276992060596147,0.1428571428367347,105,10.485714285714286,United Kingdom,0
17294,1,326,2,467.78999999999996,233.89499999999998,0.0,17,0.0,-0.9999999999978623,-0.9999999995,17,17.470588235294116,United Kingdom,0
17298,1,31,3,455.84000000000003,151.9466666666667,133.5,38,0.25,0.4646367146356953,0.3333333332222222,39,11.923076923076923,United Kingdom,0
17299,0,96,2,336.62,168.31,41.0,52,0.0,0.9999999999970294,0.9999999995,58,4.327586206896552,United Kingdom,0
17300,1,47,2,393.64,196.82,90.0,37,0.0,0.9999999999974596,0.9999999995,44,10.613636363636363,United Kingdom,0
17301,1,281,1,131.15,131.15,48.75,52,0.0,-0.9999999999923752,-0.9999999989999999,54,1.462962962962963,United Kingdom,1
17303,1,18,1,250.04,250.04,48.75,53,0.0,0.9999999999960006,0.9999999989999999,53,2.7169811320754715,United Kingdom,1
17304,1,191,1,111.5,111.5,48.75,5,0.0,-0.9999999999910314,-0.9999999989999999,5,14.6,United Kingdom,1
17305,1,305,1,2135.46,2135.46,48.75,9,0.0,-0.9999999999995317,-0.9999999989999999,9,111.77777777777777,United Kingdom,1
17306,0,10,3,1475.04,491.68,25.0,5,0.0,0.9999999999993221,0.9999999996666666,7,507.42857142857144,United Kingdom,0
17307,1,52,11,3999.8900000000003,363.6263636363637,29.0,22,0.26666666666666666,-0.0001575043313690437,0.09090909090082644,48,76.39583333333333,United Kingdom,0
17308,1,50,2,4511.76,2255.88,59.0,5,0.0,0.9999999999997783,0.9999999995,7,735.4285714285714,United Kingdom,0
17309,1,38,2,237.64000000000001,118.82000000000001,291.0,22,0.0,-0.7664534590104088,0.0,24,5.833333333333333,United Kingdom,0
17310,1,44,2,1025.1,512.55,147.0,1,0.0,-0.4925373134323554,0.0,2,201.0,United Kingdom,0
17311,0,49,4,2181.71,545.4275,93.33333333333333,71,0.2,-0.13900564236303678,0.0,72,24.305555555555557,United Kingdom,0
17314,0,50,8,2222.31,277.78875,40.142857142857146,88,0.2,0.15323244731826202,0.0,118,14.364406779661017,United Kingdom,0
17315,0,14,6,3427.27,571.2116666666667,15.8,218,0.25,0.9999999999997082,0.9999999998333333,303,4.240924092409241,United Kingdom,0
17316,1,77,1,124.45,124.45,48.75,35,0.0,0.9999999999919646,0.9999999989999999,35,1.2571428571428571,United Kingdom,1
17319,1,326,1,29.1,29.1,48.75,3,0.0,-0.9999999999656357,-0.9999999989999999,3,4.666666666666667,United Kingdom,1
17320,0,25,4,1695.15,423.7875,105.66666666666667,59,0.0,0.6181340884283879,0.499999999875,101,7.5049504950495045,United Kingdom,0
17321,1,51,4,1008.0500000000001,252.01250000000002,60.666666666666664,159,0.0,0.02354049898316197,0.0,172,2.4767441860465116,United Kingdom,0
17322,1,33,4,808.04,202.01,12.666666666666666,94,0.3333333333333333,0.9999999999987624,0.99999999975,149,3.4630872483221475,United Kingdom,0
17323,0,64,5,644.52,128.904,72.5,91,0.0,-0.23881338049984663,-0.19999999996,136,4.897058823529412,United Kingdom,0
17324,0,23,8,1210.6,151.325,40.0,84,0.1111111111111111,0.32545845035492693,0.0,95,6.368421052631579,United Kingdom,0
17325,0,67,2,512.77,256.385,230.0,33,0.0,0.602550851257674,0.0,33,12.272727272727273,United Kingdom,0
17326,1,65,2,312.35,156.175,121.0,82,0.0,-0.05458620137648598,0.0,86,1.5813953488372092,United Kingdom,0
17327,1,66,2,152.35,76.175,152.0,3,0.0,0.9442074171254073,0.0,4,14.75,United Kingdom,0
17328,1,330,1,104.7,104.7,48.75,6,0.0,-0.9999999999904489,-0.9999999989999999,6,14.333333333333334,United Kingdom,1
17330,1,201,2,59.900000000000006,29.950000000000003,103.0,2,0.0,-0.9999999999833056,-0.9999999995,2,1.0,United Kingdom,0
17332,1,185,5,838.27,167.654,31.5,82,0.0,-0.9999999999988071,-0.9999999998,95,8.357894736842105,United Kingdom,0
17334,0,63,1,328.13,328.13,48.75,20,0.0,0.9999999999969524,0.9999999989999999,20,12.55,United Kingdom,1
17335,1,40,2,497.04,248.52,300.0,34,0.0,0.42133429904953057,0.0,36,5.833333333333333,United Kingdom,0
17336,1,129,1,81.12,81.12,48.75,1,0.0,0.9999999999876725,0.9999999989999999,1,48.0,United Kingdom,1
17338,0,18,10,6163.39,616.339,30.333333333333332,371,0.09090909090909091,0.6393802761141776,0.39999999996,640,4.7765625,United Kingdom,0
17339,1,22,2,119.0,59.5,144.0,5,0.3333333333333333,0.9999999999915966,0.9999999995,5,7.2,United Kingdom,0
17340,0,11,9,11625.05,1291.6722222222222,38.125,234,0.4375,0.47657171367000767,0.3333333332962963,407,14.702702702702704,United Kingdom,0
17341,1,23,3,1006.53,335.51,86.5,180,0.0,-0.17218562784996747,-0.3333333332222222,198,3.202020202020202,United Kingdom,0
17342,1,36,4,1227.54,306.885,96.0,31,0.42857142857142855,-0.5105658471410215,-0.499999999875,35,14.885714285714286,United Kingdom,0
17343,1,12,5,1062.6399999999999,212.52799999999996,83.5,54,0.0,-0.06668297824280409,0.19999999996,68,5.367647058823529,United Kingdom,0
17345,0,32,5,737.03,147.406,51.75,88,0.16666666666666666,-0.19042644125722094,-0.59999999988,99,10.777777777777779,United Kingdom,0
17346,0,16,13,2611.07,200.85153846153847,19.5,296,0.0,0.027249365202760792,0.2307692307514793,483,4.0476190476190474,United Kingdom,0
17348,0,94,4,1285.69,321.4225,66.66666666666667,185,0.0,-0.09220729724887627,0.0,230,5.947826086956522,United Kingdom,0
17349,0,37,4,674.16,168.54,83.0,66,0.0,0.23489972706741,0.0,77,8.7012987012987,United Kingdom,0
17350,1,51,3,612.3810000000001,204.12700000000004,140.5,65,0.0,-0.4744774903197937,-0.3333333332222222,73,5.589041095890411,United Kingdom,0
17351,0,84,8,1267.33,158.41625,36.857142857142854,23,0.0,-0.11814602352968989,-0.24999999996875,35,7.0,United Kingdom,0
17352,1,353,1,36.25,36.25,48.75,5,0.0,-0.9999999999724138,-0.9999999989999999,5,3.0,United Kingdom,1
17353,1,148,2,1502.0,751.0,132.0,6,0.6,0.5446071904124203,0.0,6,161.33333333333334,United Kingdom,0
17354,1,85,3,1740.8999999999999,580.3,0.0,73,0.0,0.9999999999994256,0.9999999996666666,85,17.941176470588236,United Kingdom,0
17355,1,43,1,273.31,273.31,48.75,28,0.0,0.9999999999963411,0.9999999989999999,33,7.545454545454546,United Kingdom,1
17356,0,211,4,768.25,192.0625,44.0,62,0.0,-0.9999999999986984,-0.99999999975,67,11.328358208955224,United Kingdom,0
17358,0,12,4,741.86,185.465,99.0,111,0.0,0.6839835009291726,0.499999999875,129,2.9844961240310077,United Kingdom,0
17359,1,305,1,156.6,156.6,48.75,23,0.0,-0.9999999999936143,-0.9999999989999999,23,3.3043478260869565,United Kingdom,1
17360,0,42,3,632.27,210.75666666666666,24.0,90,0.25,0.9999999999984184,0.9999999996666666,104,2.8461538461538463,United Kingdom,0
17361,0,333,2,383.59,191.795,0.0,26,0.0,-0.9999999999973931,-0.9999999995,28,7.964285714285714,United Kingdom,0
17362,0,57,5,711.81,142.362,75.0,84,0.16666666666666666,-0.4691279976391606,-0.59999999988,109,3.2844036697247705,United Kingdom,0
17363,1,52,3,920.46,306.82,3.0,34,0.0,0.9999999999989136,0.9999999996666666,35,14.257142857142858,United Kingdom,0
17364,0,33,15,6374.16,424.944,22.714285714285715,254,0.11764705882352941,-0.20337738619673756,-0.19999999998666668,403,10.61786600496278,United Kingdom,0
17365,0,43,7,3417.13,488.1614285714286,47.666666666666664,236,0.125,0.44927468372568513,0.1428571428367347,329,9.927051671732523,United Kingdom,0
17366,1,89,2,1077.24,538.62,23.0,120,0.3333333333333333,0.9999999999990717,0.9999999995,131,3.8473282442748094,United Kingdom,0
17368,0,32,5,687.7,137.54000000000002,41.75,66,0.16666666666666666,0.2973098734909156,0.59999999988,72,11.98611111111111,United Kingdom,0
17369,1,112,1,979.1999999999999,979.1999999999999,48.75,1,0.0,0.9999999999989788,0.9999999989999999,1,1152.0,United Kingdom,1
17371,1,18,2,174.82,87.41,262.0,37,0.0,0.05411280173862191,0.0,37,2.027027027027027,United Kingdom,0
17372,0,17,19,2884.26,151.80315789473684,18.27777777777778,296,0.13636363636363635,-0.013057075298338923,-0.157894736833795,424,2.8254716981132075,United Kingdom,0
17373,0,75,3,520.58,173.52666666666667,115.0,31,0.0,0.3710860962765165,0.3333333332222222,34,9.705882352941176,United Kingdom,0
17374,0,52,1,231.34,231.34,48.75,14,0.5,0.9999999999956775,0.9999999989999999,14,5.0,United Kingdom,1
17375,0,18,2,370.15999999999997,185.07999999999998,70.0,37,0.0,0.9999999999972985,0.9999999995,38,4.7894736842105265,United Kingdom,0
17376,0,61,2,250.44,125.22,117.0,27,0.0,0.9999999999960071,0.9999999995,31,5.096774193548387,United Kingdom,0
17377,0,14,55,12265.36,223.00654545454546,5.722222222222222,364,0.16666666666666666,0.1673183665216376,-0.09090909090743803,1170,4.087179487179487,United Kingdom,0
17378,1,31,1,10.95,10.95,48.75,1,0.5,0.9999999999086758,0.9999999989999999,1,1.0,United Kingdom,1
17380,1,91,3,645.0,215.0,49.5,5,0.25,-0.06418604651152844,0.3333333332222222,10,25.2,United Kingdom,0
17381,0,25,12,19726.76,1643.8966666666665,15.818181818181818,30,0.0,0.1746095151966073,0.8333333332638889,65,309.5076923076923,United Kingdom,0
17382,1,92,7,836.88,119.55428571428571,22.0,14,0.0,0.23573272153685626,0.1428571428367347,16,27.0,United Kingdom,0
17383,1,110,1,110.69999999999999,110.69999999999999,48.75,2,0.0,0.9999999999909666,0.9999999989999999,2,6.0,United Kingdom,1
17384,0,124,1,171.15,171.15,48.75,5,0.0,0.9999999999941572,0.9999999989999999,5,6.6,United Kingdom,1
17386,0,42,1,126.35000000000001,126.35000000000001,48.75,10,0.0,0.9999999999920854,0.9999999989999999,10,5.3,United Kingdom,1
17388,0,77,6,1186.8500000000001,197.80833333333337,30.8,29,0.0,0.352218056198886,0.0,39,32.58974358974359,United Kingdom,0
17389,0,31,26,24473.61,941.2926923076923,9.68,39,0.21212121212121213,0.6274395154617308,0.3076923076804734,211,46.3696682464455,United Kingdom,0
17390,1,77,1,149.3,149.3,48.75,12,0.0,0.9999999999933021,0.9999999989999999,12,4.083333333333333,United Kingdom,1
17392,0,15,2,440.41999999999996,220.20999999999998,92.0,54,0.0,0.9999999999977295,0.9999999995,57,6.157894736842105,United Kingdom,0
17393,1,67,2,381.15000000000003,190.57500000000002,77.0,45,0.0,0.9999999999973764,0.9999999995,48,4.958333333333333,United Kingdom,0
17395,1,165,1,97.5,97.5,48.75,3,0.0,0.9999999999897435,0.9999999989999999,3,22.0,United Kingdom,1
17396,1,28,7,1476.3,210.9,11.0,11,0.2222222222222222,0.9999999999993227,0.9999999998571428,23,18.0,United Kingdom,0
17397,1,73,1,516.87,516.87,48.75,44,0.0,0.9999999999980653,0.9999999989999999,45,9.8,United Kingdom,1
17400,0,10,3,2150.31,716.77,152.0,181,0.0,-0.6054801400725451,-0.3333333332222222,222,4.22972972972973,United Kingdom,0
17401,1,198,1,114.85,114.85,48.75,11,0.0,-0.999999999991293,-0.9999999989999999,12,2.8333333333333335,United Kingdom,1
17402,0,26,10,2331.98,233.198,28.0,83,0.16666666666666666,0.6959750941257232,0.59999999994,123,6.569105691056911,United Kingdom,0
17403,1,107,1,118.95,118.95,48.75,13,0.0,0.9999999999915931,0.9999999989999999,13,5.923076923076923,United Kingdom,1
17404,0,14,10,19708.6,1970.86,37.55555555555556,68,0.23076923076923078,0.3123702343139385,0.19999999998,120,182.375,Sweden,0
17406,0,23,10,2297.9300000000003,229.79300000000003,33.44444444444444,80,0.23076923076923078,0.12767577776515054,-0.39999999996,125,7.848,United Kingdom,0
17407,1,68,1,552.9,552.9,48.75,23,0.0,0.9999999999981913,0.9999999989999999,23,18.52173913043478,United Kingdom,1
17408,0,157,2,283.44000000000005,141.72000000000003,13.0,6,0.3333333333333333,0.9999999999964719,0.9999999995,6,26.666666666666668,United Kingdom,0
17409,0,78,7,6122.02,874.5742857142858,44.0,37,0.0,0.2288885041211513,-0.1428571428367347,78,45.46153846153846,United Kingdom,0
17411,0,43,1,302.04,302.04,48.75,15,0.75,0.9999999999966892,0.9999999989999999,15,10.133333333333333,United Kingdom,1
17412,0,15,8,2283.65,285.45625,45.285714285714285,96,0.2727272727272727,0.3685196943487976,0.24999999996875,125,9.2,United Kingdom,0
17413,1,61,2,560.14,280.07,165.0,10,0.0,0.21505337951188078,0.0,10,30.2,United Kingdom,0
17414,0,80,3,1231.84,410.6133333333333,75.0,6,0.0,-0.5383816080006021,-0.3333333332222222,10,371.2,United Kingdom,0
17416,0,50,14,9745.63,696.1164285714285,16.615384615384617,214,0.06666666666666667,-0.01185454403665929,0.2857142856938775,303,13.646864686468646,United Kingdom,0
17417,1,205,1,164.18,164.18,48.75,16,0.0,-0.9999999999939092,-0.9999999989999999,16,4.75,United Kingdom,1
17418,0,44,1,206.60000000000002,206.60000000000002,48.75,12,0.0,0.9999999999951598,0.9999999989999999,12,19.333333333333332,United Kingdom,1
17419,0,24,8,2273.95,284.24375,44.714285714285715,81,0.0,0.38093625629394623,0.24999999996875,112,10.8125,United Kingdom,0
17420,0,30,4,485.6,121.4,9.0,24,0.3333333333333333,0.9999999999979408,0.99999999975,27,8.666666666666666,United Kingdom,0
17421,1,43,2,928.61,464.305,43.0,44,0.0,0.9999999999989231,0.9999999995,54,13.166666666666666,United Kingdom,0
17422,0,38,5,1615.39,323.07800000000003,38.0,75,0.5,0.6196088870176121,0.59999999988,88,14.602272727272727,United Kingdom,0
17423,0,50,1,420.54,420.54,48.75,17,0.0,0.9999999999976221,0.9999999989999999,17,19.470588235294116,United Kingdom,1
17426,0,109,7,3040.5099999999998,434.3585714285714,34.5,118,0.3,0.19681237687092074,0.1428571428367347,156,13.416666666666666,United Kingdom,0
17428,0,18,15,11899.240000000002,793.2826666666667,18.071428571428573,234,0.0625,0.31067194207358534,0.7333333332844444,365,19.205479452054796,United Kingdom,0
17429,0,53,2,832.54,416.27,33.0,53,0.3333333333333333,0.9999999999987988,0.9999999995,56,11.821428571428571,United Kingdom,0
17430,1,22,3,469.40999999999997,156.47,56.5,24,0.0,0.9999999999978697,0.9999999996666666,28,11.607142857142858,United Kingdom,0
17432,1,42,6,1203.28,200.54666666666665,48.0,148,0.0,0.5020277907049879,0.33333333327777775,187,3.914438502673797,United Kingdom,0
17433,1,42,1,266.8,266.8,48.75,39,0.0,0.9999999999962519,0.9999999989999999,39,3.076923076923077,United Kingdom,1
17435,1,68,1,331.35,331.35,48.75,15,0.0,0.9999999999969821,0.9999999989999999,15,13.0,United Kingdom,1
17436,0,65,2,241.26,120.63,185.0,4,0.3333333333333333,-0.15642874906674778,0.0,5,11.6,United Kingdom,0
17437,1,186,1,369.68,369.68,48.75,52,0.0,-0.9999999999972949,-0.9999999989999999,52,5.4423076923076925,United Kingdom,1
17438,0,101,4,1034.3200000000002,258.58000000000004,65.33333333333333,39,0.0,-0.10658210225065104,-0.499999999875,54,8.333333333333334,United Kingdom,0
17439,1,312,1,325.74,325.74,48.75,8,0.0,-0.9999999999969301,-0.9999999989999999,8,46.25,United Kingdom,1
17440,0,206,1,137.16,137.16,48.75,1,0.0,-0.9999999999927093,-0.9999999989999999,1,36.0,United Kingdom,1
17442,0,38,9,2371.74,263.52666666666664,34.75,113,0.35714285714285715,0.02168871798762855,0.3333333332962963,148,11.067567567567568,United Kingdom,0
17448,1,154,46,14523.67,315.7319565217391,3.0444444444444443,569,0.1320754716981132,-0.9958688127724606,-0.9130434782410208,1115,10.34439461883408,United Kingdom,0
17449,0,16,6,2749.32,458.22,56.0,192,0.0,0.2832482213782742,0.0,344,4.1395348837209305,United Kingdom,0
17450,0,24,7,52422.3,7488.900000000001,11.333333333333334,80,0.125,0.999999999999981,0.9999999998571428,87,169.27586206896552,United Kingdom,0
17454,0,16,7,1196.26,170.8942857142857,55.333333333333336,57,0.125,-0.10529483557077453,-0.1428571428367347,74,7.337837837837838,United Kingdom,0
17456,1,22,2,975.5600000000001,487.78000000000003,90.0,59,0.0,0.9999999999989749,0.9999999995,60,8.466666666666667,United Kingdom,0
17457,0,36,8,3891.7299999999996,486.46624999999995,45.285714285714285,20,0.3333333333333333,-0.12763218414429373,0.0,42,42.357142857142854,United Kingdom,0
17458,1,38,1,213.08,213.08,48.75,32,0.0,0.999999999995307,0.9999999989999999,32,3.5,United Kingdom,1
17460,0,29,12,1605.8400000000001,133.82000000000002,28.0,83,0.2,-0.2555049070889656,0.0,110,6.763636363636364,United Kingdom,0
17463,0,217,2,659.4,329.7,28.0,98,0.3333333333333333,-0.9999999999984834,-0.9999999995,108,3.6481481481481484,United Kingdom,0
17464,1,179,2,617.1800000000001,308.59000000000003,97.0,28,0.3333333333333333,0.19605301532746358,0.0,30,12.933333333333334,United Kingdom,0
17465,1,82,5,2134.42,426.884,63.0,95,0.16666666666666666,-0.402376289577308,-0.19999999996,120,10.55,United Kingdom,0
17467,1,52,1,102.6,102.6,48.75,4,0.0,0.9999999999902534,0.9999999989999999,4,5.0,United Kingdom,1
17468,1,32,1,57.8,57.8,48.75,3,0.0,0.9999999999826991,0.9999999989999999,3,22.666666666666668,United Kingdom,1
17469,0,57,11,2841.9700000000003,258.3609090909091,29.1,117,0.21428571428571427,-0.10006087326745182,0.09090909090082644,156,8.461538461538462,United Kingdom,0
17470,0,24,7,1679.8,239.97142857142856,22.833333333333332,62,0.0,0.9999999999994047,0.9999999998571428,88,13.272727272727273,United Kingdom,0
17471,1,131,1,321.65000000000003,321.65000000000003,48.75,19,0.0,0.999999999996891,0.9999999989999999,19,8.052631578947368,United Kingdom,1
17472,0,285,1,224.81,224.81,48.75,48,0.0,-0.9999999999955519,-0.9999999989999999,49,1.9591836734693877,United Kingdom,1
17473,1,65,2,607.0,303.5,47.0,33,0.3333333333333333,0.9999999999983525,0.9999999995,34,7.9411764705882355,United Kingdom,0
17474,1,256,1,1047.0,1047.0,48.75,6,0.0,-0.9999999999990449,-0.9999999989999999,6,33.333333333333336,United Kingdom,1
17476,1,52,1,229.5,229.5,48.75,15,0.5,0.9999999999956427,0.9999999989999999,15,6.666666666666667,United Kingdom,1
17477,1,269,2,1144.3,572.15,34.0,44,0.6,-0.9999999999991261,-0.9999999995,44,5.113636363636363,United Kingdom,0
17478,1,65,2,1272.8000000000002,636.4000000000001,225.0,40,0.0,-0.10967944688866305,0.0,40,12.9,United Kingdom,0
17479,1,289,1,389.26000000000005,389.26000000000005,48.75,18,0.0,-0.999999999997431,-0.9999999989999999,18,14.777777777777779,United Kingdom,1
17480,1,101,1,370.40999999999997,370.40999999999997,48.75,24,0.0,0.9999999999973003,0.9999999989999999,24,10.125,United Kingdom,1
17482,1,144,2,775.6400000000001,387.82000000000005,91.0,50,0.0,0.35462327884024203,0.0,53,4.528301886792453,United Kingdom,0
17483,0,71,1,177.69,177.69,48.75,7,0.0,0.9999999999943723,0.9999999989999999,7,10.571428571428571,United Kingdom,1
17484,1,233,2,209.57,104.785,47.0,14,0.0,-0.9999999999952284,-0.9999999995,14,24.214285714285715,United Kingdom,0
17488,1,298,1,336.5,336.5,48.75,18,0.0,-0.9999999999970283,-0.9999999989999999,18,7.555555555555555,United Kingdom,1
17490,0,45,2,658.1800000000001,329.09000000000003,181.0,37,0.0,-0.07308031237644244,0.0,40,9.925,United Kingdom,0
17491,0,24,8,2422.2000000000003,302.77500000000003,31.428571428571427,52,0.0,0.4097927503920362,0.4999999999375,73,22.15068493150685,United Kingdom,0
17492,0,135,2,747.85,373.925,40.0,23,0.0,0.9999999999986628,0.9999999995,27,10.925925925925926,United Kingdom,0
17493,1,42,1,100.91000000000001,100.91000000000001,48.75,8,0.0,0.9999999999900901,0.9999999989999999,8,7.75,United Kingdom,1
17494,1,158,1,54.699999999999996,54.699999999999996,48.75,3,0.0,0.9999999999817185,0.9999999989999999,3,8.666666666666666,United Kingdom,1
17495,1,47,1,309.16,309.16,48.75,21,0.5,0.9999999999967655,0.9999999989999999,21,6.571428571428571,United Kingdom,1
17496,1,15,4,1412.89,353.2225,111.33333333333333,54,0.2,-0.6163183262670014,-0.499999999875,72,9.375,United Kingdom,0
17497,1,47,2,287.25,143.625,220.0,7,0.0,-0.4245430809384699,0.0,7,8.428571428571429,United Kingdom,0
17499,0,218,1,718.51,718.51,48.75,31,0.5,-0.9999999999986082,-0.9999999989999999,31,12.096774193548388,United Kingdom,1
17504,0,37,9,6493.14,721.46,35.5,160,0.0,0.40566813590952827,0.11111111109876542,215,17.469767441860466,United Kingdom,0
17505,0,207,3,1289.64,429.88000000000005,27.0,47,0.0,-0.9999999999992246,-0.9999999996666666,50,13.72,United Kingdom,0
17508,0,38,6,3580.97,596.8283333333333,62.0,146,0.14285714285714285,-0.17172721357616183,-0.33333333327777775,168,12.863095238095237,Greece,0
17510,1,77,1,206.07999999999998,206.07999999999998,48.75,15,0.0,0.9999999999951475,0.9999999989999999,15,13.866666666666667,United Kingdom,1
17511,0,16,30,79413.76,2647.125333333333,10.827586206896552,417,0.2682926829268293,0.1504739229070611,0.2666666666577778,895,60.39329608938547,United Kingdom,0
17512,0,109,7,1677.94,239.7057142857143,29.333333333333332,45,0.125,0.19556122388154787,-0.1428571428367347,59,33.79661016949152,United Kingdom,0
17513,1,65,2,645.6,322.8,70.0,12,0.0,0.999999999998451,0.9999999995,12,15.5,United Kingdom,0
17514,1,326,1,313.35,313.35,48.75,41,0.0,-0.9999999999968087,-0.9999999989999999,43,3.4651162790697674,United Kingdom,1
17515,0,51,5,963.49,192.698,38.5,76,0.0,0.660774891279971,0.59999999988,92,3.0869565217391304,United Kingdom,0
17516,0,35,1,182.62,182.62,48.75,55,0.0,0.9999999999945242,0.9999999989999999,56,1.9285714285714286,United Kingdom,1
17518,1,82,2,329.42,164.71,195.0,71,0.0,0.06775544897071288,0.0,77,3.4675324675324677,United Kingdom,0
17519,0,25,9,2957.01,328.5566666666667,39.375,94,0.18181818181818182,-0.34077328111831184,-0.3333333332962963,121,15.685950413223141,United Kingdom,0
17521,0,51,2,554.85,277.425,40.0,29,0.0,0.9999999999981978,0.9999999995,33,8.696969696969697,United Kingdom,0
17524,1,18,3,539.14,179.71333333333334,38.0,37,0.25,0.9999999999981453,0.9999999996666666,43,8.418604651162791,United Kingdom,0
17525,1,16,3,1161.9,387.3,34.5,19,0.0,0.9999999999991394,0.9999999996666666,26,13.0,United Kingdom,0
17526,0,17,9,2252.8199999999997,250.3133333333333,40.5,36,0.1,0.16093607123509163,0.11111111109876542,48,14.75,United Kingdom,0
17529,1,267,2,1240.25,620.125,87.0,78,0.0,-0.9999999999991938,-0.9999999995,82,9.634146341463415,United Kingdom,0
17530,0,22,2,479.58,239.79,217.0,95,0.3333333333333333,0.25376370991231123,0.0,110,2.7363636363636363,United Kingdom,0
17531,0,184,2,970.12,485.06,90.0,43,0.6666666666666666,-0.9999999999989692,-0.9999999995,44,7.636363636363637,United Kingdom,0
17532,1,42,1,65.34,65.34,48.75,4,0.0,0.9999999999846954,0.9999999989999999,4,7.5,United Kingdom,1
17533,1,91,1,34.8,34.8,48.75,1,0.0,0.9999999999712644,0.9999999989999999,1,24.0,United Kingdom,1
17534,1,108,4,1445.47,361.3675,66.66666666666667,69,0.0,-0.593294914456479,-0.499999999875,83,9.120481927710843,United Kingdom,0
17536,0,77,2,288.33000000000004,144.16500000000002,262.0,13,0.0,0.7587486560511957,0.0,13,15.0,United Kingdom,0
17539,1,274,3,817.8399999999999,272.6133333333333,40.0,79,0.5,-0.9999999999987773,-0.9999999996666666,87,6.080459770114943,United Kingdom,0
17540,0,40,4,1011.7,252.925,71.66666666666667,28,0.0,0.2557082138971477,0.0,39,10.102564102564102,United Kingdom,0
17541,1,166,1,119.86,119.86,48.75,31,0.0,0.9999999999916569,0.9999999989999999,31,1.4193548387096775,United Kingdom,1
17542,0,298,2,170.10000000000002,85.05000000000001,0.0,34,0.0,-0.9999999999941211,-0.9999999995,39,4.846153846153846,United Kingdom,0
17543,1,206,1,120.05,120.05,48.75,13,0.0,-0.9999999999916701,-0.9999999989999999,13,4.769230769230769,United Kingdom,1
17544,1,47,3,944.8199999999999,314.94,0.0,80,0.0,0.9999999999989416,0.9999999996666666,88,4.659090909090909,United Kingdom,0
17545,1,47,3,767.54,255.84666666666666,93.5,112,0.0,0.11457383328541239,0.3333333332222222,119,2.899159663865546,United Kingdom,0
17547,1,32,2,727.85,363.925,289.0,22,0.5,-0.11163014357338513,0.0,31,7.193548387096774,United Kingdom,0
17548,0,35,3,627.9599999999999,209.31999999999996,8.5,17,0.25,0.9999999999984076,0.9999999996666666,29,15.03448275862069,United Kingdom,0
17550,0,54,6,2239.48,373.24666666666667,54.0,218,0.14285714285714285,-0.2826727633199302,-0.33333333327777775,279,3.161290322580645,United Kingdom,0
17551,1,16,1,290.34,290.34,48.75,39,0.0,0.9999999999965558,0.9999999989999999,39,3.641025641025641,United Kingdom,1
17552,1,29,10,2154.88,215.488,28.22222222222222,64,0.16666666666666666,-0.16081637956630496,0.0,107,12.85981308411215,United Kingdom,0
17553,1,129,3,2270.0,756.6666666666666,69.0,2,0.0,0.28105726872234316,0.3333333332222222,4,310.0,United Kingdom,0
17555,0,82,3,565.43,188.47666666666666,79.5,137,0.0,0.4660700705649398,0.3333333332222222,159,2.459119496855346,United Kingdom,0
17556,0,36,1,142.77,142.77,48.75,8,0.0,0.9999999999929958,0.9999999989999999,8,10.375,United Kingdom,1
17558,1,50,1,259.17,259.17,48.75,28,0.0,0.9999999999961415,0.9999999989999999,28,1.9285714285714286,United Kingdom,1
17559,1,169,1,167.62,167.62,48.75,12,0.0,0.9999999999940342,0.9999999989999999,12,22.5,United Kingdom,1
17560,0,52,4,1040.85,260.2125,87.66666666666667,21,0.0,0.26291012153503107,0.0,29,32.86206896551724,United Kingdom,0
17561,1,47,2,348.2,174.1,139.0,84,0.0,0.018093049971228944,0.0,94,1.6702127659574468,United Kingdom,0
17563,1,235,2,392.38,196.19,33.0,27,0.6,-0.9999999999974515,-0.9999999995,29,8.827586206896552,United Kingdom,0
17565,1,243,1,131.83,131.83,48.75,30,0.0,-0.9999999999924145,-0.9999999989999999,30,2.2333333333333334,United Kingdom,1
17567,0,29,2,1024.5500000000002,512.2750000000001,69.0,57,0.0,0.999999999999024,0.9999999995,58,8.96551724137931,United Kingdom,0
17568,1,290,1,374.45,374.45,48.75,61,0.0,-0.9999999999973295,-0.9999999989999999,62,4.435483870967742,United Kingdom,1
17570,1,38,1,100.0,100.0,48.75,1,0.5,0.99999999999,0.9999999989999999,1,1.0,United Kingdom,1
17571,0,199,1,205.23999999999998,205.23999999999998,48.75,53,0.0,-0.9999999999951277,-0.9999999989999999,54,2.1296296296296298,United Kingdom,1
17572,0,30,6,433.95000000000005,72.325,43.4,10,0.0,0.8195644659504101,0.6666666665555555,20,10.65,United Kingdom,0
17575,1,324,1,171.7,171.7,48.75,5,0.0,-0.999999999994176,-0.9999999989999999,5,14.4,United Kingdom,1
17576,0,18,22,4889.62,222.25545454545454,15.476190476190476,226,0.0,0.17846376610039663,0.09090909090495868,458,5.279475982532751,United Kingdom,0
17577,1,302,2,348.75,174.375,23.0,20,0.0,-0.9999999999971326,-0.9999999995,21,8.523809523809524,United Kingdom,0
17578,0,131,6,903.87,150.645,10.6,52,0.25,0.31293216944880026,0.33333333327777775,60,6.516666666666667,United Kingdom,0
17579,0,235,1,304.38,304.38,48.75,43,0.0,-0.9999999999967146,-0.9999999989999999,44,2.659090909090909,United Kingdom,1
17580,0,15,3,372.15,124.05,31.5,40,0.0,0.9999999999973129,0.9999999996666666,52,2.8076923076923075,United Kingdom,0
17581,0,29,16,7310.51,456.906875,20.8,239,0.2,-0.07265293392662446,-0.3749999999765625,388,9.99742268041237,United Kingdom,0
17582,0,103,4,1271.68,317.92,58.666666666666664,78,0.2,-0.1989494212378909,-0.499999999875,93,5.161290322580645,United Kingdom,0
17583,1,217,1,135.95,135.95,48.75,7,0.0,-0.9999999999926444,-0.9999999989999999,7,7.857142857142857,United Kingdom,1
17584,1,124,4,4067.12,1016.78,71.66666666666667,73,0.0,0.5159965774305858,0.0,89,22.53932584269663,United Kingdom,0
17585,0,102,3,948.03,316.01,16.0,147,0.0,0.9999999999989452,0.9999999996666666,176,4.886363636363637,United Kingdom,0
17586,1,276,1,167.4,167.4,48.75,8,0.0,-0.9999999999940263,-0.9999999989999999,8,8.5,United Kingdom,1
17587,1,285,1,176.71,176.71,48.75,42,0.0,-0.9999999999943411,-0.9999999989999999,42,1.5952380952380953,United Kingdom,1
17588,0,53,4,1699.35,424.8375,80.0,29,0.3333333333333333,-0.1827228057785725,0.0,48,14.645833333333334,United Kingdom,0
17589,0,42,14,11433.769999999999,816.6978571428571,19.384615384615383,526,0.17647058823529413,0.33182668533647847,0.2857142856938775,1049,6.7426120114394665,United Kingdom,0
17591,0,24,2,519.95,259.975,323.0,79,0.0,0.47821905952403454,0.0,90,1.6888888888888889,United Kingdom,0
17593,0,9,4,2943.92,735.98,98.0,111,0.42857142857142855,0.08385418082010254,0.0,129,14.232558139534884,United Kingdom,0
17594,0,106,2,1504.7,752.35,155.0,46,0.0,0.186947564298407,0.0,54,15.148148148148149,United Kingdom,0
17596,0,25,6,1601.68,266.94666666666666,52.6,127,0.14285714285714285,-0.08306278407666756,-0.33333333327777775,203,13.433497536945813,United Kingdom,0
17597,0,75,4,1439.7199999999998,359.92999999999995,54.0,62,0.3333333333333333,0.3166449031753975,0.0,73,14.232876712328768,United Kingdom,0
17598,1,38,1,409.98,409.98,48.75,10,0.0,0.9999999999975608,0.9999999989999999,10,12.6,United Kingdom,1
17599,1,134,1,52.05,52.05,48.75,3,0.6666666666666666,0.9999999999807878,0.9999999989999999,3,3.6666666666666665,United Kingdom,1
17601,0,37,1,297.07,297.07,48.75,60,0.0,0.9999999999966338,0.9999999989999999,63,3.0476190476190474,United Kingdom,1
17602,0,129,8,2300.01,287.50125,20.571428571428573,210,0.2,-0.17895139586341838,-0.4999999999375,358,4.927374301675978,United Kingdom,0
17603,1,274,2,1103.8100000000002,551.9050000000001,61.0,79,0.6,-0.9999999999990941,-0.9999999995,81,5.444444444444445,United Kingdom,0
17604,0,79,4,633.02,158.255,85.33333333333333,106,0.0,0.03175255126215319,0.0,145,3.0689655172413794,United Kingdom,0
17605,1,247,1,160.75,160.75,48.75,13,0.0,-0.9999999999937792,-0.9999999989999999,13,5.461538461538462,United Kingdom,1
17607,1,33,1,333.81,333.81,48.75,22,0.0,0.9999999999970043,0.9999999989999999,22,12.227272727272727,United Kingdom,1
17608,1,106,2,296.07,148.035,158.0,90,0.0,-0.052994224338659794,0.0,103,2.9029126213592233,United Kingdom,0
17609,0,59,6,782.12,130.35333333333332,40.8,143,0.25,-0.2876284969054779,0.0,152,3.960526315789474,United Kingdom,0
17610,1,197,3,715.93,238.64333333333332,71.5,69,0.4,-0.9999999999986032,-0.9999999996666666,75,5.226666666666667,United Kingdom,0
17611,0,18,13,4113.11,316.3930769230769,26.333333333333332,388,0.1875,-0.08736698021689487,-0.07692307691715976,506,5.2312252964426875,United Kingdom,0
17612,0,36,11,3113.01,283.0009090909091,29.7,126,0.45,0.2199832316631749,0.2727272727024793,191,8.455497382198953,United Kingdom,0
17615,0,44,3,392.2,130.73333333333332,48.0,35,0.25,0.9999999999974503,0.9999999996666666,42,5.666666666666667,United Kingdom,0
17616,0,24,2,489.59999999999997,244.79999999999998,83.0,1,0.0,0.9999999999979575,0.9999999995,2,96.0,United Kingdom,0
17617,1,215,1,385.19,385.19,48.75,18,0.5,-0.9999999999974039,-0.9999999989999999,18,13.833333333333334,United Kingdom,1
17618,0,19,9,3350.34,372.26,39.875,194,0.18181818181818182,0.2476823247789037,0.11111111109876542,332,4.903614457831325,United Kingdom,0
17621,0,11,4,2034.62,508.655,25.333333333333332,41,0.2,0.9999999999995085,0.99999999975,44,15.636363636363637,United Kingdom,0
17622,1,254,2,1130.21,565.105,0.0,19,0.3333333333333333,-0.9999999999991153,-0.9999999995,38,9.973684210526315,United Kingdom,0
17623,1,66,5,1641.67,328.334,39.75,91,0.0,0.3442409253989266,0.19999999996,132,3.643939393939394,United Kingdom,0
17624,0,94,1,408.32,408.32,48.75,25,0.0,0.999999999997551,0.9999999989999999,25,10.84,United Kingdom,1
17625,0,103,3,3283.38,1094.46,115.0,275,0.0,0.0008162320535543395,-0.3333333332222222,327,6.2140672782874615,United Kingdom,0
17626,1,259,1,254.0,254.0,48.75,18,0.0,-0.999999999996063,-0.9999999989999999,18,11.222222222222221,United Kingdom,1
17627,1,135,1,296.36,296.36,48.75,10,0.0,0.9999999999966258,0.9999999989999999,10,67.6,United Kingdom,1
17629,0,16,3,880.05,293.34999999999997,30.5,36,0.0,0.9999999999988637,0.9999999996666666,44,8.840909090909092,United Kingdom,0
17631,0,31,2,289.31,144.655,293.0,18,0.0,-0.07089281393636272,0.0,19,9.368421052631579,United Kingdom,0
17633,1,36,3,732.55,244.1833333333333,4.5,29,0.25,0.9999999999986349,0.9999999996666666,31,8.225806451612904,United Kingdom,0
17635,1,81,3,1265.58,421.85999999999996,82.5,60,0.25,0.14853268856955032,0.3333333332222222,74,10.405405405405405,United Kingdom,0
17638,1,304,1,234.0,234.0,48.75,1,0.0,-0.9999999999957265,-0.9999999989999999,1,120.0,United Kingdom,1
17639,0,44,5,506.67,101.334,23.75,54,0.0,0.9999999999980264,0.9999999998,72,7.319444444444445,United Kingdom,0
17640,1,36,5,2547.2799999999997,509.45599999999996,61.5,47,0.2857142857142857,-0.23529411764696648,-0.19999999996,61,23.639344262295083,United Kingdom,0
17642,0,86,2,831.1800000000001,415.59000000000003,191.0,47,0.0,0.11525782622282146,0.0,49,14.693877551020408,United Kingdom,0
17643,1,30,2,439.70000000000005,219.85000000000002,132.0,30,0.0,0.9999999999977257,0.9999999995,31,7.290322580645161,United Kingdom,0
17644,0,51,9,3132.96,348.1066666666667,32.875,89,0.18181818181818182,-0.026543588172199234,-0.11111111109876542,170,9.858823529411765,United Kingdom,0
17646,0,22,9,2705.9,300.65555555555557,38.875,88,0.25,-0.021353338999955226,-0.11111111109876542,136,6.882352941176471,United Kingdom,0
17647,1,326,2,198.59999999999997,99.29999999999998,0.0,5,0.0,-0.9999999999949648,-0.9999999995,5,10.4,United Kingdom,0
17648,0,42,1,418.87,418.87,48.75,34,0.0,0.9999999999976127,0.9999999989999999,34,13.735294117647058,United Kingdom,1
17649,1,126,2,710.4,355.2,2.0,45,0.3333333333333333,0.9999999999985923,0.9999999995,46,7.043478260869565,United Kingdom,0
17651,0,155,6,1758.5200000000002,293.0866666666667,5.4,84,0.25,0.9999999999994313,0.9999999998333333,100,9.74,United Kingdom,0
17655,0,23,3,1013.54,337.84666666666664,24.5,26,0.25,0.9999999999990133,0.9999999996666666,29,14.689655172413794,United Kingdom,0
17657,1,87,1,126.0,126.0,48.75,7,0.0,0.9999999999920635,0.9999999989999999,7,8.571428571428571,United Kingdom,1
17659,0,15,4,947.48,236.87,9.333333333333334,38,0.2,0.9999999999989446,0.99999999975,51,6.117647058823529,United Kingdom,0
17662,1,318,1,59.92,59.92,48.75,4,0.0,-0.9999999999833111,-0.9999999989999999,4,2.0,United Kingdom,1
17663,0,74,10,3372.92,337.29200000000003,25.0,112,0.23076923076923078,-0.12024002941068264,0.19999999998,152,9.868421052631579,United Kingdom,0
17664,0,131,2,561.59,280.795,145.0,31,0.0,-0.09991274773393419,0.0,37,12.27027027027027,United Kingdom,0
17665,1,150,1,563.1,563.1,48.75,19,0.0,0.9999999999982241,0.9999999989999999,19,36.31578947368421,United Kingdom,1
17666,1,134,3,1319.6399999999999,439.87999999999994,24.5,17,0.0,0.5280531053919797,0.3333333332222222,26,36.76923076923077,United Kingdom,0
17667,0,92,4,1895.19,473.7975,72.33333333333333,83,0.42857142857142855,-0.2893166384371544,0.0,114,10.166666666666666,United Kingdom,0
17669,0,119,3,2735.63,911.8766666666667,76.5,56,0.0,-0.5362311423692034,-0.3333333332222222,76,20.907894736842106,United Kingdom,0
17671,0,22,2,830.63,415.315,10.0,33,0.0,0.9999999999987961,0.9999999995,39,10.384615384615385,United Kingdom,0
17672,0,74,5,2600.46,520.092,65.75,93,0.0,-0.114541273466958,0.19999999996,96,11.125,United Kingdom,0
17673,0,32,7,2578.91,368.4157142857143,42.166666666666664,151,0.125,-0.03197087141465506,-0.1428571428367347,289,6.304498269896194,United Kingdom,0
17674,1,25,1,300.66,300.66,48.75,11,0.0,0.999999999996674,0.9999999989999999,11,31.727272727272727,United Kingdom,1
17675,0,21,38,17173.4,451.93157894736845,8.783783783783784,174,0.20833333333333334,0.17594652194672128,0.0,409,18.904645476772615,United Kingdom,0
17676,1,23,5,1378.1599999999999,275.63199999999995,63.0,57,0.2857142857142857,-0.017109769547790483,0.19999999996,86,11.627906976744185,United Kingdom,0
17677,0,23,24,19299.03,804.1262499999999,13.26086956521739,228,0.48936170212765956,0.029973009006150513,0.1666666666597222,379,30.58839050131926,United Kingdom,0
17678,0,260,1,301.65,301.65,48.75,12,0.5,-0.999999999996685,-0.9999999989999999,12,13.416666666666666,United Kingdom,1
17679,1,178,3,1120.5,373.5,86.5,30,0.4,-0.23962516733579686,-0.3333333332222222,35,18.914285714285715,United Kingdom,0
17680,1,40,2,313.05,156.525,127.0,9,0.3333333333333333,0.9999999999968057,0.9999999995,9,6.555555555555555,United Kingdom,0
17681,1,254,5,731.2,146.24,23.75,12,0.0,-0.9999999999986324,-0.9999999998,14,32.142857142857146,United Kingdom,0
17682,0,25,6,1982.45,330.40833333333336,54.4,61,0.0,-0.0519306918207007,0.0,120,9.366666666666667,United Kingdom,0
17683,1,42,3,819.01,273.00333333333333,83.5,41,0.0,-0.2361021232949096,0.3333333332222222,46,16.97826086956522,United Kingdom,0
17685,0,17,7,2762.14,394.59142857142854,50.5,58,0.2222222222222222,0.27913863888134594,0.4285714285102041,84,22.892857142857142,United Kingdom,0
17686,0,80,2,2557.3500000000004,1278.6750000000002,110.0,127,0.0,-0.012665454474353308,0.0,143,7.7272727272727275,United Kingdom,0
17687,1,77,1,432.68,432.68,48.75,26,0.0,0.9999999999976888,0.9999999989999999,26,8.076923076923077,United Kingdom,1
17688,1,50,1,304.2,304.2,48.75,19,0.5,0.9999999999967127,0.9999999989999999,19,6.0,United Kingdom,1
17689,1,45,2,317.08000000000004,158.54000000000002,85.0,17,0.0,0.9999999999968463,0.9999999995,22,13.636363636363637,United Kingdom,0
17690,0,21,9,2924.9,324.9888888888889,38.25,102,0.0,0.47665219323721275,0.5555555554938272,134,10.537313432835822,United Kingdom,0
17691,1,15,4,637.55,159.3875,62.333333333333336,37,0.2,0.45839541996634237,0.499999999875,43,7.325581395348837,United Kingdom,0
17692,0,16,9,2578.12,286.4577777777778,22.125,85,0.1,0.7334491800223677,0.777777777691358,141,14.539007092198581,United Kingdom,0
17694,1,168,2,1412.85,706.425,51.0,45,0.0,0.13526559790484818,0.0,66,19.833333333333332,United Kingdom,0
17695,0,51,3,980.6999999999999,326.9,143.0,20,0.25,0.3802386050776178,0.3333333332222222,26,39.61538461538461,United Kingdom,0
17696,0,21,19,4932.56,259.6084210526316,16.333333333333332,136,0.42424242424242425,0.17504906174477858,0.26315789472299167,228,16.70614035087719,United Kingdom,0
17699,1,133,2,442.0,221.0,84.0,17,0.0,0.17330316742042245,0.0,19,10.947368421052632,United Kingdom,0
17700,0,38,9,3448.6000000000004,383.1777777777778,37.375,143,0.18181818181818182,0.009725685785533329,0.11111111109876542,180,10.866666666666667,United Kingdom,0
17702,0,40,2,1319.67,659.835,17.0,69,0.5,0.9999999999992423,0.9999999995,79,10.126582278481013,United Kingdom,0
17703,1,75,1,296.1,296.1,48.75,23,0.0,0.9999999999966228,0.9999999989999999,23,13.347826086956522,United Kingdom,1
17705,0,112,2,260.38,130.19,121.0,16,0.0,0.3186880712792124,0.0,17,19.88235294117647,United Kingdom,0
17706,0,23,17,10245.49,602.6758823529411,19.8125,274,0.2916666666666667,0.45952609392030447,0.6470588234913495,383,10.835509138381202,United Kingdom,0
17707,0,33,5,405.90000000000003,81.18,66.5,9,0.16666666666666666,0.3008130081293402,0.19999999996,17,20.11764705882353,United Kingdom,0
17708,0,59,2,620.85,310.425,20.0,37,0.0,0.9999999999983893,0.9999999995,39,7.615384615384615,United Kingdom,0
17709,0,127,4,533.56,133.39,43.666666666666664,31,0.0,-0.45333233375730314,0.0,33,8.424242424242424,United Kingdom,0
17710,1,80,1,293.5,293.5,48.75,20,0.0,0.9999999999965928,0.9999999989999999,20,7.9,United Kingdom,1
17713,1,39,4,1198.0900000000001,299.52250000000004,55.333333333333336,55,0.0,0.4943117795820896,0.499999999875,76,13.013157894736842,United Kingdom,0
17714,0,81,4,1257.18,314.295,29.333333333333332,60,0.5,0.9999999999992045,0.99999999975,71,7.267605633802817,United Kingdom,0
17715,0,249,1,163.2,163.2,48.75,1,0.0,-0.9999999999938726,-0.9999999989999999,1,192.0,United Kingdom,1
17716,0,53,12,9780.78,815.065,22.09090909090909,204,0.14285714285714285,-0.1510329442027987,0.16666666665277777,329,16.264437689969604,United Kingdom,0
17717,1,78,1,376.92,376.92,48.75,26,0.0,0.9999999999973469,0.9999999989999999,26,13.23076923076923,United Kingdom,1
17718,0,301,1,299.83,299.83,48.75,17,0.5,-0.9999999999966648,-0.9999999989999999,17,11.235294117647058,United Kingdom,1
17720,0,24,7,1572.97,224.71,34.666666666666664,62,0.2222222222222222,0.8313763135973151,0.7142857141836735,83,12.493975903614459,United Kingdom,0
17721,1,316,1,307.21000000000004,307.21000000000004,48.75,11,0.0,-0.9999999999967449,-0.9999999989999999,11,9.727272727272727,United Kingdom,1
17722,0,23,2,2006.3200000000002,1003.1600000000001,9.0,101,0.3333333333333333,0.9999999999995016,0.9999999995,104,12.903846153846153,United Kingdom,0
17723,0,32,1,102.0,102.0,48.75,2,0.0,0.9999999999901961,0.9999999989999999,2,60.0,United Kingdom,1
17726,1,52,7,1092.0600000000002,156.00857142857146,47.5,52,0.125,0.5691262384845438,0.4285714285102041,64,6.9375,United Kingdom,0
17728,1,61,2,1362.75,681.375,49.0,79,0.3333333333333333,0.9999999999992661,0.9999999995,79,8.569620253164556,United Kingdom,0
17729,1,253,1,438.65000000000003,438.65000000000003,48.75,23,0.0,-0.9999999999977203,-0.9999999989999999,23,10.73913043478261,United Kingdom,1
17730,0,39,7,2475.32,353.6171428571429,34.0,75,0.125,0.43107153822518657,0.4285714285102041,96,17.958333333333332,United Kingdom,0
17731,0,278,2,468.88,234.44,47.0,30,0.0,-0.9999999999978673,-0.9999999995,32,6.6875,United Kingdom,0
17732,1,29,8,2166.42,270.8025,16.142857142857142,90,0.2,0.9999999999995384,0.999999999875,122,8.672131147540984,United Kingdom,0
17734,0,182,3,741.69,247.23000000000002,57.5,40,0.0,-0.1692216424649527,-0.3333333332222222,43,7.4186046511627906,United Kingdom,0
17735,0,24,8,4134.91,516.86375,17.857142857142858,139,0.2727272727272727,0.9999999999997581,0.999999999875,206,11.951456310679612,United Kingdom,0
17738,0,52,9,2304.51,256.0566666666667,29.125,103,0.1,-0.34333979891588956,-0.5555555554938272,133,13.135338345864662,United Kingdom,0
17739,0,17,10,4487.34,448.73400000000004,37.111111111111114,42,0.09090909090909091,0.1863910468116553,0.19999999998,90,14.533333333333333,United Kingdom,0
17740,1,46,6,426.9,71.14999999999999,61.2,5,0.0,-0.4687280393523806,-0.33333333327777775,9,24.666666666666668,United Kingdom,0
17741,1,63,2,101.10000000000001,50.550000000000004,153.0,6,0.0,0.18100890207536088,0.0,6,19.0,United Kingdom,0
17742,0,85,8,1524.8200000000002,190.60250000000002,33.857142857142854,41,0.0,-0.21460893744821372,0.0,62,8.53225806451613,United Kingdom,0
17743,1,105,1,229.2,229.2,48.75,3,0.5,0.999999999995637,0.9999999989999999,3,32.0,United Kingdom,1
17744,0,15,2,704.26,352.13,22.0,33,0.0,0.9999999999985801,0.9999999995,34,28.176470588235293,United Kingdom,0
17745,1,134,2,600.34,300.17,78.0,27,0.0,-0.6298430889152317,0.0,28,5.857142857142857,United Kingdom,0
17746,0,128,3,793.9300000000001,264.6433333333334,69.5,28,0.4,-0.019183051402492525,0.3333333332222222,30,21.966666666666665,United Kingdom,0
17748,1,184,1,358.15,358.15,48.75,17,0.0,-0.9999999999972079,-0.9999999989999999,17,6.529411764705882,United Kingdom,1
17749,0,203,1,351.66,351.66,48.75,22,0.0,-0.9999999999971564,-0.9999999989999999,22,5.7272727272727275,United Kingdom,1
17751,1,78,1,157.85999999999999,157.85999999999999,48.75,31,0.0,0.9999999999936653,0.9999999989999999,32,4.59375,United Kingdom,1
17752,1,16,1,80.64,80.64,48.75,1,0.0,0.9999999999875991,0.9999999989999999,1,192.0,United Kingdom,1
17753,1,121,4,382.05999999999995,95.51499999999999,79.0,63,0.2,0.8406009527277376,0.499999999875,69,1.7971014492753623,United Kingdom,0
17754,0,31,7,2516.39,359.4842857142857,54.333333333333336,101,0.2222222222222222,-0.3164890974768154,-0.1428571428367347,115,19.043478260869566,United Kingdom,0
17756,1,32,3,728.75,242.91666666666666,8.5,54,0.0,0.9999999999986278,0.9999999996666666,84,4.75,United Kingdom,0
17757,0,17,30,4046.46,134.882,11.10344827586207,248,0.09090909090909091,0.5888060180996256,0.5333333333155555,597,3.2562814070351758,United Kingdom,0
17758,0,84,4,1555.83,388.9575,46.666666666666664,121,0.0,0.4408643617873155,0.499999999875,124,9.233870967741936,United Kingdom,0
17759,0,50,2,441.91999999999996,220.95999999999998,190.0,41,0.0,0.4019279507594091,0.0,43,6.232558139534884,United Kingdom,0
17760,1,30,5,631.3399999999999,126.26799999999999,68.75,44,0.16666666666666666,0.24639655336229865,-0.19999999996,51,8.96078431372549,United Kingdom,0
17762,1,113,1,129.75,129.75,48.75,16,0.0,0.9999999999922929,0.9999999989999999,17,7.588235294117647,United Kingdom,1
17763,0,310,3,71.15,23.71666666666667,2.5,11,0.25,-0.9999999999859451,-0.9999999996666666,13,2.230769230769231,United Kingdom,0
17764,0,59,2,553.87,276.935,138.0,38,0.0,-0.028255727878331957,0.0,49,5.183673469387755,United Kingdom,0
17765,0,105,1,156.37,156.37,48.75,22,0.0,0.999999999993605,0.9999999989999999,25,2.08,United Kingdom,1
17766,1,38,2,299.61,149.805,0.0,21,0.0,0.9999999999966623,0.9999999995,22,7.045454545454546,United Kingdom,0
17767,1,67,1,141.85,141.85,48.75,18,0.0,0.9999999999929504,0.9999999989999999,18,3.888888888888889,United Kingdom,1
17768,0,44,3,828.26,276.08666666666664,146.0,44,0.25,0.547968029362099,-0.3333333332222222,53,13.49056603773585,United Kingdom,0
17769,0,40,7,3095.95,442.2785714285714,50.333333333333336,195,0.2222222222222222,0.048104782053958225,-0.1428571428367347,279,4.684587813620071,United Kingdom,0
17771,0,93,2,141.6,70.8,153.0,14,0.0,0.7740112994295621,0.0,15,5.733333333333333,United Kingdom,0
17772,1,49,1,187.3,187.3,48.75,45,0.0,0.999999999994661,0.9999999989999999,46,1.2608695652173914,United Kingdom,1
17773,1,171,2,575.37,287.685,175.0,48,0.0,-0.2734414376831023,0.0,55,4.618181818181818,United Kingdom,0
17774,0,54,5,2060.1,412.02,67.25,205,0.375,0.22417358380650254,0.19999999996,244,4.413934426229508,United Kingdom,0
17776,1,43,1,122.81,122.81,48.75,31,0.0,0.9999999999918573,0.9999999989999999,32,2.3125,United Kingdom,1
17778,1,318,1,197.70000000000002,197.70000000000002,48.75,10,0.0,-0.9999999999949419,-0.9999999989999999,10,21.4,United Kingdom,1
17780,1,324,3,346.56,115.52,8.5,76,0.0,-0.9999999999971145,-0.9999999996666666,79,1.9746835443037976,United Kingdom,0
17782,1,39,2,679.02,339.51,0.0,29,0.0,0.9999999999985273,0.9999999995,29,18.551724137931036,United Kingdom,0
17783,0,169,1,93.49,93.49,48.75,24,0.0,0.9999999999893037,0.9999999989999999,24,3.5,United Kingdom,1
17784,1,207,1,112.86,112.86,48.75,19,0.0,-0.9999999999911394,-0.9999999989999999,23,3.130434782608696,United Kingdom,1
17785,1,102,2,271.44,135.72,120.0,38,0.0,0.15082522841087967,0.0,38,4.2105263157894735,United Kingdom,0
17787,0,28,1,736.28,736.28,48.75,30,0.0,0.9999999999986419,0.9999999989999999,31,11.483870967741936,United Kingdom,1
17789,0,318,1,171.25,171.25,48.75,13,0.0,-0.9999999999941607,-0.9999999989999999,15,8.333333333333334,United Kingdom,1
17790,0,14,11,1214.66,110.42363636363638,18.2,94,0.0,0.6612385358860412,0.8181818181074381,137,5.343065693430657,United Kingdom,0
17792,1,124,2,368.35,184.175,11.0,45,0.0,0.9999999999972852,0.9999999995,52,2.8653846153846154,United Kingdom,0
17794,1,343,2,147.3,73.65,1.0,7,0.0,-0.9999999999932112,-0.9999999995,7,6.571428571428571,United Kingdom,0
17796,0,26,4,661.04,165.26,17.0,119,0.0,0.9999999999984872,0.99999999975,141,1.4113475177304964,United Kingdom,0
17797,0,52,4,985.71,246.4275,95.0,117,0.0,-0.45951649065094247,-0.499999999875,136,3.6691176470588234,United Kingdom,0
17798,1,238,1,178.07,178.07,48.75,43,0.0,-0.9999999999943843,-0.9999999989999999,45,3.066666666666667,United Kingdom,1
17799,0,18,10,3096.7799999999997,309.678,35.55555555555556,315,0.16666666666666666,-0.16683781217904833,-0.19999999998,487,3.9507186858316223,United Kingdom,0
17801,1,108,3,770.03,256.6766666666667,120.0,66,0.25,-0.3173772450419888,-0.3333333332222222,81,10.123456790123457,United Kingdom,0
17802,0,29,6,3238.43,539.7383333333333,45.2,218,0.3333333333333333,0.7024792878028234,0.6666666665555555,335,5.191044776119403,United Kingdom,0
17803,1,49,1,184.66,184.66,48.75,27,0.0,0.9999999999945847,0.9999999989999999,27,3.6296296296296298,United Kingdom,1
17804,1,33,2,258.83000000000004,129.41500000000002,156.0,56,0.0,-0.08047753351589666,0.0,59,1.728813559322034,United Kingdom,0
17805,1,267,1,414.72,414.72,48.75,1,0.0,-0.9999999999975887,-0.9999999989999999,1,648.0,United Kingdom,1
17807,1,52,3,437.87,145.95666666666668,154.5,88,0.0,-0.37766917121433835,-0.3333333332222222,89,2.943820224719101,United Kingdom,0
17808,1,205,4,262.64,65.66,10.0,29,0.0,-0.9999999999961926,-0.99999999975,33,4.333333333333333,United Kingdom,0
17809,0,28,9,5163.780000000001,573.7533333333334,38.375,26,0.1,0.1737719267667922,0.3333333332962963,45,25.377777777777776,United Kingdom,0
17810,1,325,2,373.15999999999997,186.57999999999998,15.0,51,0.3333333333333333,-0.9999999999973203,-0.9999999995,55,2.1454545454545455,United Kingdom,0
17811,0,31,8,1757.98,219.7475,9.428571428571429,253,0.1111111111111111,0.9999999999994311,0.999999999875,324,3.493827160493827,United Kingdom,0
17812,1,25,4,405.48,101.37,53.333333333333336,79,0.0,0.49985202722575744,0.499999999875,85,2.847058823529412,United Kingdom,0
17814,1,32,2,1609.37,804.685,47.0,112,0.0,0.9999999999993786,0.9999999995,143,10.034965034965035,United Kingdom,0
17815,1,50,1,591.96,591.96,48.75,13,0.0,0.9999999999983107,0.9999999989999999,13,47.07692307692308,United Kingdom,1
17816,0,22,2,51.13,25.565,293.0,28,0.0,-0.36592998239065266,0.0,31,1.4193548387096775,United Kingdom,0
17817,0,35,3,400.47,133.49,21.5,87,0.25,0.999999999997503,0.9999999996666666,101,2.8316831683168315,United Kingdom,0
17819,0,19,5,2139.2,427.84,71.25,45,0.0,0.1323859386685992,0.19999999996,51,14.490196078431373,United Kingdom,0
17820,1,31,1,180.60999999999999,180.60999999999999,48.75,39,0.5,0.9999999999944633,0.9999999989999999,41,2.707317073170732,United Kingdom,1
17821,1,63,1,334.62,334.62,48.75,6,0.0,0.9999999999970116,0.9999999989999999,6,27.0,United Kingdom,1
17822,1,77,5,2162.93,432.58599999999996,35.0,152,0.0,0.006051975792093995,0.19999999996,169,8.136094674556213,United Kingdom,0
17823,1,78,2,449.25,224.625,0.0,88,0.0,0.9999999999977741,0.9999999995,100,2.52,United Kingdom,0
17825,1,255,1,264.5,264.5,48.75,3,0.0,-0.9999999999962194,-0.9999999989999999,3,98.66666666666667,United Kingdom,1
17826,1,31,1,133.34,133.34,48.75,33,0.0,0.9999999999925004,0.9999999989999999,33,2.5454545454545454,United Kingdom,1
17827,0,21,4,1659.8,414.95,85.33333333333333,165,0.2,0.5314616218818343,0.499999999875,177,6.11864406779661,United Kingdom,0
17829,0,66,4,3867.5,966.875,81.66666666666667,121,0.2,0.3224046541692766,0.499999999875,141,17.822695035460992,United Arab Emirates,0
17834,1,71,2,689.6700000000001,344.83500000000004,30.0,54,0.0,0.99999999999855,0.9999999995,58,11.017241379310345,United Kingdom,0
17838,0,22,10,3786.7000000000003,378.67,29.0,87,0.09090909090909091,0.14544062112125458,0.0,178,12.314606741573034,United Kingdom,0
17840,1,100,1,175.9,175.9,48.75,44,0.0,0.999999999994315,0.9999999989999999,50,2.56,United Kingdom,1
17841,0,12,85,27735.19,326.29635294117645,3.6666666666666665,1427,0.2857142857142857,-0.043720270169411365,-0.05882352941107266,4531,3.0125800044140365,United Kingdom,0
17842,1,259,1,430.69,430.69,48.75,18,0.0,-0.9999999999976782,-0.9999999989999999,18,4.944444444444445,United Kingdom,1
17843,0,68,1,114.92,114.92,48.75,22,0.0,0.9999999999912983,0.9999999989999999,25,5.52,United Kingdom,1
17845,1,212,4,596.0899999999999,149.02249999999998,7.0,42,0.0,-0.9999999999983225,-0.99999999975,47,4.148936170212766,United Kingdom,0
17847,1,172,2,129.69,64.845,129.0,9,0.0,0.37312051815580916,0.0,9,3.2222222222222223,United Kingdom,0
17848,0,15,21,2580.01,122.85761904761905,16.25,74,0.0,-0.43137429699868163,-0.23809523808390023,113,8.345132743362832,United Kingdom,0
17849,0,137,4,457.96000000000004,114.49000000000001,51.333333333333336,18,0.0,-0.36880950301255827,-0.499999999875,24,4.583333333333333,United Kingdom,0
17850,1,29,140,43797.73,312.8409285714286,2.237410071942446,95,0.02097902097902098,0.129669049058019,0.34285714285469393,2240,8.434821428571428,United Kingdom,0
17851,1,79,3,421.67,140.55666666666667,135.0,90,0.0,0.033462186069596014,0.3333333332222222,91,3.802197802197802,United Kingdom,0
17852,1,45,1,163.11,163.11,48.75,37,0.0,0.9999999999938692,0.9999999989999999,37,2.918918918918919,United Kingdom,1
17853,1,64,2,1011.94,505.97,69.0,60,0.0,0.9999999999990118,0.9999999995,76,6.131578947368421,United Kingdom,0
17854,0,119,3,621.3,207.1,25.5,84,0.0,0.9999999999983905,0.9999999996666666,88,5.204545454545454,United Kingdom,0
17855,1,29,1,208.97,208.97,48.75,17,0.0,0.9999999999952147,0.9999999989999999,17,11.588235294117647,United Kingdom,1
17857,0,15,3,1808.7,602.9,141.0,6,0.0,0.4825012439871275,0.3333333332222222,7,402.0,United Kingdom,0
17858,0,16,18,7783.47,432.415,17.294117647058822,89,0.1,0.3024704919527791,0.3333333333148148,168,23.053571428571427,United Kingdom,0
17860,1,25,2,470.45000000000005,235.22500000000002,59.0,90,0.0,0.9999999999978744,0.9999999995,107,5.364485981308412,United Kingdom,0
17861,0,42,9,2661.42,295.71333333333337,39.25,200,0.18181818181818182,-0.10218605105541322,0.11111111109876542,304,7.042763157894737,United Kingdom,0
17862,0,42,3,923.9900000000001,307.9966666666667,88.5,83,0.0,0.6735246052439164,0.3333333332222222,88,3.8636363636363638,United Kingdom,0
17863,0,26,7,2585.2,369.3142857142857,46.666666666666664,84,0.0,0.20917530558556044,0.1428571428367347,128,18.078125,United Kingdom,0
17864,0,42,2,321.72,160.86,42.0,37,0.0,0.9999999999968917,0.9999999995,42,7.357142857142857,United Kingdom,0
17865,0,14,22,13911.890000000001,632.3586363636364,15.095238095238095,253,0.2413793103448276,0.22326010340793215,0.3636363636198347,546,11.424908424908425,United Kingdom,0
17866,1,141,1,655.8000000000001,655.8000000000001,48.75,13,0.0,0.9999999999984751,0.9999999989999999,13,24.692307692307693,United Kingdom,1
17867,0,67,7,313.63,44.80428571428571,44.833333333333336,43,0.2222222222222222,0.43194209737451167,0.1428571428367347,45,2.1555555555555554,United Kingdom,0
17868,1,43,1,227.15,227.15,48.75,18,0.0,0.9999999999955976,0.9999999989999999,18,4.722222222222222,United Kingdom,1
17869,0,25,3,599.78,199.92666666666665,89.0,53,0.0,0.4825102537589074,0.3333333332222222,56,7.982142857142857,United Kingdom,0
17870,1,23,2,1213.7999999999997,606.8999999999999,14.0,2,0.0,0.9999999999991761,0.9999999995,3,158.66666666666666,United Kingdom,0
17871,0,54,4,913.05,228.2625,98.33333333333333,58,0.0,-0.14679371337807698,0.0,73,6.616438356164384,United Kingdom,0
17872,1,38,1,235.87,235.87,48.75,15,0.0,0.9999999999957604,0.9999999989999999,15,11.733333333333333,United Kingdom,1
17873,0,30,12,4028.56,335.7133333333333,26.90909090909091,58,0.07692307692307693,0.31452429652274894,0.33333333330555553,116,24.42241379310345,United Kingdom,0
17875,1,345,1,167.1,167.1,48.75,25,0.0,-0.9999999999940157,-0.9999999989999999,26,3.769230769230769,United Kingdom,1
17876,1,56,3,3424.02,1141.34,137.5,3,0.0,0.054316271517089766,-0.3333333332222222,4,489.5,United Kingdom,0
17878,1,52,2,999.48,499.74,0.0,56,0.0,0.9999999999989995,0.9999999995,56,10.946428571428571,United Kingdom,0
17880,1,21,2,653.32,326.66,274.0,36,0.0,0.4048858139955842,0.0,38,10.368421052631579,United Kingdom,0
17882,1,36,2,291.56,145.78,0.0,47,0.0,0.9999999999965702,0.9999999995,53,2.452830188679245,United Kingdom,0
17883,0,196,3,324.08,108.02666666666666,56.0,30,0.25,-0.9999999999969144,-0.9999999996666666,31,3.2903225806451615,United Kingdom,0
17884,0,25,14,1881.8899999999999,134.42071428571427,23.307692307692307,219,0.06666666666666667,-0.21025139620264188,0.0,276,6.688405797101449,United Kingdom,0
17886,0,94,3,703.27,234.42333333333332,75.5,56,0.0,0.5899156796101215,0.3333333332222222,64,3.78125,United Kingdom,0
17888,0,14,17,1057.6200000000001,62.21294117647059,20.0625,82,0.19047619047619047,-0.5786199201976338,-0.1764705882249135,87,6.827586206896552,United Kingdom,0
17889,0,31,5,545.05,109.00999999999999,60.75,80,0.0,0.9396752591488124,0.59999999988,96,3.3958333333333335,United Kingdom,0
17890,0,18,1,463.01,463.01,48.75,61,0.0,0.9999999999978403,0.9999999989999999,62,5.32258064516129,United Kingdom,1
17894,0,9,14,1700.62,121.47285714285714,8.461538461538462,167,0.125,0.999999999999412,0.9999999999285715,301,2.5083056478405314,United Kingdom,0
17897,0,24,8,1968.75,246.09375,29.428571428571427,175,0.1111111111111111,0.16314412698404415,0.0,222,3.5720720720720722,United Kingdom,0
17898,0,109,2,147.12,73.56,114.0,22,0.0,-0.5617183251729083,0.0,22,2.772727272727273,United Kingdom,0
17901,1,178,2,149.7,74.85,0.0,3,0.0,0.99999999999332,0.9999999995,3,4.666666666666667,United Kingdom,0
17902,1,203,1,216.39999999999998,216.39999999999998,48.75,24,0.0,-0.999999999995379,-0.9999999989999999,24,21.916666666666668,United Kingdom,1
17903,1,51,1,381.09000000000003,381.09000000000003,48.75,44,0.0,0.999999999997376,0.9999999989999999,45,3.1555555555555554,United Kingdom,1
17905,1,9,11,1772.78,161.16181818181818,32.3,123,0.08333333333333333,-0.39308882094766795,-0.45454545450413225,140,7.6,United Kingdom,0
17907,1,297,1,291.76,291.76,48.75,13,0.0,-0.9999999999965725,-0.9999999989999999,13,80.46153846153847,United Kingdom,1
17908,1,30,4,743.51,185.8775,74.66666666666667,124,0.2,0.6712619870604682,0.499999999875,142,3.035211267605634,United Kingdom,0
17912,0,16,5,352.95,70.59,3.75,47,0.16666666666666666,0.9999999999971668,0.9999999998,49,4.3061224489795915,United Kingdom,0
17913,1,12,10,2613.4,261.34000000000003,31.444444444444443,196,0.0,0.13038953087926441,0.19999999998,366,3.5081967213114753,United Kingdom,0
17915,1,208,1,225.78,225.78,48.75,27,0.0,-0.999999999995571,-0.9999999989999999,29,6.344827586206897,United Kingdom,1
17916,1,285,1,18.41,18.41,48.75,8,0.0,-0.9999999999456817,-0.9999999989999999,8,5.375,United Kingdom,1
17917,0,19,1,107.16,107.16,48.75,28,0.0,0.9999999999906681,0.9999999989999999,28,1.9642857142857142,United Kingdom,1
17918,1,157,3,396.39,132.13,2.0,34,0.0,0.9999999999974772,0.9999999996666666,40,8.8,United Kingdom,0
17919,1,95,1,536.28,536.28,48.75,17,0.0,0.9999999999981353,0.9999999989999999,17,40.94117647058823,United Kingdom,1
17920,0,25,35,18248.29,521.3797142857143,9.294117647058824,401,0.05405405405405406,-0.7528699949419505,-0.42857142855918373,887,10.44532130777903,United Kingdom,0
17921,0,36,6,1574.13,262.355,25.8,148,0.25,0.9999999999993647,0.9999999998333333,218,2.596330275229358,United Kingdom,0
17922,1,200,1,170.4,170.4,48.75,8,0.0,-0.9999999999941315,-0.9999999989999999,8,6.125,United Kingdom,1
17923,0,184,2,289.5,144.75,16.0,2,0.0,-0.9999999999965458,-0.9999999995,2,45.0,United Kingdom,0
17924,0,30,2,574.2,287.1,40.0,3,0.5,0.9999999999982585,0.9999999995,4,27.0,United Kingdom,0
17925,1,29,1,244.08,244.08,48.75,1,0.0,0.999999999995903,0.9999999989999999,1,72.0,United Kingdom,1
17926,0,101,3,638.2,212.73333333333335,67.0,16,0.0,0.4412409902844856,0.3333333332222222,23,11.565217391304348,United Kingdom,0
17928,0,228,1,128.7,128.7,48.75,4,0.0,-0.9999999999922301,-0.9999999989999999,4,20.5,United Kingdom,1
17929,0,44,7,1846.7,263.81428571428575,43.333333333333336,4,0.0,0.7875128607782598,0.7142857141836735,8,31.75,United Kingdom,0
17930,0,50,8,2534.7400000000002,316.84250000000003,35.42857142857143,22,0.2,0.28563876373896907,0.24999999996875,48,45.854166666666664,United Kingdom,0
17931,0,54,12,2993.88,249.49,23.545454545454547,222,0.25,-0.35364810880851816,-0.33333333330555553,286,5.839160839160839,United Kingdom,0
17933,1,289,1,114.69,114.69,48.75,12,0.0,-0.9999999999912809,-0.9999999989999999,14,4.5,United Kingdom,1
17934,1,63,1,344.90000000000003,344.90000000000003,48.75,20,0.0,0.9999999999971007,0.9999999989999999,20,7.5,United Kingdom,1
17935,1,57,4,434.1,108.525,74.66666666666667,26,0.2,0.4517392305909889,0.499999999875,28,3.8214285714285716,United Kingdom,0
17937,0,18,2,2153.88,1076.94,1.0,18,0.0,0.9999999999995357,0.9999999995,18,44.666666666666664,United Kingdom,0
17938,1,77,1,144.29,144.29,48.75,29,0.0,0.9999999999930695,0.9999999989999999,29,1.8275862068965518,United Kingdom,1
17940,0,102,5,21906.75,4381.35,58.75,8,0.2857142857142857,-0.6615289807935607,-0.59999999988,13,4485.0,United Kingdom,0
17941,1,247,3,1128.72,376.24,55.5,3,0.0,-0.999999999999114,-0.9999999996666666,5,171.2,United Kingdom,0
17944,1,80,1,74.99,74.99,48.75,24,0.0,0.9999999999866649,0.9999999989999999,25,3.36,United Kingdom,1
17945,1,353,3,360.35,120.11666666666667,0.0,66,0.0,-0.999999999997225,-0.9999999996666666,72,3.388888888888889,United Kingdom,0
17949,0,28,64,54368.04,849.500625,4.984126984126984,31,0.15789473684210525,-0.07769932482392088,-0.24999999999609374,77,343.1948051948052,United Kingdom,0
17950,1,22,6,947.26,157.87666666666667,67.4,110,0.14285714285714285,0.35396828748141584,0.33333333327777775,133,3.601503759398496,United Kingdom,0
17951,1,15,3,741.54,247.17999999999998,22.5,15,0.25,0.9999999999986515,0.9999999996666666,17,22.58823529411765,United Kingdom,0
17952,1,35,4,788.46,197.115,54.333333333333336,85,0.0,0.08654846155786401,0.0,98,4.86734693877551,United Kingdom,0
17953,1,197,1,159.17000000000002,159.17000000000002,48.75,20,0.0,-0.9999999999937175,-0.9999999989999999,20,4.9,United Kingdom,1
17954,0,24,6,948.51,158.085,59.0,166,0.4,-0.0506373153682611,0.0,195,3.41025641025641,United Kingdom,0
17955,0,312,2,392.6,196.3,9.0,2,0.0,-0.9999999999974529,-0.9999999995,3,136.0,United Kingdom,0
17959,1,249,1,140.75,140.75,48.75,2,0.0,-0.9999999999928952,-0.9999999989999999,2,24.5,United Kingdom,1
17960,0,179,2,61.300000000000004,30.650000000000002,118.0,11,0.0,0.644371941261919,0.0,11,1.7272727272727273,United Kingdom,0
17961,0,10,52,1397.97,26.884038461538463,6.333333333333333,246,0.037037037037037035,0.3157363891926752,-0.15384615384319528,286,1.8216783216783217,United Kingdom,0
17962,1,206,3,564.55,188.1833333333333,73.0,126,0.25,-0.9999999999982288,-0.9999999996666666,149,3.3959731543624163,United Kingdom,0
17963,1,128,4,643.16,160.79,72.0,98,0.0,0.03308663474091499,0.0,109,3.128440366972477,United Kingdom,0
17964,1,29,1,261.76,261.76,48.75,35,0.0,0.9999999999961797,0.9999999989999999,35,5.571428571428571,United Kingdom,1
17965,0,22,16,4291.03,268.189375,22.0,370,0.2,-0.18015022034332545,0.0,479,5.075156576200418,United Kingdom,0
17966,0,248,5,865.49,173.098,24.5,33,0.0,-0.9999999999988446,-0.9999999998,45,29.933333333333334,United Kingdom,0
17967,1,28,2,223.42,111.71,44.0,59,0.0,0.9999999999955241,0.9999999995,61,1.819672131147541,United Kingdom,0
17968,1,30,4,590.44,147.61,46.0,106,0.0,0.9999999999983064,0.99999999975,128,2.75,United Kingdom,0
17969,0,18,15,1815.49,121.03266666666667,23.928571428571427,87,0.2857142857142857,-0.5613856314270188,-0.59999999996,146,5.986301369863014,United Kingdom,0
17971,1,205,1,161.94,161.94,48.75,21,0.0,-0.9999999999938249,-0.9999999989999999,21,2.9523809523809526,United Kingdom,1
17974,0,38,3,1035.1,345.0333333333333,12.5,161,0.0,0.9999999999990339,0.9999999996666666,196,3.5153061224489797,United Kingdom,0
17975,0,17,13,2834.56,218.0430769230769,10.166666666666666,97,0.07142857142857142,0.9999999999996472,0.9999999999230769,201,4.0,United Kingdom,0
17976,1,29,1,321.79,321.79,48.75,56,0.0,0.9999999999968924,0.9999999989999999,57,1.631578947368421,United Kingdom,1
17977,1,57,1,1223.31,1223.31,48.75,83,0.5,0.9999999999991825,0.9999999989999999,83,19.349397590361445,United Kingdom,1
17978,1,22,3,1036.8899999999999,345.62999999999994,165.5,38,0.0,0.681837031892793,0.3333333332222222,41,29.414634146341463,United Kingdom,0
17980,0,16,2,496.47,248.235,34.0,35,0.0,0.9999999999979858,0.9999999995,46,7.043478260869565,United Kingdom,0
17981,1,67,1,239.12,239.12,48.75,17,0.0,0.999999999995818,0.9999999989999999,17,15.294117647058824,United Kingdom,1
17982,1,337,1,138.18,138.18,48.75,13,0.0,-0.9999999999927631,-0.9999999989999999,13,9.0,United Kingdom,1
17983,1,52,1,171.71,171.71,48.75,23,0.0,0.9999999999941763,0.9999999989999999,24,4.5,United Kingdom,1
17984,1,49,3,786.88,262.29333333333335,50.5,129,0.0,0.9999999999987291,0.9999999996666666,147,4.448979591836735,United Kingdom,0
17987,0,33,4,766.87,191.7175,58.0,132,0.2,0.5462594703136825,0.499999999875,151,4.768211920529802,United Kingdom,0
17988,0,144,4,98.1,24.525,12.333333333333334,32,0.0,0.9999999999898063,0.99999999975,33,1.9090909090909092,United Kingdom,0
17989,1,36,1,207.32999999999998,207.32999999999998,48.75,26,0.0,0.9999999999951769,0.9999999989999999,29,10.344827586206897,United Kingdom,1
17990,0,10,4,880.07,220.0175,62.333333333333336,26,0.2,0.5387185110269198,0.499999999875,35,11.514285714285714,United Kingdom,0
17991,0,248,1,206.95,206.95,48.75,33,0.0,-0.999999999995168,-0.9999999989999999,33,2.0606060606060606,United Kingdom,1
17992,1,46,1,252.88,252.88,48.75,49,0.0,0.9999999999960456,0.9999999989999999,52,2.5,United Kingdom,1
17993,1,274,1,225.99,225.99,48.75,60,0.0,-0.9999999999955751,-0.9999999989999999,60,1.8,United Kingdom,1
17994,0,45,7,1595.14,227.87714285714287,38.166666666666664,185,0.125,-0.185425730656754,0.1428571428367347,227,7.427312775330397,United Kingdom,0
17995,0,39,2,419.38,209.69,4.0,26,0.0,0.9999999999976156,0.9999999995,27,4.814814814814815,United Kingdom,0
17996,1,36,3,482.33000000000004,160.77666666666667,83.0,63,0.0,-0.0901250181409198,-0.3333333332222222,67,8.761194029850746,United Kingdom,0
17998,1,37,1,320.05,320.05,48.75,8,0.5,0.9999999999968755,0.9999999989999999,8,33.875,United Kingdom,1
17999,1,23,2,338.40999999999997,169.20499999999998,12.0,77,0.0,0.999999999997045,0.9999999995,81,1.9876543209876543,United Kingdom,0
18000,1,221,1,124.25,124.25,48.75,6,0.0,-0.9999999999919517,-0.9999999989999999,6,18.166666666666668,United Kingdom,1
18001,1,106,3,332.41,110.80333333333334,48.0,59,0.0,0.3917150506892341,0.3333333332222222,63,5.841269841269841,United Kingdom,0
18002,1,32,3,200.05,66.68333333333334,121.0,39,0.0,0.766058485374826,0.3333333332222222,40,1.225,United Kingdom,0
18003,1,33,1,353.51,353.51,48.75,23,0.0,0.9999999999971713,0.9999999989999999,23,12.91304347826087,United Kingdom,1
18004,1,19,1,157.92,157.92,48.75,32,0.0,0.9999999999936677,0.9999999989999999,37,2.027027027027027,United Kingdom,1
18006,1,38,2,471.28,235.64,235.0,34,0.0,-0.16525207944286782,0.0,37,4.486486486486487,United Kingdom,0
18007,1,49,1,215.22,215.22,48.75,46,0.0,0.9999999999953536,0.9999999989999999,50,4.92,United Kingdom,1
18008,0,72,14,17642.89,1260.2064285714284,21.46153846153846,54,0.0,-0.7129155144083132,-0.4285714285408163,67,93.19402985074628,United Kingdom,0
18009,0,199,7,1896.84,270.97714285714284,18.0,122,0.4166666666666667,-0.9999999999994729,-0.9999999998571428,148,3.554054054054054,United Kingdom,0
18011,1,30,2,410.78999999999996,205.39499999999998,194.0,63,0.0,-0.49954964823754344,0.0,63,1.9841269841269842,United Kingdom,0
18016,0,21,3,633.5500000000001,211.18333333333337,158.0,54,0.0,0.364848867492124,0.3333333332222222,66,3.712121212121212,United Kingdom,0
18017,0,88,1,165.0,165.0,48.75,1,0.0,0.9999999999939394,0.9999999989999999,1,100.0,United Kingdom,1
18018,0,56,2,175.85000000000002,87.92500000000001,21.0,14,0.3333333333333333,0.9999999999943134,0.9999999995,15,8.733333333333333,United Kingdom,0
18020,1,200,1,190.48000000000002,190.48000000000002,48.75,12,0.5,-0.9999999999947502,-0.9999999989999999,12,5.583333333333333,United Kingdom,1
18021,1,166,2,216.41,108.205,2.0,32,0.0,0.9999999999953791,0.9999999995,32,5.25,United Kingdom,0
18022,1,42,4,894.53,223.6325,53.0,203,0.0,0.614300247056427,0.499999999875,261,2.3295019157088124,United Kingdom,0
18025,1,36,6,1177.72,196.28666666666666,47.4,83,0.0,0.1630608293990396,0.33333333327777775,112,9.401785714285714,United Kingdom,0
18026,1,157,2,2074.07,1037.035,4.0,12,0.0,0.9999999999995178,0.9999999995,17,31.176470588235293,United Kingdom,0
18028,1,240,1,192.05,192.05,48.75,4,0.0,-0.999999999994793,-0.9999999989999999,4,33.25,United Kingdom,1
18029,1,299,1,433.77,433.77,48.75,18,0.0,-0.9999999999976946,-0.9999999989999999,18,14.055555555555555,United Kingdom,1
18031,1,35,1,451.3,451.3,48.75,49,0.0,0.9999999999977842,0.9999999989999999,63,4.73015873015873,United Kingdom,1
18034,1,32,1,335.52,335.52,48.75,97,0.0,0.9999999999970196,0.9999999989999999,104,3.769230769230769,United Kingdom,1
18035,1,42,2,546.3399999999999,273.16999999999996,0.0,8,0.0,0.9999999999981697,0.9999999995,8,68.75,United Kingdom,0
18036,0,42,7,1071.57,153.08142857142857,50.5,166,0.0,0.29770336982157236,0.4285714285102041,221,2.18552036199095,United Kingdom,0
18037,0,19,7,101.05,14.435714285714285,54.166666666666664,16,0.0,0.0014844136565909365,-0.4285714285102041,17,1.1764705882352942,United Kingdom,0
18038,1,213,1,141.48,141.48,48.75,25,0.0,-0.999999999992932,-0.9999999989999999,27,2.962962962962963,United Kingdom,1
18039,1,31,4,548.22,137.055,88.33333333333333,137,0.0,-0.3772208237561978,-0.499999999875,158,3.5126582278481013,United Kingdom,0
18041,0,22,20,4536.29,226.8145,16.842105263157894,315,0.047619047619047616,-0.16235514043410745,0.099999999995,475,8.47578947368421,United Kingdom,0
18042,1,198,1,116.1,116.1,48.75,9,0.0,-0.9999999999913867,-0.9999999989999999,9,4.0,United Kingdom,1
18043,0,23,1,287.91,287.91,48.75,59,0.0,0.9999999999965268,0.9999999989999999,62,2.532258064516129,United Kingdom,1
18044,0,17,9,1491.26,165.69555555555556,24.25,64,0.0,0.19254858307726858,0.3333333332962963,79,7.822784810126582,United Kingdom,0
18046,1,306,1,189.63,189.63,48.75,26,0.0,-0.9999999999947267,-0.9999999989999999,26,1.6923076923076923,United Kingdom,1
18047,1,38,2,326.09000000000003,163.04500000000002,0.0,74,0.0,0.9999999999969333,0.9999999995,83,1.5662650602409638,United Kingdom,0
18048,0,150,1,222.64,222.64,48.75,51,0.0,0.9999999999955085,0.9999999989999999,52,2.480769230769231,United Kingdom,1
18049,1,94,2,500.92,250.46,153.0,82,0.0,-0.047472650323310224,0.0,87,4.620689655172414,United Kingdom,0
18050,1,16,2,412.06000000000006,206.03000000000003,33.0,22,0.0,0.9999999999975732,0.9999999995,23,10.869565217391305,United Kingdom,0
18051,1,291,5,1581.1799999999998,316.236,16.75,35,0.16666666666666666,-0.9999999999993676,-0.9999999998,43,26.767441860465116,United Kingdom,0
18052,1,221,1,10877.18,10877.18,48.75,16,0.0,-0.9999999999999081,-0.9999999989999999,16,1110.375,United Kingdom,1
18053,1,182,2,271.05,135.525,1.0,12,0.5,-0.7797454344188166,0.0,12,8.916666666666666,United Kingdom,0
18054,1,49,1,176.5,176.5,48.75,11,0.0,0.9999999999943343,0.9999999989999999,11,8.727272727272727,United Kingdom,1
18055,0,15,7,5132.42,733.2028571428572,8.5,184,0.0,0.999999999999805,0.9999999998571428,257,6.334630350194552,United Kingdom,0
18056,0,275,1,190.95,190.95,48.75,11,0.5,-0.9999999999947631,-0.9999999989999999,11,11.181818181818182,United Kingdom,1
18057,1,50,3,1188.46,396.15333333333336,148.5,121,0.0,-0.6621678474659121,-0.3333333332222222,134,7.2388059701492535,United Kingdom,0
18058,1,198,2,603.9,301.95,126.0,11,0.0,-0.9999999999983441,-0.9999999995,13,23.53846153846154,United Kingdom,0
18060,1,65,2,1185.46,592.73,156.0,74,0.0,0.21650667251512778,0.0,75,12.026666666666667,United Kingdom,0
18061,0,23,17,3802.2,223.65882352941176,20.1875,21,0.05555555555555555,-0.1423439061595544,-0.0588235294083045,70,32.82857142857143,United Kingdom,0
18062,0,43,3,912.15,304.05,105.0,25,0.5,0.0730691224030334,0.3333333332222222,27,16.11111111111111,United Kingdom,0
18063,1,47,2,186.60000000000002,93.30000000000001,242.0,2,0.0,-0.09324758842393753,0.0,3,16.0,United Kingdom,0
18064,0,103,9,3667.83,407.53666666666663,28.375,47,0.3076923076923077,-0.35364507079107993,-0.3333333332962963,57,40.36842105263158,United Kingdom,0
18065,0,21,15,3511.92,234.12800000000001,23.285714285714285,133,0.16666666666666666,0.25288730950583926,0.46666666663555556,181,7.414364640883978,United Kingdom,0
18066,1,43,2,1122.4,561.2,28.0,35,0.0,0.999999999999109,0.9999999995,43,9.930232558139535,United Kingdom,0
18069,0,40,6,2455.68,409.28,52.8,385,0.0,-0.05703511858220253,-0.33333333327777775,513,3.6491228070175437,United Kingdom,0
18070,1,326,1,314.1,314.1,48.75,9,0.0,-0.9999999999968163,-0.9999999989999999,9,9.555555555555555,United Kingdom,1
18071,0,22,3,568.0799999999999,189.35999999999999,53.0,32,0.0,0.9999999999982397,0.9999999996666666,35,9.771428571428572,United Kingdom,0
18074,1,30,2,1019.44,509.72,131.0,37,0.0,0.9999999999990191,0.9999999995,43,8.395348837209303,United Kingdom,0
18075,0,17,11,3370.4900000000002,306.40818181818184,13.2,123,0.42105263157894735,0.9999999999997033,0.9999999999090909,193,10.020725388601036,United Kingdom,0
18076,1,37,1,151.49,151.49,48.75,8,0.0,0.999999999993399,0.9999999989999999,8,20.5,United Kingdom,1
18077,0,12,6,1356.01,226.00166666666667,61.0,66,0.0,0.4559479649851727,0.33333333327777775,125,8.808,United Kingdom,0
18078,0,82,2,389.40000000000003,194.70000000000002,203.0,43,0.0,-0.31597329224366727,0.0,44,5.113636363636363,United Kingdom,0
18079,0,148,1,590.78,590.78,48.75,13,0.0,0.9999999999983074,0.9999999989999999,13,106.38461538461539,United Kingdom,1
18083,1,54,1,463.53,463.53,48.75,36,0.0,0.9999999999978426,0.9999999989999999,40,6.7,United Kingdom,1
18084,1,40,2,704.75,352.375,5.0,6,0.3333333333333333,0.999999999998581,0.9999999995,6,73.83333333333333,United Kingdom,0
18085,0,30,3,955.8,318.59999999999997,127.0,33,0.0,0.45856873822927546,0.3333333332222222,42,7.619047619047619,United Kingdom,0
18087,0,36,11,9716.06,883.2781818181818,31.5,33,0.15384615384615385,0.7453124002938696,0.2727272727024793,64,55.90625,United Kingdom,0
18089,1,103,1,428.45,428.45,48.75,9,0.0,0.999999999997666,0.9999999989999999,10,9.5,United Kingdom,1
18090,1,78,1,321.9,321.9,48.75,47,0.0,0.9999999999968935,0.9999999989999999,54,5.685185185185185,United Kingdom,1
18091,1,250,1,360.85,360.85,48.75,25,0.0,-0.9999999999972288,-0.9999999989999999,25,21.56,United Kingdom,1
18092,0,9,7,6201.88,885.9828571428571,50.833333333333336,21,0.0,0.28880275013378376,0.4285714285102041,51,72.54901960784314,United Kingdom,0
18093,0,101,4,2346.1900000000005,586.5475000000001,57.666666666666664,20,0.0,0.42491443574457954,0.0,25,81.48,United Kingdom,0
18094,0,103,6,3374.22,562.37,50.6,36,0.14285714285714285,-0.2879421021746395,-0.6666666665555555,56,29.392857142857142,United Kingdom,0
18095,0,84,3,1723.04,574.3466666666667,85.5,22,0.0,-0.6567926455563092,-0.3333333332222222,27,44.592592592592595,United Kingdom,0
18096,1,99,3,808.81,269.6033333333333,35.0,154,0.0,0.9999999999987637,0.9999999996666666,195,3.1846153846153844,United Kingdom,0
18097,0,11,5,1976.78,395.356,38.25,21,0.2857142857142857,0.9999999999994942,0.9999999998,46,24.0,United Kingdom,0
18098,1,53,1,527.94,527.94,48.75,85,0.0,0.9999999999981058,0.9999999989999999,86,2.5,United Kingdom,1
18100,1,207,1,451.56,451.56,48.75,30,0.0,-0.9999999999977854,-0.9999999989999999,30,14.666666666666666,United Kingdom,1
18101,1,31,3,399.61,133.20333333333335,149.5,62,0.0,0.43695102725047685,0.3333333332222222,69,2.318840579710145,United Kingdom,0
18102,0,22,80,308158.61,3851.9826249999996,4.0,261,0.06976744186046512,0.1633514312645681,0.0,561,196.31372549019608,United Kingdom,0
18103,1,206,1,105.8,105.8,48.75,10,0.0,-0.9999999999905481,-0.9999999989999999,10,2.3,United Kingdom,1
18106,0,133,5,1019.16,203.832,54.25,112,0.0,-0.1757329565522825,-0.19999999996,154,2.4675324675324677,United Kingdom,0
18107,1,99,1,165.88,165.88,48.75,38,0.0,0.9999999999939716,0.9999999989999999,38,1.7105263157894737,United Kingdom,1
18108,0,253,1,84.56,84.56,48.75,4,0.0,-0.999999999988174,-0.9999999989999999,4,3.0,United Kingdom,1
18109,0,19,14,2103.54,150.25285714285715,11.923076923076923,126,0.125,0.9999999999995246,0.9999999999285715,234,2.952991452991453,United Kingdom,0
18110,1,68,1,193.48000000000002,193.48000000000002,48.75,29,0.0,0.9999999999948316,0.9999999989999999,35,2.7714285714285714,United Kingdom,1
18111,1,246,1,405.85,405.85,48.75,27,0.5,-0.9999999999975361,-0.9999999989999999,27,8.592592592592593,United Kingdom,1
18112,0,75,2,420.67,210.335,133.0,34,0.0,0.27734328571023054,0.0,36,5.222222222222222,United Kingdom,0
18113,1,25,1,76.32000000000001,76.32000000000001,48.75,1,0.0,0.9999999999868973,0.9999999989999999,1,72.0,United Kingdom,1
18115,1,354,1,9.700000000000001,9.700000000000001,48.75,3,0.0,-0.9999999998969072,-0.9999999989999999,3,1.0,United Kingdom,1
18116,0,8,8,1392.75,174.09375,8.142857142857142,228,0.0,0.999999999999282,0.999999999875,347,2.089337175792507,United Kingdom,0
18118,0,21,5,1200.7,240.14000000000001,4.0,199,0.16666666666666666,0.9999999999991671,0.9999999998,317,1.8580441640378549,United Kingdom,0
18119,1,24,1,180.7,180.7,48.75,29,0.0,0.999999999994466,0.9999999989999999,29,4.275862068965517,United Kingdom,1
18123,1,170,1,92.2,92.2,48.75,22,0.0,0.999999999989154,0.9999999989999999,22,1.5454545454545454,United Kingdom,1
18124,1,129,1,102.65,102.65,48.75,20,0.0,0.9999999999902581,0.9999999989999999,20,2.35,United Kingdom,1
18127,1,60,1,209.05,209.05,48.75,21,0.0,0.9999999999952165,0.9999999989999999,21,3.0,United Kingdom,1
18128,1,194,1,399.29,399.29,48.75,42,0.0,-0.9999999999974956,-0.9999999989999999,42,5.142857142857143,United Kingdom,1
18131,1,288,1,222.95999999999998,222.95999999999998,48.75,4,0.0,-0.9999999999955149,-0.9999999989999999,4,138.0,United Kingdom,1
18132,1,161,1,220.13,220.13,48.75,60,0.0,0.9999999999954573,0.9999999989999999,62,3.4193548387096775,United Kingdom,1
18134,1,255,2,445.0,222.5,96.0,27,0.0,-0.9999999999977528,-0.9999999995,28,4.571428571428571,United Kingdom,0
18135,0,49,5,567.71,113.542,59.75,16,0.375,-0.015130964753104303,0.19999999996,17,23.764705882352942,United Kingdom,0
18136,0,66,2,847.03,423.515,42.0,47,0.6,0.9999999999988194,0.9999999995,50,9.62,United Kingdom,0
18137,1,208,2,145.99,72.995,0.0,26,0.0,-0.9999999999931503,-0.9999999995,29,2.0344827586206895,United Kingdom,0
18140,1,130,1,536.41,536.41,48.75,49,0.0,0.9999999999981358,0.9999999989999999,54,7.314814814814815,West Indies,1
18141,1,58,2,882.47,441.235,187.0,38,0.5,-0.03860754473235501,0.0,42,10.30952380952381,United Kingdom,0
18144,0,17,8,1909.35,238.66875,34.42857142857143,25,0.0,0.6121193076174551,0.4999999999375,33,25.666666666666668,United Kingdom,0
18145,0,39,6,2438.49,406.41499999999996,63.8,124,0.14285714285714285,-0.009813450126918812,0.0,164,13.615853658536585,United Kingdom,0
18148,1,303,1,112.85000000000001,112.85000000000001,48.75,9,0.0,-0.9999999999911386,-0.9999999989999999,10,6.3,United Kingdom,1
18149,0,61,4,941.88,235.47,76.33333333333333,52,0.0,-0.24376778358151385,0.0,75,7.453333333333333,United Kingdom,0
18151,0,77,4,1226.0900000000001,306.52250000000004,74.66666666666667,65,0.2,-0.7453694263873408,-0.499999999875,68,9.279411764705882,United Kingdom,0
18152,1,303,1,426.69,426.69,48.75,10,0.0,-0.9999999999976564,-0.9999999989999999,10,7.5,United Kingdom,1
18153,1,316,1,246.22,246.22,48.75,17,0.0,-0.9999999999959386,-0.9999999989999999,17,11.764705882352942,United Kingdom,1
18154,1,45,3,533.41,177.8033333333333,50.5,22,0.0,0.9999999999981253,0.9999999996666666,26,14.26923076923077,United Kingdom,0
18156,1,26,1,186.88,186.88,48.75,50,0.0,0.9999999999946491,0.9999999989999999,50,1.36,United Kingdom,1
18157,1,228,1,213.9,213.9,48.75,25,0.0,-0.999999999995325,-0.9999999989999999,25,5.8,United Kingdom,1
18160,0,43,1,365.82,365.82,48.75,26,0.0,0.9999999999972664,0.9999999989999999,26,8.653846153846153,United Kingdom,1
18161,0,36,1,184.41,184.41,48.75,13,0.0,0.9999999999945773,0.9999999989999999,13,11.76923076923077,United Kingdom,1
18163,1,241,1,728.84,728.84,48.75,33,0.5,-0.999999999998628,-0.9999999989999999,33,13.696969696969697,United Kingdom,1
18166,1,280,1,175.5,175.5,48.75,10,0.0,-0.999999999994302,-0.9999999989999999,10,9.0,United Kingdom,1
18168,0,16,10,2127.39,212.73899999999998,34.22222222222222,139,0.3333333333333333,0.036847968637609106,0.0,222,5.576576576576577,United Kingdom,0
18170,0,31,6,1897.69,316.2816666666667,64.4,49,0.0,-0.2623136550225472,-0.33333333327777775,88,8.806818181818182,United Kingdom,0
18171,0,127,4,1206.0,301.5,77.33333333333333,34,0.0,-0.007877280265333434,0.0,38,13.421052631578947,United Kingdom,0
18172,0,44,31,9672.460000000001,312.01483870967746,8.766666666666667,121,0.16216216216216217,0.17201208379252309,0.3548387096659729,279,14.756272401433693,United Kingdom,0
18173,0,269,1,589.52,589.52,48.75,14,0.0,-0.9999999999983037,-0.9999999989999999,14,36.42857142857143,United Kingdom,1
18174,1,260,1,58.5,58.5,48.75,1,0.0,-0.999999999982906,-0.9999999989999999,1,30.0,United Kingdom,1
18175,1,332,1,176.1,176.1,48.75,7,0.0,-0.9999999999943214,-0.9999999989999999,7,10.0,United Kingdom,1
18176,1,15,1,476.35,476.35,48.75,30,0.5,0.9999999999979007,0.9999999989999999,30,9.433333333333334,United Kingdom,1
18177,0,217,2,540.95,270.475,67.0,17,0.0,-0.9999999999981514,-0.9999999995,18,14.38888888888889,United Kingdom,0
18178,0,21,8,4813.58,601.6975,41.57142857142857,171,0.2,0.023205182005903425,0.0,269,11.048327137546469,United Kingdom,0
18179,0,179,2,754.38,377.19,140.0,19,0.0,0.19303268909542534,0.0,19,23.736842105263158,United Kingdom,0
18181,1,57,3,522.5,174.16666666666666,81.0,75,0.4,0.25691866028658966,-0.3333333332222222,78,3.358974358974359,United Kingdom,0
18182,1,120,1,291.13,291.13,48.75,10,0.0,0.9999999999965652,0.9999999989999999,10,16.7,United Kingdom,1
18187,1,288,1,724.89,724.89,48.75,48,0.6666666666666666,-0.9999999999986205,-0.9999999989999999,48,6.458333333333333,United Kingdom,1
18188,0,87,3,1279.55,426.51666666666665,95.5,55,0.25,0.47239263803644066,-0.3333333332222222,62,11.612903225806452,United Kingdom,0
18189,0,282,1,313.49,313.49,48.75,18,0.5,-0.9999999999968101,-0.9999999989999999,18,15.0,United Kingdom,1
18190,0,260,2,268.74,134.37,75.0,9,0.0,-0.999999999996279,-0.9999999995,11,10.0,United Kingdom,0
18191,0,134,1,321.59999999999997,321.59999999999997,48.75,8,0.0,0.9999999999968906,0.9999999989999999,8,24.0,United Kingdom,1
18193,0,37,2,963.5899999999999,481.79499999999996,61.0,50,0.3333333333333333,0.9999999999989623,0.9999999995,54,14.851851851851851,United Kingdom,0
18194,1,95,5,3188.2000000000003,637.6400000000001,59.75,16,0.0,-0.6471363151619576,-0.59999999988,21,54.38095238095238,United Kingdom,0
18195,1,44,1,101.16,101.16,48.75,5,0.0,0.9999999999901147,0.9999999989999999,5,12.0,United Kingdom,1
18196,0,128,2,770.56,385.28,161.0,112,0.0,0.23969580564752946,0.0,138,4.398550724637682,United Kingdom,0
18197,1,232,1,230.1,230.1,48.75,9,0.5,-0.9999999999956541,-0.9999999989999999,9,18.444444444444443,United Kingdom,1
18199,1,340,1,344.75,344.75,48.75,20,0.5,-0.9999999999970994,-0.9999999989999999,20,4.95,United Kingdom,1
18203,1,38,2,223.01999999999998,111.50999999999999,168.0,24,0.0,0.009505873912610908,0.0,26,1.7692307692307692,United Kingdom,0
18206,1,210,1,314.65999999999997,314.65999999999997,48.75,19,0.0,-0.999999999996822,-0.9999999989999999,19,12.947368421052632,United Kingdom,1
18207,1,156,1,544.47,544.47,48.75,31,0.6666666666666666,0.9999999999981634,0.9999999989999999,31,10.483870967741936,United Kingdom,1
18208,1,222,1,360.08,360.08,48.75,17,0.0,-0.9999999999972229,-0.9999999989999999,17,4.823529411764706,United Kingdom,1
18210,0,39,1,147.45,147.45,48.75,10,0.0,0.9999999999932181,0.9999999989999999,10,10.1,United Kingdom,1
18212,0,334,1,298.3,298.3,48.75,12,0.0,-0.9999999999966477,-0.9999999989999999,12,5.5,United Kingdom,1
18214,1,187,4,1780.34,445.085,7.0,38,0.2,-0.9999999999994383,-0.99999999975,58,17.051724137931036,United Kingdom,0
18215,1,94,4,1933.15,483.2875,61.666666666666664,49,0.2,-0.009595737526829453,0.0,76,13.328947368421053,United Kingdom,0
18217,1,170,2,323.29,161.645,12.0,7,0.5,0.9999999999969068,0.9999999995,9,27.666666666666668,United Kingdom,0
18218,0,253,2,479.91999999999996,239.95999999999998,63.0,16,0.0,-0.9999999999979163,-0.9999999995,18,27.333333333333332,United Kingdom,0
18219,0,17,8,1521.27,190.15875,39.714285714285715,53,0.1111111111111111,0.35669539266510436,0.24999999996875,90,8.255555555555556,United Kingdom,0
18220,0,51,4,1362.84,340.71,62.333333333333336,12,0.5,0.5485310087753892,0.499999999875,16,56.25,United Kingdom,0
18221,0,47,1,383.33,383.33,48.75,20,0.5,0.9999999999973913,0.9999999989999999,20,10.45,United Kingdom,1
18223,0,15,11,6510.24,591.84,32.4,118,0.5416666666666666,0.08268512374350516,0.09090909090082644,276,11.018115942028986,United Kingdom,0
18225,0,22,14,7480.34,534.3100000000001,23.846153846153847,179,0.17647058823529413,0.4278575572767511,0.4285714285408163,304,13.30921052631579,United Kingdom,0
18226,0,35,15,6650.83,443.38866666666667,18.571428571428573,204,0.375,0.6102621778032801,0.59999999996,286,15.444055944055943,United Kingdom,0
18227,0,141,1,295.0,295.0,48.75,1,0.5,0.9999999999966102,0.9999999989999999,1,1.0,United Kingdom,1
18229,0,23,9,3145.81,349.53444444444443,39.75,23,0.0,0.6189216767698561,0.3333333332962963,43,14.209302325581396,United Kingdom,0
18230,0,35,2,1480.8600000000001,740.4300000000001,147.0,42,0.5,0.9999999999993248,0.9999999995,54,12.592592592592593,United Kingdom,0
18231,0,63,23,4782.400000000001,207.93043478260873,12.727272727272727,149,0.041666666666666664,-0.5334016393441507,-0.5652173912797731,260,8.061538461538461,United Kingdom,0
18234,1,208,1,179.6,179.6,48.75,30,0.0,-0.9999999999944321,-0.9999999989999999,30,2.6666666666666665,United Kingdom,1
18236,0,45,6,913.11,152.185,42.6,43,0.0,0.481683477346123,0.6666666665555555,49,5.979591836734694,United Kingdom,0
18238,1,172,1,270.92,270.92,48.75,14,0.0,0.999999999996309,0.9999999989999999,14,8.142857142857142,United Kingdom,1
18239,0,29,2,588.75,294.375,50.0,35,0.0,0.9999999999983015,0.9999999995,37,6.945945945945946,United Kingdom,0
18241,0,72,4,913.9,228.475,67.0,42,0.2,0.5266440529592661,0.499999999875,55,7.636363636363637,United Kingdom,0
18242,0,102,4,1372.72,343.18,83.66666666666667,46,0.0,-0.5448161314757962,-0.499999999875,62,16.193548387096776,United Kingdom,0
18243,1,71,1,515.78,515.78,48.75,26,0.0,0.9999999999980612,0.9999999989999999,26,8.5,United Kingdom,1
18244,1,87,2,568.64,284.32,72.0,19,0.0,0.9999999999982414,0.9999999995,19,45.05263157894737,United Kingdom,0
18245,0,12,14,4123.650000000001,294.54642857142863,21.53846153846154,239,0.125,-0.04819274186702359,0.0,310,11.635483870967741,United Kingdom,0
18246,0,266,1,162.72,162.72,48.75,1,0.0,-0.9999999999938546,-0.9999999989999999,1,48.0,United Kingdom,1
18247,1,71,3,839.73,279.91,107.5,28,0.5,-0.048027342121815295,-0.3333333332222222,37,9.054054054054054,United Kingdom,0
18251,1,102,7,18679.260000000002,2668.4657142857145,31.833333333333332,59,0.0,0.20341705185322095,0.1428571428367347,69,339.04347826086956,United Kingdom,0
18252,0,205,3,525.45,175.15,74.0,16,0.0,-0.9999999999980969,-0.9999999996666666,20,19.15,United Kingdom,0
18253,1,299,1,317.88,317.88,48.75,7,0.0,-0.9999999999968542,-0.9999999989999999,7,18.285714285714285,United Kingdom,1
18254,1,238,1,267.9,267.9,48.75,16,0.0,-0.9999999999962673,-0.9999999989999999,16,11.75,United Kingdom,1
18255,1,113,1,199.85,199.85,48.75,13,0.0,0.9999999999949963,0.9999999989999999,13,9.76923076923077,United Kingdom,1
18256,1,44,1,110.7,110.7,48.75,10,0.5,0.9999999999909666,0.9999999989999999,10,18.0,United Kingdom,1
18257,0,103,4,2262.52,565.63,70.33333333333333,134,0.3333333333333333,-0.20639817548565034,0.0,158,8.405063291139241,United Kingdom,0
18258,1,121,6,2059.67,343.27833333333336,21.4,30,0.25,-0.09688445236368116,0.0,50,39.62,United Kingdom,0
18259,1,23,4,1623.2000000000003,405.80000000000007,104.0,35,0.0,0.6225973385900552,0.499999999875,45,12.88888888888889,United Kingdom,0
18260,0,15,17,7241.2300000000005,425.954705882353,14.0,168,0.2916666666666667,0.7978188788367726,0.6470588234913495,282,12.868794326241135,United Kingdom,0
18262,1,50,2,428.06,214.03,209.0,27,0.0,0.055926739242031655,0.0,29,12.758620689655173,United Kingdom,0
18264,1,155,1,603.25,603.25,48.75,36,0.0,0.9999999999983423,0.9999999989999999,36,6.694444444444445,United Kingdom,1
18266,1,91,1,251.1,251.1,48.75,14,0.0,0.9999999999960175,0.9999999989999999,14,9.857142857142858,United Kingdom,1
18267,1,329,1,269.37,269.37,48.75,17,0.5,-0.9999999999962876,-0.9999999989999999,17,7.9411764705882355,United Kingdom,1
18268,1,248,4,1089.55,272.3875,34.333333333333336,32,0.2,-0.9999999999990822,-0.99999999975,53,10.622641509433961,United Kingdom,0
18269,1,23,1,168.6,168.6,48.75,7,0.5,0.9999999999940689,0.9999999989999999,7,10.857142857142858,United Kingdom,1
18270,0,89,1,161.4,161.4,48.75,6,0.0,0.9999999999938043,0.9999999989999999,6,18.0,United Kingdom,1
18271,1,266,1,488.3,488.3,48.75,12,0.0,-0.9999999999979521,-0.9999999989999999,12,19.166666666666668,United Kingdom,1
18272,0,205,3,1307.4,435.8,48.5,50,0.25,-0.9999999999992352,-0.9999999996666666,60,13.833333333333334,United Kingdom,0
18273,0,247,1,153.0,153.0,48.75,1,0.0,-0.9999999999934641,-0.9999999989999999,1,60.0,United Kingdom,1
18275,1,235,1,369.21000000000004,369.21000000000004,48.75,10,0.0,-0.9999999999972915,-0.9999999989999999,10,19.3,United Kingdom,1
18276,1,49,4,1102.6100000000001,275.65250000000003,68.0,58,0.3333333333333333,0.4541678381291171,0.499999999875,64,13.546875,United Kingdom,0
18277,1,54,4,1069.67,267.4175,32.333333333333336,48,0.3333333333333333,0.9999999999990652,0.99999999975,56,6.803571428571429,United Kingdom,0
18278,1,61,1,240.3,240.3,48.75,15,0.0,0.9999999999958386,0.9999999989999999,15,4.933333333333334,United Kingdom,1
18279,1,176,1,231.33999999999997,231.33999999999997,48.75,13,0.0,0.9999999999956775,0.9999999989999999,13,48.46153846153846,United Kingdom,1
18280,0,51,1,307.55,307.55,48.75,20,0.5,0.9999999999967485,0.9999999989999999,20,7.45,United Kingdom,1
18281,0,234,1,120.32,120.32,48.75,10,0.0,-0.9999999999916888,-0.9999999989999999,10,9.2,United Kingdom,1
18283,0,39,6,619.37,103.22833333333334,54.6,158,0.0,-0.0721216720214538,0.0,217,1.4838709677419355,United Kingdom,0
18284,1,88,1,461.68,461.68,48.75,28,0.5,0.9999999999978341,0.9999999989999999,28,17.642857142857142,United Kingdom,1
18285,1,317,1,427.0,427.0,48.75,12,0.0,-0.9999999999976581,-0.9999999989999999,12,12.083333333333334,United Kingdom,1
18286,1,133,1,833.48,833.48,48.75,50,0.5,0.9999999999988002,0.9999999989999999,50,9.88,United Kingdom,1
18287,0,39,4,2345.71,586.4275,62.666666666666664,77,0.0,0.08632354383104207,0.499999999875,85,16.788235294117648,United Kingdom,0
